IR	Green	Red	Blue	ACCx	ACCy	ACCz	HR_bpm	HRV
11985	61827	19459	37587	0	0	0		
11970	61842	19466	37592	0	0	0		
12009	61815	19451	37615	0	0	0		
11970	61849	19464	37599	0	0	0		
11992	61846	19459	37620	0	0	0		
12004	61859	19461	37604	0	0	0		
12034	61866	19471	37609	0	0	0		
12014	61881	19481	37630	0	0	0		
12030	61876	19471	37622	0	0	0		
12029	61891	19487	37619	0	0	0		
12042	61911	19495	37615	0	0	0		
12065	61912	19501	37618	0	0	0		
12053	61907	19488	37618	0	0	0		
12042	61921	19494	37635	0	0	0		
12052	61920	19460	37630	0	0	0		
12056	61935	19482	37631	0	0	0		
12087	61950	19500	37633	0	0	0		
12076	61967	19503	37658	0	0	0		
12060	61954	19480	37647	0	0	0		
14165	62579	20168	37918	0	0	0		
14183	62576	20159	37897	3532	8808	-14492		
14170	62575	20171	37912	3532	8808	-14492		
14151	62571	20190	37908	3428	8856	-14452		
14124	62569	20151	37895	3428	8856	-14452		
14122	62580	20146	37898	3444	8828	-14544		
14105	62562	20140	37894	3444	8828	-14544		
14104	62564	20130	37883	3580	8772	-14412		
14119	62570	20132	37889	3580	8772	-14412		
14111	62571	20130	37906	3472	8836	-14472		
14119	62563	20136	37899	3472	8836	-14472		
14117	62585	20147	37912	3420	8748	-14448		
14104	62566	20141	37900	3420	8748	-14448		
14113	62585	20130	37902	3376	8832	-14524		
14113	62571	20136	37916	3376	8832	-14524		
14101	62586	20136	37911	3492	8852	-14348		
14095	62590	20134	37909	3492	8852	-14348		
14107	62580	20134	37919	3380	8812	-14424		
14131	62596	20138	37922	3380	8812	-14424		
14102	62585	20110	37924	3584	8736	-14436		
14110	62606	20152	37916	3584	8736	-14436		
14112	62612	20131	37920	3452	8836	-14400		
14093	62628	20130	37915	3452	8836	-14400		
14126	62622	20129	37936	3504	8716	-14548		
14123	62639	20142	37922	3504	8716	-14548		
14118	62637	20147	37939	3480	8772	-14428		
14100	62641	20145	37929	3480	8772	-14428		
14106	62654	20133	37949	3480	8728	-14464		
14095	62645	20143	37934	3480	8728	-14464		
14047	62623	20132	37941	3532	8844	-14424		
14049	62612	20163	37921	3532	8844	-14424		
14050	62589	20138	37926	3600	8868	-14560		
14069	62586	20141	37927	3600	8868	-14560		
14043	62606	20147	37912	3524	8768	-14484		
14030	62587	20112	37930	3524	8768	-14484		
14011	62560	20093	37895	3528	8748	-14416		
14039	62584	20110	37916	3528	8748	-14416		
14031	62576	20087	37898	3412	8752	-14584		
14028	62574	20119	37894	3412	8752	-14584		
14030	62584	20094	37893	3504	8780	-14556		
14010	62546	20105	37895	3504	8780	-14556		
14037	62547	20104	37901	3508	8728	-14556		
14027	62553	20097	37882	3508	8728	-14556		
14011	62549	20090	37883	3520	8700	-14496		
14006	62541	20071	37896	3520	8700	-14496		
14014	62534	20084	37885	3492	8776	-14552		
13999	62536	20095	37872	3492	8776	-14552		
14026	62525	20091	37871	3496	8824	-14312		
14002	62509	20077	37879	3496	8824	-14312		
13988	62517	20076	37885	3396	8836	-14464		
14003	62535	20077	37873	3396	8836	-14464		
14011	62503	20099	37881	3432	8840	-14476		
14010	62528	20077	37881	3432	8840	-14476		
14001	62536	20072	37882	3584	8812	-14520		
14019	62533	20080	37877	3584	8812	-14520		
13993	62542	20069	37886	3364	8752	-14456		
13994	62542	20080	37907	3364	8752	-14456		
14029	62534	20066	37886	3452	8792	-14348		
14030	62556	20091	37888	3452	8792	-14348		
14015	62558	20097	37884	3500	8796	-14548		
13999	62557	20070	37901	3500	8796	-14548		
14030	62571	20080	37904	3564	8800	-14428		
14056	62570	20098	37890	3564	8800	-14428		
14059	62582	20102	37914	3456	8716	-14508		
14026	62590	20067	37907	3456	8716	-14508		
14041	62603	20067	37894	3560	8800	-14428		
14026	62587	20093	37908	3560	8800	-14428		
14017	62596	20111	37915	3504	8824	-14596		
14015	62560	20097	37900	3504	8824	-14596		
14019	62574	20089	37901	3480	8848	-14500		
13982	62531	20083	37889	3480	8848	-14500		
13982	62518	20094	37875	3456	8836	-14388		
13988	62518	20063	37871	3456	8836	-14388		
13962	62506	20063	37866	3380	8744	-14536		
13977	62479	20065	37851	3380	8744	-14536		
13973	62504	20088	37859	3484	8784	-14384		
13999	62499	20055	37856	3484	8784	-14384		
13975	62471	20064	37853	3516	8784	-14452		
13976	62460	20049	37853	3516	8784	-14452		
13974	62455	20055	37851	3516	8788	-14404		
13982	62472	20052	37841	3516	8788	-14404		
13974	62442	20047	37840	3444	8832	-14368		
13971	62450	20053	37832	3444	8832	-14368		
13982	62438	20069	37842	3416	8912	-14524		
13972	62439	20069	37856	3416	8912	-14524		
14030	62425	20069	37834	3544	8708	-14284		
14072	62445	20093	37853	3544	8708	-14284		
14091	62449	20108	37839	3528	8756	-14404		
14129	62445	20121	37840	3528	8756	-14404		
14145	62453	20157	37840	3436	8848	-14440		
14136	62457	20147	37849	3436	8848	-14440		
14173	62460	20153	37837	3356	8876	-14564		
14139	62460	20147	37838	3356	8876	-14564		
14162	62479	20197	37831	3472	8912	-14428		
14186	62483	20195	37851	3472	8912	-14428		
14176	62471	20166	37863	3496	8744	-14424		
14141	62479	20153	37865	3496	8744	-14424		
14205	62485	20171	37874	3456	8740	-14484		
14142	62497	20154	37863	3456	8740	-14484		
14209	62519	20154	37854	3540	8720	-14544		
14176	62515	20173	37881	3540	8720	-14544		
14192	62507	20170	37880	3404	8772	-14456		
14194	62515	20193	37878	3404	8772	-14456		
14241	62524	20196	37865	3440	8784	-14732		
14185	62523	20169	37904	3440	8784	-14732		
14204	62526	20179	37893	3504	8728	-14524		
14184	62520	20209	37893	3504	8728	-14524		
14165	62502	20192	37902	3516	8808	-14360		
14191	62489	20212	37865	3516	8808	-14360		
14199	62492	20224	37863	3484	8756	-14516		
14229	62469	20204	37864	3484	8756	-14516		
14218	62452	20202	37852	3480	8852	-14616		
14200	62456	20214	37859	3480	8852	-14616		
14194	62463	20220	37858	3544	8740	-14556		
14190	62440	20196	37856	3544	8740	-14556		
14201	62456	20219	37844	3396	8752	-14412		
14200	62440	20156	37836	3396	8752	-14412		
14176	62431	20171	37829	3496	8880	-14448		
14175	62433	20170	37844	3496	8880	-14448		
14175	62418	20154	37828	3436	8728	-14396		
14162	62409	20144	37829	3436	8728	-14396		
14102	62398	20115	37829	3492	8776	-14420		
14101	62387	20121	37827	3492	8776	-14420		
14146	62377	20106	37822	3384	8816	-14364		
14136	62376	20125	37815	3384	8816	-14364		
14158	62392	20129	37822	3476	8832	-14412		
14158	62374	20130	37821	3476	8832	-14412		
14166	62354	20151	37823	3404	8680	-14572		
14213	62398	20176	37832	3404	8680	-14572		
14204	62372	20179	37809	3420	8768	-14556		
14208	62391	20168	37827	3420	8768	-14556		
14196	62382	20147	37819	3452	8716	-14624		
14233	62384	20156	37817	3452	8716	-14624		
14221	62404	20165	37824	3480	8808	-14440		
14244	62388	20183	37840	3480	8808	-14440		
14244	62397	20183	37823	3584	8876	-14584		
14261	62412	20191	37824	3584	8876	-14584		
14255	62406	20211	37826	3288	8736	-14444		
14281	62407	20204	37822	3288	8736	-14444		
14277	62401	20203	37811	3436	8848	-14540		
14301	62414	20216	37832	3436	8848	-14540		
14304	62425	20218	37835	3476	8796	-14464		
14284	62419	20230	37833	3476	8796	-14464		
14253	62420	20221	37822	3532	8804	-14400		
14258	62414	20246	37834	3532	8804	-14400		
14253	62410	20247	37830	3396	8812	-14276		
14267	62375	20272	37815	3396	8812	-14276		
14257	62354	20274	37816	3524	8848	-14400		
14267	62345	20279	37810	3524	8848	-14400		
14245	62344	20278	37787	3520	8880	-14532		
14236	62320	20232	37802	3520	8880	-14532		
14214	62287	20262	37780	3548	8840	-14440		
14228	62302	20263	37791	3548	8840	-14440		
14284	62288	20296	37792	3468	8800	-14452		
14262	62299	20293	37773	3468	8800	-14452		
14279	62275	20302	37770	3472	8728	-14344		
14278	62252	20307	37741	3472	8728	-14344		
14270	62262	20334	37750	3464	8732	-14416		
14286	62237	20351	37721	3464	8732	-14416		
14278	62218	20330	37746	3332	8824	-14300		
14303	62235	20329	37730	3332	8824	-14300		
14304	62220	20352	37734	3540	8848	-14412		
14331	62219	20343	37742	3540	8848	-14412		
14317	62208	20354	37721	3512	8804	-14448		
14366	62197	20374	37726	3512	8804	-14448		
14338	62212	20354	37723	3532	8816	-14356		
14358	62213	20398	37733	3532	8816	-14356		
14385	62209	20371	37730	3452	8792	-14408		
14393	62216	20403	37727	3452	8792	-14408		
14393	62217	20415	37750	3468	8876	-14396		
14404	62212	20406	37733	3468	8876	-14396		
14414	62204	20438	37725	3524	8816	-14436		
14467	62202	20443	37722	3524	8816	-14436		
14486	62205	20478	37739	3432	8800	-14464		
14533	62203	20488	37715	3432	8800	-14464		
14516	62199	20511	37723	3492	8852	-14476		
14539	62228	20532	37722	3492	8852	-14476		
14589	62216	20550	37716	3436	8736	-14456		
14614	62239	20599	37717	3436	8736	-14456		
14643	62240	20666	37738	3484	8860	-14492		
14661	62236	20679	37741	3484	8860	-14492		
14666	62251	20692	37723	3272	8808	-14624		
14674	62242	20717	37743	3272	8808	-14624		
14675	62248	20773	37726	3532	8772	-14504		
14677	62218	20841	37734	3532	8772	-14504		
14640	62183	20840	37721	3608	8776	-14476		
14647	62150	20849	37706	3608	8776	-14476		
14630	62143	20840	37682	3496	8832	-14412		
14630	62109	20864	37663	3496	8832	-14412		
14704	62089	20848	37660	3492	8724	-14388		
14649	62063	20855	37649	3492	8724	-14388		
14663	62065	20878	37634	3488	8756	-14468		
14667	62046	20880	37621	3488	8756	-14468		
14706	62047	20930	37641	3408	8744	-14520		
14677	62036	20935	37628	3408	8744	-14520		
14678	62013	20886	37638	3420	8748	-14484		
14686	62017	20913	37617	3420	8748	-14484		
14707	62009	20901	37610	3512	8892	-14440		
14737	62004	20939	37623	3512	8892	-14440		
14739	61988	20939	37604	3452	8852	-14468		
14789	61989	20952	37615	3452	8852	-14468		
14795	61975	20971	37593	3380	8876	-14396		
14845	61993	20989	37609	3380	8876	-14396		
14847	61990	21029	37586	3524	8824	-14548		
14873	61992	21039	37598	3524	8824	-14548		
14913	61982	21095	37610	3416	8788	-14408		
14925	62002	21104	37604	3416	8788	-14408		
14913	61994	21122	37588	3440	8780	-14480		
14920	61983	21110	37609	3440	8780	-14480		
14924	62006	21138	37600	3436	8804	-14540		
14968	62004	21154	37615	3436	8804	-14540		
14934	61998	21152	37594	3424	8772	-14484		
14961	62013	21137	37611	3424	8772	-14484		
14966	62023	21121	37629	3564	8732	-14368		
14983	62021	21102	37610	3564	8732	-14368		
14977	62042	21149	37612	3456	8808	-14468		
15025	62033	21178	37607	3456	8808	-14468		
15039	62045	21193	37618	3452	8780	-14452		
15004	62040	21151	37612	3452	8780	-14452		
14995	62062	21174	37630	3464	8748	-14464		
14996	62083	21164	37639	3464	8748	-14464		
14974	62077	21157	37640	3460	8864	-14436		
14953	62078	21142	37627	3460	8864	-14436		
14923	62092	21113	37645	3452	8792	-14172		
14925	62060	21141	37645	3452	8792	-14172		
14929	62051	21193	37629	3428	8940	-14428		
14934	62021	21159	37603	3428	8940	-14428		
14938	62006	21152	37637	3412	8788	-14372		
14917	61998	21141	37608	3412	8788	-14372		
14903	61969	21118	37597	3576	8776	-14344		
14877	61972	21110	37594	3576	8776	-14344		
14914	61971	21096	37606	3392	8820	-14452		
14917	61962	21096	37595	3392	8820	-14452		
14959	61972	21116	37606	3608	8860	-14440		
14952	61977	21102	37594	3608	8860	-14440		
14960	61977	21136	37588	3540	8856	-14412		
14992	61954	21147	37596	3540	8856	-14412		
15017	61974	21168	37582	3456	8864	-14428		
14996	61958	21157	37603	3456	8864	-14428		
14956	61956	21137	37589	3460	8928	-14368		
14965	61948	21132	37600	3460	8928	-14368		
14943	61970	21110	37592	3500	8840	-14404		
14931	61948	21129	37592	3500	8840	-14404		
15005	61952	21134	37604	3312	8840	-14372		
15001	61937	21148	37604	3312	8840	-14372		
15004	61957	21130	37590	3420	8920	-14436		
15008	61946	21157	37601	3420	8920	-14436		
15013	61990	21148	37624	3484	8900	-14276		
15033	61967	21131	37608	3484	8900	-14276		
15035	61993	21133	37601	3408	8776	-14372		
14988	61974	21129	37608	3408	8776	-14372		
14981	62002	21084	37606	3384	8828	-14328		
14967	62004	21090	37603	3384	8828	-14328		
14987	61994	21106	37624	3512	8892	-14364		
15010	62002	21094	37620	3512	8892	-14364		
14994	62018	21128	37652	3532	8900	-14464		
15045	62019	21121	37627	3532	8900	-14464		
15041	62035	21102	37630	3524	8872	-14408		
15034	62055	21124	37639	3524	8872	-14408		
15070	62025	21127	37633	3428	8868	-14452		
15055	62050	21160	37657	3428	8868	-14452		
15060	62077	21140	37665	3408	8872	-14252		
15108	62081	21154	37651	3408	8872	-14252		
15140	62099	21169	37668	3396	8872	-14336		
15111	62098	21175	37689	3396	8872	-14336		
15117	62143	21192	37678	3400	8808	-14436		
15082	62115	21183	37688	3400	8808	-14436		
15072	62107	21175	37668	3480	8848	-14520		
15077	62097	21162	37671	3480	8848	-14520		
15058	62087	21182	37647	3444	8896	-14264		
15123	62082	21203	37680	3444	8896	-14264		
15107	62062	21196	37667	3532	8884	-14300		
15124	62087	21190	37673	3532	8884	-14300		
15156	62058	21220	37667	3440	8860	-14364		
15195	62069	21241	37667	3440	8860	-14364		
15236	62071	21302	37658	3464	8912	-14548		
15300	62072	21315	37645	3464	8912	-14548		
15332	62077	21395	37669	3444	8920	-14368		
15397	62085	21476	37686	3444	8920	-14368		
15429	62102	21561	37676	3408	8836	-14368		
15475	62101	21623	37673	3408	8836	-14368		
15538	62123	21692	37686	3392	8776	-14520		
15580	62118	21703	37696	3392	8776	-14520		
15608	62146	21734	37696	3436	8840	-14352		
15651	62172	21783	37701	3436	8840	-14352		
15649	62184	21785	37744	3508	8928	-14456		
15651	62183	21757	37712	3508	8928	-14456		
15653	62186	21776	37715	3452	8836	-14272		
15679	62203	21797	37724	3452	8836	-14272		
15712	62223	21825	37717	3428	8884	-14352		
15683	62199	21815	37710	3428	8884	-14352		
15682	62221	21830	37723	3408	8960	-14556		
15616	62220	21821	37728	3408	8960	-14556		
15538	62213	21785	37716	3464	8752	-14440		
15509	62226	21754	37722	3464	8752	-14440		
15418	62232	21684	37729	3480	8772	-14460		
15337	62237	21627	37732	3480	8772	-14460		
15293	62253	21564	37739	3492	8876	-14356		
15169	62238	21450	37714	3492	8876	-14356		
15044	62223	21331	37729	3376	8892	-14464		
14961	62216	21217	37706	3376	8892	-14464		
14793	62188	21039	37677	3372	8856	-14428		
14616	62155	20868	37679	3372	8856	-14428		
14512	62128	20744	37654	3576	8888	-14408		
14435	62133	20648	37665	3576	8888	-14408		
14448	62148	20682	37679	3468	8872	-14332		
14513	62142	20811	37690	3468	8872	-14332		
14580	62162	20900	37680	3444	8856	-14436		
14614	62120	20995	37677	3444	8856	-14436		
14639	62118	21005	37677	3388	8884	-14368		
14678	62099	21030	37693	3388	8884	-14368		
14697	62124	21078	37670	3340	8864	-14364		
14746	62096	21139	37676	3340	8864	-14364		
14741	62120	21151	37686	3548	8920	-14488		
14742	62085	21155	37681	3548	8920	-14488		
14718	62100	21177	37666	3512	8856	-14364		
14753	62109	21155	37670	3512	8856	-14364		
14748	62096	21178	37668	3472	8924	-14280		
14767	62113	21168	37675	3472	8924	-14280		
14747	62105	21195	37703	3492	8868	-14492		
14772	62111	21197	37686	3492	8868	-14492		
14766	62099	21175	37667	3508	8880	-14284		
14743	62104	21207	37679	3508	8880	-14284		
14723	62086	21166	37674	3540	8832	-14400		
14694	62096	21137	37674	3540	8832	-14400		
14707	62096	21147	37687	3496	8868	-14364		
14691	62090	21136	37683	3496	8868	-14364		
14690	62101	21113	37700	3444	8776	-14208		
14672	62111	21117	37697	3444	8776	-14208		
14655	62112	21096	37693	3464	8788	-14232		
14666	62116	21054	37695	3464	8788	-14232		
14629	62114	21038	37692	3532	8864	-14356		
14637	62133	21029	37707	3532	8864	-14356		
14653	62131	21023	37726	3548	8884	-14328		
14661	62162	20985	37719	3548	8884	-14328		
14646	62150	20964	37717	3464	8848	-14404		
14638	62155	20964	37724	3464	8848	-14404		
14640	62169	20959	37735	3436	8940	-14436		
14664	62178	20937	37744	3436	8940	-14436		
14657	62194	20921	37755	3520	8904	-14396		
14647	62203	20892	37774	3520	8904	-14396		
14649	62203	20847	37754	3488	8864	-14368		
14600	62202	20829	37767	3488	8864	-14368		
14576	62214	20796	37766	3488	8964	-14572		
14579	62234	20782	37774	3488	8964	-14572		
14567	62243	20736	37777	3516	8972	-14452		
14543	62260	20714	37794	3516	8972	-14452		
14550	62267	20729	37796	3464	8876	-14432		
14536	62246	20763	37777	3464	8876	-14432		
14534	62243	20762	37781	3420	8868	-14316		
14533	62229	20734	37788	3420	8868	-14316		
14522	62234	20715	37778	3492	8884	-14372		
14525	62194	20735	37773	3492	8884	-14372		
14511	62198	20750	37763	3528	8932	-14320		
14528	62186	20770	37774	3528	8932	-14320		
14522	62186	20760	37769	3444	8712	-14220		
14545	62188	20763	37770	3444	8712	-14220		
14549	62191	20777	37768	3436	8844	-14428		
14531	62195	20756	37759	3436	8844	-14428		
14514	62189	20741	37765	3524	8976	-14332		
14483	62173	20749	37769	3524	8976	-14332		
14478	62166	20733	37755	3424	8836	-14388		
14516	62164	20749	37733	3424	8836	-14388		
14495	62170	20762	37754	3420	8948	-14380		
14508	62158	20778	37765	3420	8948	-14380		
14563	62166	20784	37741	3480	8780	-14500		
14568	62171	20772	37761	3480	8780	-14500		
14584	62180	20820	37771	3476	8848	-14284		
14605	62181	20866	37765	3476	8848	-14284		
14624	62199	20893	37778	3444	8800	-14416		
14617	62187	20906	37762	3444	8800	-14416		
14670	62184	20924	37761	3512	8788	-14372		
14690	62200	20949	37760	3512	8788	-14372		
14702	62197	20977	37755	3392	8896	-14772		
14686	62218	20961	37762	3392	8896	-14772		
14662	62211	20965	37792	3488	9052	-14228		
14726	62249	20977	37769	3488	9052	-14228		
14712	62241	20999	37784	3440	8844	-14220		
14734	62242	20992	37818	3440	8844	-14220		
14741	62263	20986	37803	3532	8872	-14364		
14761	62265	20971	37802	3532	8872	-14364		
14763	62274	20994	37795	3512	8960	-14256		
14770	62276	20957	37807	3512	8960	-14256		
14735	62277	20962	37806	3520	8892	-14432		
14721	62300	20929	37818	3520	8892	-14432		
14710	62305	20908	37824	3480	8896	-14328		
14692	62312	20883	37816	3480	8896	-14328		
14699	62327	20885	37832	3432	8880	-14328		
14675	62320	20880	37837	3432	8880	-14328		
14712	62332	20918	37840	3540	8880	-14340		
14710	62329	20908	37864	3540	8880	-14340		
14693	62315	20886	37857	3480	8836	-14472		
14686	62308	20862	37836	3480	8836	-14472		
14695	62298	20838	37836	3448	8756	-14576		
14641	62294	20765	37840	3448	8756	-14576		
14610	62274	20714	37842	3440	8828	-14508		
14584	62276	20714	37838	3440	8828	-14508		
14560	62294	20714	37825	3592	8464	-14464		
14538	62273	20713	37858	3592	8464	-14464		
14588	62299	20711	37839	3576	8840	-14588		
14583	62303	20736	37848	3576	8840	-14588		
14591	62308	20760	37851	3432	8748	-14428		
14608	62298	20759	37848	3432	8748	-14428		
14615	62309	20766	37847	3432	8824	-14392		
14571	62290	20714	37851	3432	8824	-14392		
14572	62280	20693	37838	3384	8764	-14352		
14548	62290	20672	37848	3384	8764	-14352		
14526	62302	20625	37844	3448	8812	-14340		
14493	62293	20618	37854	3448	8812	-14340		
14520	62296	20639	37841	3420	8860	-14492		
14533	62302	20677	37854	3420	8860	-14492		
14538	62294	20661	37862	3456	8916	-14468		
14562	62297	20659	37862	3456	8916	-14468		
14515	62307	20624	37870	3372	8952	-14392		
14528	62306	20587	37871	3372	8952	-14392		
14536	62328	20596	37873	3372	8872	-14508		
14534	62337	20610	37884	3372	8872	-14508		
14535	62361	20607	37883	3424	8888	-14288		
14544	62338	20607	37883	3424	8888	-14288		
14571	62362	20626	37872	3364	8828	-14364		
14583	62366	20638	37900	3364	8828	-14364		
14611	62376	20637	37912	3476	8920	-14156		
14607	62369	20649	37919	3476	8920	-14156		
14571	62388	20613	37907	3472	8828	-14348		
14596	62395	20648	37917	3472	8828	-14348		
14623	62430	20667	37925	3444	8836	-14464		
14629	62418	20653	37927	3444	8836	-14464		
14623	62424	20674	37938	3444	8836	-14480		
14642	62440	20718	37937	3444	8836	-14480		
14644	62428	20699	37944	3388	9024	-14412		
14656	62414	20714	37941	3388	9024	-14412	74.59	175.1
14671	62436	20753	37936	3520	8864	-14272	74.59	175.1
14738	62411	20760	37933	3520	8864	-14272	74.59	175.1
14728	62409	20779	37950	3260	8912	-14480	74.59	175.1
14720	62407	20758	37932	3260	8912	-14480	74.59	175.1
14730	62404	20749	37948	3408	8912	-14376	74.59	175.1
14726	62401	20748	37924	3408	8912	-14376	74.59	175.1
14764	62397	20755	37967	3420	8924	-14436	74.59	175.1
14762	62408	20754	37944	3420	8924	-14436	74.59	175.1
14747	62418	20748	37935	3504	8868	-14420	74.59	175.1
14757	62428	20768	37935	3504	8868	-14420	74.59	175.1
14779	62408	20788	37934	3460	8852	-14440	74.59	175.1
14770	62409	20786	37943	3460	8852	-14440	74.59	175.1
14766	62416	20763	37945	3436	9052	-14220	74.59	175.1
14742	62388	20782	37958	3436	9052	-14220	74.59	175.1
14729	62389	20758	37950	3404	8892	-14636	74.59	175.1
14742	62406	20768	37957	3404	8892	-14636	74.59	175.1
14766	62409	20760	37953	3500	8988	-14288	74.59	175.1
14777	62395	20733	37941	3500	8988	-14288	74.59	175.1
14767	62426	20740	37948	3412	8876	-14348	74.59	175.1
14777	62424	20762	37945	3412	8876	-14348	74.59	175.1
14784	62426	20779	37954	3444	8828	-14468	74.59	175.1
14802	62411	20783	37958	3444	8828	-14468	74.59	175.1
14803	62426	20773	37950	3428	8956	-14384	74.59	175.1
14801	62435	20794	37958	3428	8956	-14384	74.59	175.1
14793	62430	20795	37969	3304	8788	-14388	74.59	175.1
14821	62426	20811	37966	3304	8788	-14388	74.59	175.1
14824	62438	20810	37963	3436	8860	-14388	74.59	175.1
14803	62450	20780	37987	3436	8860	-14388	74.59	175.1
14798	62431	20783	37977	3420	8876	-14268	74.59	175.1
14787	62468	20787	37994	3420	8876	-14268	74.59	175.1
14796	62476	20786	37970	3420	8880	-14336	74.59	175.1
14805	62468	20789	37997	3420	8880	-14336	74.59	175.1
14824	62484	20762	38006	3260	8992	-14480	74.59	175.1
14839	62500	20807	38027	3260	8992	-14480	74.59	175.1
14865	62503	20833	37983	3432	8876	-14284	74.59	175.1
14847	62502	20853	38019	3432	8876	-14284	74.59	175.1
14846	62479	20882	38022	3384	8988	-14364	74.59	175.1
14829	62489	20888	38028	3384	8988	-14364	74.59	175.1
14837	62477	20878	37996	3348	8928	-14520	74.59	175.1
14824	62456	20880	38011	3348	8928	-14520	74.59	175.1
14797	62470	20861	37985	3260	8984	-14460	74.59	175.1
14814	62452	20850	38006	3260	8984	-14460	74.59	175.1
14778	62435	20829	38003	3428	9012	-14628	74.59	175.1
14802	62442	20855	37986	3428	9012	-14628	74.59	175.1
14779	62437	20859	38000	3404	8936	-14424	74.59	175.1
14771	62430	20856	37995	3404	8936	-14424	74.59	175.1
14741	62428	20842	37988	3512	8888	-14320	74.59	175.1
14755	62427	20826	37992	3512	8888	-14320	74.59	175.1
14726	62418	20813	37980	3444	8868	-14268	74.59	175.1
14732	62406	20787	37994	3444	8868	-14268	74.59	176.4
14708	62365	20772	37989	3384	8896	-14380	74.59	176.4
14639	62388	20772	37985	3384	8896	-14380	74.59	176.4
14644	62388	20767	37957	3388	8944	-14328	74.59	176.4
14644	62372	20786	37982	3388	8944	-14328	74.59	176.4
14653	62378	20777	37967	3456	8916	-14432	74.59	176.4
14628	62370	20775	37983	3456	8916	-14432	74.59	176.4
14667	62363	20794	37966	3412	8916	-14312	74.59	176.4
14689	62381	20823	37986	3412	8916	-14312	74.59	176.4
14696	62382	20836	37985	3388	8908	-14416	74.59	176.4
14711	62387	20812	38000	3388	8908	-14416	74.59	176.4
14688	62364	20859	37977	3444	8960	-14432	74.59	176.4
14695	62361	20848	37990	3444	8960	-14432	74.59	176.4
14724	62372	20854	37986	3408	8852	-14368	74.59	176.4
14752	62382	20864	38004	3408	8852	-14368	74.59	176.4
14713	62380	20844	37984	3336	8912	-14344	74.59	176.4
14721	62399	20854	37990	3336	8912	-14344	74.59	176.4
14749	62389	20885	37995	3412	8856	-14476	74.59	176.4
14738	62390	20900	37992	3412	8856	-14476	74.59	176.4
14772	62398	20929	37998	3424	8920	-14272	74.59	176.4
14737	62392	20918	38001	3424	8920	-14272	74.59	176.4
14758	62399	20961	38006	3440	8988	-14264	74.59	176.4
14743	62368	20971	38015	3440	8988	-14264	74.59	176.4
14783	62349	20986	37983	3420	8896	-14600	74.59	176.4
14751	62335	20980	37990	3420	8896	-14600	74.59	176.4
14736	62320	20980	37971	3360	8868	-14368	74.59	176.4
14731	62287	21008	37961	3360	8868	-14368	74.59	176.4
14730	62290	21033	37961	3368	8948	-14220	74.59	176.4
14738	62255	21004	37949	3368	8948	-14220	74.59	176.4
14756	62255	21021	37962	3420	9008	-14328	74.59	176.4
14746	62247	21032	37935	3420	9008	-14328	74.59	176.4
14726	62215	21054	37912	3360	8908	-14224	74.59	176.4
14732	62202	21020	37918	3360	8908	-14224	74.59	176.4
14743	62198	21040	37943	3316	9068	-14348	74.59	176.4
14696	62210	21028	37922	3316	9068	-14348	74.59	176.4
14729	62181	21002	37910	3360	9008	-14200	74.59	176.4
14708	62194	21042	37907	3360	9008	-14200	74.59	176.4
14710	62162	21012	37892	3384	8928	-14232	74.59	176.4
14676	62139	20983	37881	3384	8928	-14232	74.59	176.4
14685	62141	20986	37908	3284	8936	-14480	74.59	176.4
14684	62142	21020	37912	3284	8936	-14480	74.59	176.4
14713	62138	21022	37894	3288	8952	-14524	74.59	176.4
14726	62151	21020	37901	3288	8952	-14524	74.59	176.4
14742	62143	20998	37887	3448	8964	-14308	74.59	176.4
14717	62135	21012	37897	3448	8964	-14308	74.59	176.4
14712	62167	21027	37898	3472	8928	-14296	74.59	176.4
14746	62137	21016	37908	3472	8928	-14296	74.59	176.4
14727	62158	21050	37890	3328	8972	-14288	74.59	176.4
14719	62152	21034	37917	3328	8972	-14288	74.59	176.4
14759	62135	21034	37884	3452	8872	-14436	74.59	176.4
14762	62142	21029	37901	3452	8872	-14436	75.42	179.6
14742	62153	21031	37927	3472	8896	-14408	75.42	179.6
14778	62158	21045	37909	3472	8896	-14408	75.42	179.6
14771	62151	21030	37917	3436	8952	-14284	75.42	179.6
14812	62176	21045	37911	3436	8952	-14284	75.42	179.6
14815	62176	21081	37901	3340	8948	-14400	75.42	179.6
14805	62182	21067	37918	3340	8948	-14400	75.42	179.6
14768	62182	21052	37937	3448	8856	-14380	75.42	179.6
14777	62183	21044	37939	3448	8856	-14380	75.42	179.6
14790	62167	21060	37929	3420	8924	-14368	75.42	179.6
14783	62158	21091	37918	3420	8924	-14368	75.42	179.6
14760	62133	21113	37918	3308	8860	-14340	75.42	179.6
14736	62092	21120	37915	3308	8860	-14340	75.42	179.6
14740	62081	21094	37903	3292	8904	-14572	75.42	179.6
14740	62061	21073	37877	3292	8904	-14572	75.42	179.6
14721	62030	21060	37873	3304	8960	-14236	75.42	179.6
14712	62028	21057	37873	3304	8960	-14236	75.42	179.6
14681	62025	21047	37856	3324	8888	-14376	75.42	179.6
14693	61979	21036	37837	3324	8888	-14376	75.42	179.6
14704	61982	21034	37848	3516	8904	-14232	75.42	179.6
14702	61964	21054	37844	3516	8904	-14232	75.42	179.6
14663	61957	21009	37832	3408	8920	-14260	75.42	179.6
14645	61938	20995	37833	3408	8920	-14260	75.42	179.6
14650	61923	21010	37822	3332	8900	-14524	75.42	179.6
14667	61918	21021	37805	3332	8900	-14524	75.42	179.6
14650	61902	21020	37814	3372	8980	-14384	75.42	179.6
14640	61877	21006	37814	3372	8980	-14384	75.42	179.6
14631	61877	20983	37816	3468	8852	-14296	75.42	179.6
14636	61888	21003	37805	3468	8852	-14296	75.42	179.6
14625	61916	20993	37820	3308	8848	-14276	75.42	179.6
14644	61882	20986	37806	3308	8848	-14276	75.42	179.6
14631	61883	20975	37812	3368	9072	-14288	75.42	179.6
14647	61885	20971	37812	3368	9072	-14288	75.42	179.6
14646	61893	20978	37806	3312	8924	-14276	75.42	179.6
14662	61877	20995	37807	3312	8924	-14276	75.42	179.6
14675	61896	20991	37814	3352	9056	-14436	75.42	179.6
14679	61897	21012	37807	3352	9056	-14436	75.42	179.6
14690	61878	21017	37810	3356	8900	-14400	75.42	179.6
14661	61894	21026	37822	3356	8900	-14400	75.42	179.6
14700	61918	20999	37813	3364	8948	-14464	75.42	179.6
14686	61911	21023	37838	3364	8948	-14464	75.42	179.6
14715	61921	21001	37814	3360	8920	-14244	75.42	179.6
14702	61908	21020	37826	3360	8920	-14244	75.42	179.6
14720	61917	21019	37823	3380	8984	-14396	75.42	179.6
14697	61940	21041	37839	3380	8984	-14396	75.42	179.6
14716	61934	21042	37804	3332	8912	-14468	75.42	179.6
14709	61924	21033	37837	3332	8912	-14468	75.42	179.6
14732	61940	21061	37847	3392	8956	-14304	75.42	179.6
14762	61964	21074	37842	3392	8956	-14304	75.42	179.6
14703	61958	21066	37845	3352	8860	-14360	75.42	179.6
14707	61937	21087	37842	3352	8860	-14360	75.63	181.7
14712	61921	21107	37834	3352	8892	-14368	75.63	181.7
14719	61911	21145	37825	3352	8892	-14368	75.63	181.7
14719	61868	21138	37827	3400	8936	-14356	75.63	181.7
14710	61852	21127	37802	3400	8936	-14356	75.63	181.7
14706	61814	21117	37816	3372	8924	-14472	75.63	181.7
14673	61788	21101	37780	3372	8924	-14472	75.63	181.7
14674	61786	21081	37791	3396	8900	-14356	75.63	181.7
14678	61766	21104	37789	3396	8900	-14356	75.63	181.7
14669	61743	21103	37769	3408	8952	-14304	75.63	181.7
14684	61763	21089	37769	3408	8952	-14304	75.63	181.7
14671	61766	21090	37765	3348	8924	-14452	75.63	181.7
14648	61731	21045	37747	3348	8924	-14452	75.63	181.7
14642	61760	21026	37764	3440	8868	-14412	75.63	181.7
14618	61720	21013	37764	3440	8868	-14412	75.63	181.7
14632	61706	21013	37749	3348	8944	-14280	75.63	181.7
14627	61704	20999	37770	3348	8944	-14280	75.63	181.7
14614	61710	20964	37747	3424	8916	-14520	75.63	181.7
14582	61719	20951	37766	3424	8916	-14520	75.63	181.7
14595	61694	20961	37742	3424	9004	-14384	75.63	181.7
14613	61696	20952	37760	3424	9004	-14384	75.63	181.7
14642	61703	20967	37753	3396	8916	-14304	75.63	181.7
14641	61690	20958	37765	3396	8916	-14304	75.63	181.7
14618	61734	20969	37771	3444	8876	-14372	75.63	181.7
14639	61715	20967	37761	3444	8876	-14372	75.63	181.7
14638	61712	20952	37767	3328	8876	-14468	75.63	181.7
14633	61716	20940	37766	3328	8876	-14468	75.63	181.7
14660	61740	20951	37781	3440	8952	-14476	75.63	181.7
14665	61746	20926	37778	3440	8952	-14476	75.63	181.7
14630	61745	20924	37789	3368	8904	-14336	75.63	181.7
14614	61762	20910	37784	3368	8904	-14336	75.63	181.7
14622	61777	20896	37773	3480	9024	-14208	75.63	181.7
14627	61765	20892	37787	3480	9024	-14208	75.63	181.7
14645	61766	20890	37786	3380	8928	-14160	75.63	181.7
14633	61780	20874	37793	3380	8928	-14160	75.63	181.7
14636	61807	20877	37805	3348	9008	-14284	75.63	181.7
14649	61809	20863	37800	3348	9008	-14284	75.63	181.7
14642	61814	20851	37811	3472	8924	-14228	75.63	181.7
14637	61822	20849	37824	3472	8924	-14228	75.63	181.7
14644	61830	20843	37828	3376	8864	-14328	75.63	181.7
14637	61854	20859	37834	3376	8864	-14328	75.63	181.7
14614	61858	20824	37835	3488	8876	-14424	75.63	181.7
14654	61878	20837	37836	3488	8876	-14424	75.63	181.7
14638	61845	20898	37839	3408	8964	-14364	75.63	181.7
14635	61858	20923	37842	3408	8964	-14364	75.63	181.7
14655	61844	20917	37830	3384	8876	-14352	75.63	181.7
14650	61817	20918	37832	3384	8876	-14352	75.63	181.7
14667	61817	20915	37817	3340	8972	-14196	75.63	181.7
14660	61791	20894	37816	3340	8972	-14196	75.63	181.7
14643	61768	20884	37816	3432	9044	-14332	75.63	181.7
14656	61773	20892	37807	3432	9044	-14332	75.42	177.6
14669	61759	20877	37819	3428	8876	-14376	75.42	177.6
14677	61792	20912	37830	3428	8876	-14376	75.42	177.6
14664	61775	20902	37810	3456	8968	-14404	75.42	177.6
14646	61775	20897	37787	3456	8968	-14404	75.42	177.6
14645	61765	20934	37810	3436	8864	-14172	75.42	177.6
14655	61749	20947	37811	3436	8864	-14172	75.42	177.6
14657	61759	20931	37810	3412	8944	-14400	75.42	177.6
14668	61756	20909	37800	3412	8944	-14400	75.42	177.6
14659	61747	20912	37801	3364	8984	-14484	75.42	177.6
14641	61738	20927	37792	3364	8984	-14484	75.42	177.6
14661	61740	20924	37798	3348	8884	-14488	75.42	177.6
14632	61733	20922	37797	3348	8884	-14488	75.42	177.6
14665	61755	20945	37791	3404	8972	-14364	75.42	177.6
14645	61739	20919	37813	3404	8972	-14364	75.42	177.6
14635	61772	20918	37811	3400	9012	-14332	75.42	177.6
14677	61757	20980	37802	3400	9012	-14332	75.42	177.6
14672	61769	20946	37809	3288	8892	-14468	75.42	177.6
14665	61768	20954	37809	3288	8892	-14468	75.42	177.6
14671	61797	20965	37821	3460	9016	-14600	75.42	177.6
14641	61792	20954	37818	3460	9016	-14600	75.42	177.6
14657	61789	20957	37810	3360	8920	-14424	75.42	177.6
14669	61785	20944	37817	3360	8920	-14424	75.42	177.6
14635	61811	20966	37824	3440	8904	-14280	75.42	177.6
14688	61836	20970	37830	3440	8904	-14280	75.42	177.6
14659	61815	20990	37819	3392	8980	-14292	75.42	177.6
14690	61837	21001	37823	3392	8980	-14292	75.42	177.6
14670	61851	21015	37854	3404	8952	-14276	75.42	177.6
14673	61872	21038	37848	3404	8952	-14276	75.42	177.6
14700	61854	21016	37852	3380	8856	-14288	75.42	177.6
14682	61884	21044	37857	3380	8856	-14288	75.42	177.6
14715	61877	21021	37873	3424	8916	-14384	75.42	177.6
14719	61908	21038	37867	3424	8916	-14384	75.42	177.6
14720	61913	21054	37881	3344	8968	-14428	75.42	177.6
14717	61910	21089	37884	3344	8968	-14428	75.42	177.6
14692	61910	21101	37866	3484	8920	-14428	75.42	177.6
14732	61903	21118	37875	3484	8920	-14428	75.42	177.6
14711	61900	21133	37876	3384	8940	-14332	75.42	177.6
14725	61876	21114	37865	3384	8940	-14332	75.42	177.6
14699	61851	21134	37873	3400	8872	-14368	75.42	177.6
14701	61869	21102	37835	3400	8872	-14368	75.42	177.6
14650	61836	21080	37840	3424	8980	-14416	75.42	177.6
14661	61850	21079	37855	3424	8980	-14416	75.42	177.6
14679	61861	21081	37854	3444	8916	-14532	75.42	177.6
14671	61845	21084	37850	3444	8916	-14532	75.42	177.6
14658	61859	21109	37849	3520	9048	-14376	75.42	177.6
14642	61838	21062	37855	3520	9048	-14376	75.42	177.6
14616	61829	21063	37846	3392	8940	-14264	75.42	177.6
14642	61840	21080	37858	3392	8940	-14264	75.42	177.6
14593	61834	21057	37850	3420	8876	-14424	75.42	177.6
14597	61840	21059	37845	3420	8876	-14424	73.62	80.0
14591	61834	21044	37846	3428	8952	-14332	73.62	80.0
14572	61828	21041	37840	3428	8952	-14332	73.62	80.0
14566	61837	21020	37839	3348	8916	-14336	73.62	80.0
14591	61859	21039	37844	3348	8916	-14336	73.62	80.0
14591	61840	21024	37852	3396	8860	-14384	73.62	80.0
14618	61858	21073	37863	3396	8860	-14384	73.62	80.0
14636	61868	21069	37856	3436	8864	-14436	73.62	80.0
14624	61857	21061	37871	3436	8864	-14436	73.62	80.0
14633	61877	21079	37882	3432	8892	-14360	73.62	80.0
14618	61889	21080	37871	3432	8892	-14360	73.62	80.0
14633	61905	21090	37877	3428	8916	-14388	73.62	80.0
14619	61906	21080	37899	3428	8916	-14388	73.62	80.0
14627	61922	21070	37905	3468	8936	-14308	73.62	80.0
14632	61947	21046	37899	3468	8936	-14308	73.62	80.0
14625	61948	21054	37899	3352	8928	-14400	73.62	80.0
14635	61942	21053	37904	3352	8928	-14400	73.62	80.0
14597	61963	21047	37908	3384	8936	-14328	73.62	80.0
14638	61975	21048	37890	3384	8936	-14328	73.62	80.0
14646	62007	21075	37936	3468	8944	-14360	73.62	80.0
14639	62006	21052	37926	3468	8944	-14360	73.62	80.0
14650	62019	21063	37935	3468	9008	-14468	73.62	80.0
14652	62029	21056	37929	3468	9008	-14468	73.62	80.0
14658	62037	21063	37969	3484	8812	-14468	73.62	80.0
14639	62058	21075	37950	3484	8812	-14468	73.62	80.0
14655	62061	21085	37971	3444	9004	-14272	73.62	80.0
14654	62075	21100	37956	3444	9004	-14272	73.62	80.0
14647	62052	21149	37970	3500	8980	-14376	73.62	80.0
14658	62044	21117	37959	3500	8980	-14376	73.62	80.0
14664	62055	21139	37945	3436	8876	-14360	73.62	80.0
14638	62013	21097	37969	3436	8876	-14360	73.62	80.0
14638	62019	21095	37964	3332	8836	-14508	73.62	80.0
14633	62010	21101	37964	3332	8836	-14508	73.62	80.0
14640	62006	21105	37930	3312	8860	-14332	73.62	80.0
14606	61999	21092	37950	3312	8860	-14332	73.62	80.0
14658	62009	21120	37953	3324	8920	-14356	73.62	80.0
14644	62021	21175	37952	3324	8920	-14356	73.62	80.0
14666	62007	21155	37954	3468	9032	-14376	73.62	80.0
14662	61996	21162	37944	3468	9032	-14376	73.62	80.0
14659	62012	21174	37955	3500	8900	-14248	73.62	80.0
14697	62012	21176	37946	3500	8900	-14248	73.62	80.0
14682	62006	21179	37932	3428	8944	-14440	73.62	80.0
14627	62023	21174	37966	3428	8944	-14440	73.62	80.0
14656	62003	21147	37933	3464	9008	-14276	73.62	80.0
14598	61999	21112	37956	3464	9008	-14276	73.62	80.0
14607	62007	21110	37957	3416	8960	-14332	73.62	80.0
14602	62016	21111	37954	3416	8960	-14332	73.62	80.0
14614	62036	21126	37954	3424	8936	-14372	73.62	80.0
14676	62030	21150	37977	3424	8936	-14372	73.62	80.0
14636	62025	21135	37956	3400	8940	-14260	73.62	80.0
14633	62056	21133	37971	3400	8940	-14260	75.42	47.4
14655	62056	21118	37990	3392	8972	-14284	75.42	47.4
14674	62073	21139	37978	3392	8972	-14284	75.42	47.4
14663	62074	21121	37995	3496	8952	-14340	75.42	47.4
14677	62111	21131	37998	3496	8952	-14340	75.42	47.4
14653	62132	21145	38010	3316	8920	-14384	75.42	47.4
14637	62124	21121	37990	3316	8920	-14384	75.42	47.4
14672	62143	21122	38016	3356	8972	-14204	75.42	47.4
14687	62149	21132	38016	3356	8972	-14204	75.42	47.4
14706	62178	21109	38027	3376	8908	-14404	75.42	47.4
14699	62162	21140	38030	3376	8908	-14404	75.42	47.4
14703	62207	21138	38029	3336	9000	-14240	75.42	47.4
14720	62200	21120	38065	3336	9000	-14240	75.42	47.4
14712	62214	21110	38055	3352	9100	-14396	75.42	47.4
14721	62213	21134	38045	3352	9100	-14396	75.42	47.4
14757	62232	21130	38062	3468	8944	-14420	75.42	47.4
14742	62254	21146	38073	3468	8944	-14420	75.42	47.4
14758	62257	21163	38081	3308	9016	-14320	75.42	47.4
14762	62242	21182	38067	3308	9016	-14320	75.42	47.4
14759	62250	21200	38055	3336	8944	-14436	75.42	47.4
14763	62227	21203	38075	3336	8944	-14436	75.42	47.4
14782	62230	21214	38083	3376	9028	-14304	75.42	47.4
14770	62235	21223	38073	3376	9028	-14304	75.42	47.4
14763	62235	21215	38063	3384	8924	-14200	75.42	47.4
14772	62227	21205	38095	3384	8924	-14200	75.42	47.4
14773	62225	21191	38079	3416	8920	-14368	75.42	47.4
14754	62229	21220	38083	3416	8920	-14368	75.42	47.4
14747	62242	21217	38084	3360	8932	-14236	75.42	47.4
14755	62234	21175	38084	3360	8932	-14236	75.42	47.4
14753	62243	21159	38103	3484	8980	-14256	75.42	47.4
14744	62247	21159	38091	3484	8980	-14256	75.42	47.4
14721	62262	21152	38100	3476	9008	-14324	75.42	47.4
14708	62270	21149	38089	3476	9008	-14324	75.42	47.4
14735	62267	21115	38121	3464	8972	-14328	75.42	47.4
14700	62259	21138	38094	3464	8972	-14328	75.42	47.4
14701	62246	21132	38092	3452	8956	-14360	75.42	47.4
14714	62275	21115	38099	3452	8956	-14360	75.42	47.4
14760	62275	21144	38096	3360	8964	-14392	75.42	47.4
14765	62295	21148	38120	3360	8964	-14392	75.42	47.4
14750	62289	21129	38126	3500	8944	-14388	75.42	47.4
14757	62317	21120	38138	3500	8944	-14388	75.42	47.4
14772	62311	21148	38108	3548	9016	-14312	75.42	47.4
14782	62326	21163	38139	3548	9016	-14312	75.42	47.4
14806	62345	21177	38134	3404	9004	-14320	75.42	47.4
14810	62355	21170	38150	3404	9004	-14320	75.42	47.4
14809	62362	21168	38146	3364	9004	-14412	75.42	47.4
14819	62374	21150	38158	3364	9004	-14412	75.42	47.4
14811	62383	21167	38166	3492	9104	-14280	75.42	47.4
14810	62401	21177	38162	3492	9104	-14280	75.42	47.4
14833	62405	21202	38171	3356	8948	-14388	75.42	47.4
14837	62420	21192	38186	3356	8948	-14388	75.42	54.8
14831	62431	21188	38184	3460	8908	-14340	75.42	54.8
14827	62428	21209	38195	3460	8908	-14340	75.42	54.8
14871	62454	21214	38184	3404	8956	-14496	75.42	54.8
14879	62482	21226	38209	3404	8956	-14496	75.42	54.8
14873	62496	21241	38213	3328	8864	-14320	75.42	54.8
14881	62460	21242	38205	3328	8864	-14320	75.42	54.8
14882	62461	21316	38203	3312	9016	-14420	75.42	54.8
14895	62461	21313	38207	3312	9016	-14420	75.42	54.8
14842	62443	21313	38209	3428	8932	-14188	75.42	54.8
14852	62446	21327	38199	3428	8932	-14188	75.42	54.8
14844	62433	21284	38211	3396	8940	-14516	75.42	54.8
14830	62425	21288	38209	3396	8940	-14516	75.42	54.8
14857	62443	21277	38206	3356	8980	-14364	75.42	54.8
14874	62425	21313	38196	3356	8980	-14364	75.42	54.8
14858	62446	21312	38208	3460	8944	-14276	75.42	54.8
14835	62441	21315	38200	3460	8944	-14276	75.42	54.8
14825	62448	21289	38199	3280	8876	-14332	75.42	54.8
14829	62425	21291	38211	3280	8876	-14332	75.42	54.8
14840	62440	21312	38201	3380	8868	-14248	75.42	54.8
14813	62431	21304	38202	3380	8868	-14248	75.42	54.8
14818	62433	21305	38206	3408	8960	-14396	75.42	54.8
14800	62409	21281	38208	3408	8960	-14396	75.42	54.8
14790	62403	21303	38197	3408	8936	-14400	75.42	54.8
14799	62444	21316	38216	3408	8936	-14400	75.42	54.8
14795	62428	21307	38197	3492	8976	-14348	75.42	54.8
14795	62429	21289	38202	3492	8976	-14348	75.42	54.8
14820	62457	21318	38217	3324	8884	-14340	75.42	54.8
14805	62434	21330	38193	3324	8884	-14340	75.42	54.8
14785	62434	21313	38203	3312	8884	-14436	75.42	54.8
14810	62466	21310	38211	3312	8884	-14436	75.42	54.8
14773	62463	21307	38211	3424	8968	-14324	75.42	54.8
14802	62475	21319	38221	3424	8968	-14324	75.42	54.8
14796	62472	21317	38212	3348	8940	-14428	75.42	54.8
14782	62501	21319	38212	3348	8940	-14428	75.42	54.8
14793	62503	21335	38222	3516	8964	-14188	75.42	54.8
14814	62502	21327	38227	3516	8964	-14188	75.42	54.8
14810	62505	21361	38227	3376	8904	-14372	75.42	54.8
14820	62517	21343	38224	3376	8904	-14372	75.42	54.8
14800	62518	21345	38227	3564	9032	-14356	75.42	54.8
14802	62523	21355	38249	3564	9032	-14356	75.42	54.8
14830	62517	21354	38243	3424	8940	-14392	75.42	54.8
14822	62564	21370	38246	3424	8940	-14392	75.42	54.8
14822	62533	21340	38270	3404	8824	-14368	75.42	54.8
14796	62559	21366	38256	3404	8824	-14368	75.42	54.8
14806	62542	21391	38261	3420	8948	-14568	75.42	54.8
14805	62525	21396	38252	3420	8948	-14568	75.42	54.8
14788	62514	21409	38248	3364	8972	-14348	75.42	54.8
14779	62511	21402	38234	3364	8972	-14348	75.42	54.8
14739	62474	21402	38240	3316	8932	-14424	75.42	54.8
14729	62475	21382	38239	3316	8932	-14424	75.63	58.7
14750	62460	21353	38239	3420	8924	-14472	75.63	58.7
14695	62450	21360	38212	3420	8924	-14472	75.63	58.7
14730	62455	21364	38226	3372	8880	-14260	75.63	58.7
14705	62453	21351	38221	3372	8880	-14260	75.63	58.7
14714	62441	21345	38223	3424	8972	-14316	75.63	58.7
14684	62447	21340	38240	3424	8972	-14316	75.63	58.7
14674	62433	21314	38216	3408	8996	-14352	75.63	58.7
14703	62431	21331	38208	3408	8996	-14352	75.63	58.7
14652	62425	21347	38220	3332	8896	-14304	75.63	58.7
14634	62408	21320	38209	3332	8896	-14304	75.63	58.7
14654	62419	21305	38211	3412	9024	-14428	75.63	58.7
14640	62405	21284	38212	3412	9024	-14428	75.63	58.7
14633	62377	21257	38203	3356	9036	-14600	75.63	58.7
14635	62397	21284	38213	3356	9036	-14600	75.63	58.7
14627	62395	21270	38206	3372	8880	-14312	75.63	58.7
14635	62399	21268	38203	3372	8880	-14312	75.63	58.7
14608	62402	21279	38211	3480	8928	-14256	75.63	58.7
14601	62395	21281	38215	3480	8928	-14256	75.63	58.7
14638	62417	21287	38202	3404	8952	-14268	75.63	58.7
14637	62402	21272	38203	3404	8952	-14268	75.63	58.7
14625	62418	21267	38233	3388	8968	-14372	75.63	58.7
14593	62418	21251	38224	3388	8968	-14372	75.63	58.7
14621	62412	21257	38222	3412	9016	-14308	75.63	58.7
14590	62413	21257	38214	3412	9016	-14308	75.63	58.7
14599	62433	21258	38213	3460	8988	-14352	75.63	58.7
14598	62445	21261	38244	3460	8988	-14352	75.63	58.7
14603	62444	21276	38220	3448	8964	-14332	75.63	58.7
14606	62438	21269	38204	3448	8964	-14332	75.63	58.7
14607	62455	21282	38222	3400	8860	-14332	75.63	58.7
14631	62467	21320	38234	3400	8860	-14332	75.63	58.7
14646	62481	21326	38242	3468	8924	-14400	75.63	58.7
14638	62470	21325	38234	3468	8924	-14400	75.63	58.7
14655	62501	21339	38248	3436	8912	-14488	75.63	58.7
14646	62487	21337	38241	3436	8912	-14488	75.63	58.7
14650	62478	21367	38247	3424	8856	-14228	75.63	58.7
14639	62483	21400	38238	3424	8856	-14228	75.63	58.7
14606	62429	21355	38231	3440	8860	-14340	75.63	58.7
14602	62427	21342	38218	3440	8860	-14340	75.63	58.7
14552	62397	21319	38228	3436	9056	-14344	75.63	58.7
14548	62386	21315	38200	3436	9056	-14344	75.63	58.7
14553	62364	21335	38201	3420	8948	-14396	75.63	58.7
14530	62366	21299	38181	3420	8948	-14396	75.63	58.7
14510	62360	21301	38206	3364	8940	-14388	75.63	58.7
14553	62333	21325	38182	3364	8940	-14388	75.63	58.7
14527	62316	21325	38179	3364	8988	-14224	75.63	58.7
14541	62317	21326	38167	3364	8988	-14224	75.63	58.7
14516	62306	21338	38187	3376	9032	-14272	75.63	58.7
14510	62325	21373	38162	3376	9032	-14272	75.63	58.7
14515	62290	21359	38181	3412	8888	-14348	75.63	58.7
14524	62281	21336	38164	3412	8888	-14348	75.63	47.4
14512	62266	21324	38156	3416	8928	-14464	75.63	47.4
14496	62295	21316	38158	3416	8928	-14464	75.63	47.4
14478	62263	21329	38173	3484	9004	-14348	75.63	47.4
14455	62269	21279	38165	3484	9004	-14348	75.63	47.4
14450	62289	21268	38160	3404	8912	-14404	75.63	47.4
14434	62277	21257	38154	3404	8912	-14404	75.63	47.4
14424	62277	21251	38163	3368	9032	-14476	75.63	47.4
14428	62295	21222	38179	3368	9032	-14476	75.63	47.4
14430	62290	21215	38165	3356	8892	-14312	75.63	47.4
14410	62284	21218	38158	3356	8892	-14312	75.63	47.4
14395	62301	21213	38179	3392	8952	-14376	75.63	47.4
14435	62299	21195	38176	3392	8952	-14376	75.63	47.4
14391	62326	21222	38171	3272	8936	-14332	75.63	47.4
14408	62315	21202	38176	3272	8936	-14332	75.63	47.4
14421	62314	21175	38185	3444	8964	-14308	75.63	47.4
14395	62332	21177	38168	3444	8964	-14308	75.63	47.4
14405	62338	21151	38194	3384	8908	-14212	75.63	47.4
14389	62328	21132	38197	3384	8908	-14212	75.63	47.4
14375	62347	21117	38202	3392	8964	-14288	75.63	47.4
14355	62361	21104	38194	3392	8964	-14288	75.63	47.4
14368	62384	21112	38212	3444	8988	-14468	75.63	47.4
14358	62379	21135	38228	3444	8988	-14468	75.63	47.4
14409	62390	21123	38230	3384	8880	-14372	75.63	47.4
14371	62372	21146	38227	3384	8880	-14372	75.63	47.4
14369	62375	21173	38213	3472	8868	-14360	75.63	47.4
14364	62355	21185	38204	3472	8868	-14360	75.63	47.4
14369	62324	21185	38202	3408	8940	-14392	75.63	47.4
14361	62313	21180	38208	3408	8940	-14392	75.63	47.4
14366	62303	21181	38193	3384	8924	-14328	75.63	47.4
14364	62297	21186	38188	3384	8924	-14328	75.63	47.4
14369	62297	21176	38186	3456	9020	-14268	75.63	47.4
14367	62292	21203	38177	3456	9020	-14268	75.63	47.4
14365	62278	21191	38176	3472	9008	-14288	75.63	47.4
14351	62250	21175	38167	3472	9008	-14288	75.63	47.4
14367	62276	21156	38181	3456	8968	-14412	75.63	47.4
14380	62274	21172	38166	3456	8968	-14412	75.63	47.4
14369	62259	21176	38169	3444	8920	-14324	75.63	47.4
14392	62239	21189	38189	3444	8920	-14324	75.63	47.4
14396	62249	21197	38171	3400	8936	-14308	75.63	47.4
14368	62247	21177	38167	3400	8936	-14308	75.63	47.4
14382	62253	21179	38170	3508	8948	-14428	75.63	47.4
14400	62246	21195	38170	3508	8948	-14428	75.63	47.4
14390	62253	21191	38152	3424	8960	-14456	75.63	47.4
14393	62263	21189	38157	3424	8960	-14456	75.63	47.4
14347	62285	21184	38177	3456	8940	-14340	75.63	47.4
14366	62249	21197	38196	3456	8940	-14340	75.63	47.4
14399	62271	21187	38186	3376	8860	-14424	75.63	47.4
14437	62274	21237	38181	3376	8860	-14424	75.63	47.4
14448	62278	21240	38193	3492	9048	-14184	75.63	47.4
14433	62295	21247	38189	3492	9048	-14184	73.97	43.6
14462	62302	21234	38203	3332	8940	-14400	73.97	43.6
14452	62307	21265	38197	3332	8940	-14400	73.97	43.6
14483	62313	21272	38196	3432	9004	-14284	73.97	43.6
14468	62334	21273	38194	3432	9004	-14284	73.97	43.6
14475	62327	21274	38226	3512	9008	-14336	73.97	43.6
14506	62329	21300	38207	3512	9008	-14336	73.97	43.6
14512	62345	21301	38193	3392	8932	-14272	73.97	43.6
14491	62348	21269	38223	3392	8932	-14272	73.97	43.6
14484	62337	21249	38232	3432	8880	-14388	73.97	43.6
14458	62372	21234	38224	3432	8880	-14388	73.97	43.6
14452	62370	21232	38244	3404	8932	-14400	73.97	43.6
14456	62399	21223	38235	3404	8932	-14400	73.97	43.6
14480	62411	21206	38256	3352	8936	-14336	73.97	43.6
14459	62396	21231	38254	3352	8936	-14336	73.97	43.6
14424	62375	21248	38229	3384	8940	-14384	73.97	43.6
14415	62350	21256	38243	3384	8940	-14384	73.97	43.6
14389	62345	21238	38217	3472	8952	-14436	73.97	43.6
14438	62323	21251	38218	3472	8952	-14436	73.97	43.6
14415	62313	21253	38190	3384	8968	-14372	73.97	43.6
14363	62300	21235	38203	3384	8968	-14372	73.97	43.6
14351	62262	21243	38185	3468	9040	-14292	73.97	43.6
14383	62261	21267	38201	3468	9040	-14292	73.97	43.6
14376	62285	21254	38199	3432	8932	-14364	73.97	43.6
14354	62271	21258	38191	3432	8932	-14364	73.97	43.6
14410	62267	21260	38203	3396	8908	-14272	73.97	43.6
14365	62257	21273	38183	3396	8908	-14272	73.97	43.6
14357	62282	21263	38196	3492	8940	-14456	73.97	43.6
14359	62254	21262	38169	3492	8940	-14456	73.97	43.6
14343	62252	21293	38177	3340	8956	-14424	73.97	43.6
14348	62234	21260	38184	3340	8956	-14424	73.97	43.6
14318	62223	21258	38181	3356	8900	-14452	73.97	43.6
14339	62206	21277	38144	3356	8900	-14452	73.97	43.6
14301	62235	21283	38190	3508	8972	-14432	73.97	43.6
14351	62232	21261	38175	3508	8972	-14432	73.97	43.6
14331	62237	21306	38177	3376	8972	-14296	73.97	43.6
14336	62236	21283	38174	3376	8972	-14296	73.97	43.6
14342	62223	21296	38186	3400	8952	-14404	73.97	43.6
14331	62239	21254	38187	3400	8952	-14404	73.97	43.6
14334	62236	21299	38190	3472	8964	-14328	73.97	43.6
14314	62235	21292	38198	3472	8964	-14328	73.97	43.6
14316	62262	21307	38179	3412	8928	-14500	73.97	43.6
14340	62247	21284	38207	3412	8928	-14500	73.97	43.6
14352	62260	21300	38178	3328	8880	-14244	73.97	43.6
14341	62259	21328	38197	3328	8880	-14244	73.97	43.6
14356	62271	21329	38190	3392	8896	-14212	73.97	43.6
14377	62296	21332	38182	3392	8896	-14212	73.97	43.6
14350	62292	21310	38203	3464	8928	-14404	73.97	43.6
14361	62298	21316	38192	3464	8928	-14404	73.97	43.6
14356	62310	21308	38200	3448	8964	-14280	73.97	43.6
14371	62320	21339	38207	3448	8964	-14280	73.97	33.2
14375	62323	21349	38215	3344	8980	-14404	73.97	33.2
14380	62337	21342	38207	3344	8980	-14404	73.97	33.2
14383	62322	21354	38224	3452	8984	-14452	73.97	33.2
14350	62329	21372	38196	3452	8984	-14452	73.97	33.2
14339	62306	21378	38211	3452	8928	-14332	73.97	33.2
14316	62295	21382	38216	3452	8928	-14332	73.97	33.2
14299	62265	21370	38194	3392	8896	-14440	73.97	33.2
14289	62262	21378	38196	3392	8896	-14440	73.97	33.2
14297	62223	21366	38183	3376	9000	-14456	73.97	33.2
14256	62249	21347	38175	3376	9000	-14456	73.97	33.2
14278	62218	21330	38207	3436	8952	-14448	73.97	33.2
14255	62201	21352	38180	3436	8952	-14448	73.97	33.2
14260	62218	21352	38183	3432	8952	-14364	73.97	33.2
14283	62212	21369	38187	3432	8952	-14364	73.97	33.2
14250	62210	21335	38156	3376	8956	-14248	73.97	33.2
14234	62197	21343	38176	3376	8956	-14248	73.97	33.2
14234	62211	21340	38173	3440	8908	-14480	73.97	33.2
14203	62205	21349	38161	3440	8908	-14480	73.97	33.2
14204	62183	21306	38179	3524	8940	-14400	73.97	33.2
14204	62176	21296	38151	3524	8940	-14400	73.97	33.2
14176	62174	21293	38183	3496	8964	-14468	73.97	33.2
14182	62194	21262	38183	3496	8964	-14468	73.97	33.2
14179	62171	21272	38187	3312	8944	-14364	73.97	33.2
14174	62180	21295	38158	3312	8944	-14364	73.97	33.2
14204	62185	21316	38169	3340	9024	-14368	73.97	33.2
14199	62196	21319	38172	3340	9024	-14368	73.97	33.2
14191	62182	21343	38176	3436	8956	-14356	73.97	33.2
14231	62184	21323	38178	3436	8956	-14356	73.97	33.2
14213	62188	21325	38184	3460	8840	-14172	73.97	33.2
14191	62215	21321	38186	3460	8840	-14172	73.97	33.2
14197	62239	21318	38166	3436	8924	-14340	73.97	33.2
14182	62213	21294	38179	3436	8924	-14340	73.97	33.2
14206	62216	21298	38193	3488	8944	-14408	73.97	33.2
14182	62248	21332	38172	3488	8944	-14408	73.97	33.2
14213	62237	21342	38195	3364	8992	-14340	73.97	33.2
14194	62233	21326	38190	3364	8992	-14340	73.97	33.2
14264	62263	21346	38206	3436	8956	-14208	73.97	33.2
14219	62269	21347	38200	3436	8956	-14208	73.97	33.2
14221	62280	21336	38201	3456	8892	-14172	73.97	33.2
14200	62291	21350	38204	3456	8892	-14172	73.97	33.2
14215	62290	21342	38194	3448	8960	-14364	73.97	33.2
14202	62294	21363	38211	3448	8960	-14364	73.97	33.2
14231	62305	21378	38213	3472	8908	-14272	73.97	33.2
14226	62289	21375	38220	3472	8908	-14272	73.97	33.2
14195	62305	21377	38219	3436	8916	-14184	73.97	33.2
14192	62262	21401	38199	3436	8916	-14184	73.97	33.2
14171	62230	21380	38200	3396	9000	-14400	73.97	33.2
14149	62206	21406	38182	3396	9000	-14400	73.97	33.2
14163	62194	21375	38171	3464	8996	-14340	73.97	33.2
14149	62209	21379	38188	3464	8996	-14340	75.00	26.5
14134	62196	21354	38183	3404	9000	-14320	75.00	26.5
14123	62178	21354	38176	3404	9000	-14320	75.00	26.5
14108	62172	21341	38171	3292	8956	-14232	75.00	26.5
14097	62183	21318	38191	3292	8956	-14232	75.00	26.5
14085	62186	21313	38170	3428	8964	-14348	75.00	26.5
14090	62171	21306	38170	3428	8964	-14348	75.00	26.5
14077	62158	21303	38176	3384	8936	-14220	75.00	26.5
14095	62172	21326	38170	3384	8936	-14220	75.00	26.5
14086	62162	21309	38179	3412	8932	-14404	75.00	26.5
14071	62172	21297	38173	3412	8932	-14404	75.00	26.5
14064	62178	21292	38170	3500	8956	-14432	75.00	26.5
14063	62169	21272	38179	3500	8956	-14432	75.00	26.5
14057	62182	21260	38174	3428	8928	-14384	75.00	26.5
14031	62183	21229	38175	3428	8928	-14384	75.00	26.5
14019	62185	21223	38183	3464	8988	-14404	75.00	26.5
14039	62189	21210	38177	3464	8988	-14404	75.00	26.5
14046	62190	21224	38171	3404	8984	-14348	75.00	26.5
14057	62198	21214	38187	3404	8984	-14348	75.00	26.5
14071	62230	21201	38185	3376	8936	-14408	75.00	26.5
14073	62227	21215	38193	3376	8936	-14408	75.00	26.5
14048	62232	21213	38185	3444	8904	-14436	75.00	26.5
14064	62217	21231	38194	3444	8904	-14436	75.00	26.5
14089	62246	21228	38198	3360	8948	-14256	75.00	26.5
14071	62265	21246	38226	3360	8948	-14256	75.00	26.5
14073	62282	21220	38224	3364	8904	-14216	75.00	26.5
14099	62284	21216	38231	3364	8904	-14216	75.00	26.5
14092	62303	21216	38229	3408	8972	-14360	75.00	26.5
14093	62329	21213	38235	3408	8972	-14360	75.00	26.5
14116	62324	21210	38237	3456	8928	-14276	75.00	26.5
14126	62334	21212	38240	3456	8928	-14276	75.00	26.5
14144	62358	21230	38263	3376	8916	-14324	75.00	26.5
14144	62367	21266	38248	3376	8916	-14324	75.00	26.5
14185	62399	21244	38283	3464	8960	-14356	75.00	26.5
14153	62406	21259	38276	3464	8960	-14356	75.00	26.5
14131	62426	21277	38258	3404	8968	-14292	75.00	26.5
14157	62402	21308	38270	3404	8968	-14292	75.00	26.5
14161	62396	21313	38282	3332	8996	-14344	75.00	26.5
14124	62381	21303	38278	3332	8996	-14344	75.00	26.5
14136	62349	21316	38276	3488	9048	-14436	75.00	26.5
14176	62362	21289	38256	3488	9048	-14436	75.00	26.5
14110	62363	21296	38279	3472	9000	-14252	75.00	26.5
14111	62340	21293	38273	3472	9000	-14252	75.00	26.5
14124	62337	21291	38249	3416	8980	-14296	75.00	26.5
14138	62347	21283	38255	3416	8980	-14296	75.00	26.5
14114	62324	21288	38272	3420	8984	-14400	75.00	26.5
14154	62335	21302	38266	3420	8984	-14400	75.00	26.5
14139	62336	21305	38261	3448	8948	-14200	75.00	26.5
14126	62344	21336	38255	3448	8948	-14200	75.00	26.5
14129	62348	21309	38267	3428	8936	-14292	75.00	26.5
14145	62333	21330	38272	3428	8936	-14292	75.71	27.3
14138	62334	21307	38277	3480	8948	-14372	75.71	27.3
14148	62333	21307	38276	3480	8948	-14372	75.71	27.3
14134	62331	21316	38276	3420	8968	-14104	75.71	27.3
14147	62330	21323	38262	3420	8968	-14104	75.71	27.3
14159	62343	21333	38278	3332	8960	-14316	75.71	27.3
14147	62354	21328	38278	3332	8960	-14316	75.71	27.3
14167	62368	21320	38268	3392	9000	-14320	75.71	27.3
14150	62361	21321	38282	3392	9000	-14320	75.71	27.3
14146	62362	21348	38295	3356	8972	-14208	75.71	27.3
14152	62376	21339	38285	3356	8972	-14208	75.71	27.3
14161	62373	21368	38300	3412	8928	-14280	75.71	27.3
14153	62388	21332	38292	3412	8928	-14280	75.71	27.3
14121	62385	21321	38284	3460	8896	-14436	75.71	27.3
14142	62414	21314	38301	3460	8896	-14436	75.71	27.3
14154	62409	21352	38306	3444	8956	-14336	75.71	27.3
14147	62421	21372	38301	3444	8956	-14336	75.71	27.3
14178	62427	21362	38313	3460	9004	-14400	75.71	27.3
14153	62444	21370	38299	3460	9004	-14400	75.71	27.3
14173	62456	21354	38316	3444	8980	-14368	75.71	27.3
14172	62464	21374	38319	3444	8980	-14368	75.71	27.3
14131	62476	21371	38316	3472	8956	-14360	75.71	27.3
14181	62503	21378	38333	3472	8956	-14360	75.71	27.3
14139	62493	21363	38319	3496	9008	-14284	75.71	27.3
14163	62512	21395	38333	3496	9008	-14284	75.71	27.3
14173	62534	21416	38342	3336	8992	-14256	75.71	27.3
14170	62506	21472	38335	3336	8992	-14256	75.71	27.3
14185	62495	21467	38323	3576	8980	-14432	75.71	27.3
14150	62490	21449	38342	3576	8980	-14432	75.71	27.3
14108	62468	21432	38323	3412	8996	-14444	75.71	27.3
14106	62439	21424	38312	3412	8996	-14444	75.71	27.3
14092	62424	21437	38303	3508	8924	-14364	75.71	27.3
14079	62412	21406	38304	3508	8924	-14364	75.71	27.3
14062	62405	21386	38298	3504	9008	-14428	75.71	27.3
14067	62423	21416	38304	3504	9008	-14428	75.71	27.3
14072	62416	21402	38300	3344	8980	-14364	75.71	27.3
14073	62423	21402	38316	3344	8980	-14364	75.71	27.3
14031	62418	21366	38308	3404	8900	-14444	75.71	27.3
14007	62404	21370	38308	3404	8900	-14444	75.71	27.3
13975	62420	21356	38311	3356	8900	-14324	75.71	27.3
13985	62409	21356	38312	3356	8900	-14324	75.71	27.3
13956	62396	21342	38295	3340	8912	-14248	75.71	27.3
13948	62389	21309	38299	3340	8912	-14248	75.71	27.3
13975	62391	21337	38312	3412	9000	-14256	75.71	27.3
13952	62392	21331	38305	3412	9000	-14256	75.71	27.3
13959	62404	21338	38300	3384	8900	-14216	75.71	27.3
13954	62406	21338	38308	3384	8900	-14216	75.71	27.3
13970	62420	21326	38306	3392	8968	-14492	75.71	27.3
13943	62412	21339	38306	3392	8968	-14492	75.71	27.3
13943	62415	21319	38296	3460	9000	-14308	75.71	27.3
13950	62418	21345	38311	3460	9000	-14308	75.42	24.5
13968	62408	21316	38302	3368	8884	-14380	75.42	24.5
13932	62425	21316	38317	3368	8884	-14380	75.42	24.5
13971	62437	21309	38300	3428	8924	-14340	75.42	24.5
13961	62468	21339	38324	3428	8924	-14340	75.42	24.5
13930	62459	21321	38308	3460	8964	-14300	75.42	24.5
13930	62458	21339	38336	3460	8964	-14300	75.42	24.5
13979	62460	21363	38333	3428	8912	-14336	75.42	24.5
13948	62494	21352	38327	3428	8912	-14336	75.42	24.5
13966	62494	21305	38338	3472	9016	-14340	75.42	24.5
13978	62507	21314	38327	3472	9016	-14340	75.42	24.5
13961	62496	21334	38328	3552	8888	-14352	75.42	24.5
13965	62491	21341	38334	3552	8888	-14352	75.42	24.5
13964	62519	21359	38347	3388	8900	-14348	75.42	24.5
13957	62513	21359	38353	3388	8900	-14348	75.42	24.5
13956	62502	21398	38346	3444	8904	-14280	75.42	24.5
13949	62489	21405	38336	3444	8904	-14280	75.42	24.5
13923	62467	21393	38336	3368	8872	-14352	75.42	24.5
13944	62454	21379	38309	3368	8872	-14352	75.42	24.5
13903	62427	21381	38321	3356	8892	-14348	75.42	24.5
13911	62412	21385	38313	3356	8892	-14348	75.42	24.5
13859	62412	21345	38295	3288	9084	-14348	75.42	24.5
13870	62406	21350	38306	3288	9084	-14348	75.42	24.5
13833	62405	21320	38302	3376	8984	-14444	75.42	24.5
13860	62393	21304	38298	3376	8984	-14444	75.42	24.5
13842	62405	21303	38301	3356	8968	-14432	75.42	24.5
13828	62400	21253	38287	3356	8968	-14432	75.42	24.5
13789	62380	21205	38265	3392	8932	-14308	75.42	24.5
13746	62368	21162	38296	3392	8932	-14308	75.42	24.5
13642	62375	21091	38288	3420	8948	-14320	75.42	24.5
13605	62349	21035	38289	3420	8948	-14320	75.42	24.5
13580	62340	21041	38294	3416	9032	-14404	75.42	24.5
13542	62341	20990	38276	3416	9032	-14404	75.42	24.5
13526	62336	20993	38273	3440	8836	-14352	75.42	24.5
13511	62322	20963	38280	3440	8836	-14352	75.42	24.5
13533	62322	20967	38265	3488	9056	-14488	75.42	24.5
13528	62326	20969	38273	3488	9056	-14488	75.42	24.5
13516	62335	20982	38277	3428	8932	-14244	75.42	24.5
13501	62347	20949	38282	3428	8932	-14244	75.42	24.5
13483	62331	20969	38284	3372	8900	-14328	75.42	24.5
13482	62333	20964	38276	3372	8900	-14328	75.42	24.5
13464	62340	20965	38277	3416	8984	-14308	75.42	24.5
13486	62341	20948	38280	3416	8984	-14308	75.42	24.5
13491	62338	20954	38275	3388	9012	-14336	75.42	24.5
13491	62342	20944	38280	3388	9012	-14336	75.42	24.5
13515	62343	20946	38282	3472	8828	-14252	75.42	24.5
13524	62371	20963	38286	3472	8828	-14252	75.42	24.5
13506	62363	20963	38287	3408	8960	-14324	75.42	24.5
13527	62370	20945	38288	3408	8960	-14324	75.42	24.5
13494	62377	20910	38296	3476	8872	-14212	75.42	24.5
13482	62402	20901	38301	3476	8872	-14212	75.21	24.5
13495	62407	20915	38316	3364	8888	-14224	75.21	24.5
13461	62420	20901	38320	3364	8888	-14224	75.21	24.5
13447	62397	20893	38318	3500	8876	-14364	75.21	24.5
13416	62394	20888	38308	3500	8876	-14364	75.21	24.5
13379	62398	20881	38297	3396	8964	-14300	75.21	24.5
13358	62352	20865	38291	3396	8964	-14300	75.21	24.5
13359	62317	20841	38289	3436	8928	-14308	75.21	24.5
13301	62305	20793	38268	3436	8928	-14308	75.21	24.5
13272	62294	20774	38263	3464	8940	-14340	75.21	24.5
13266	62294	20737	38256	3464	8940	-14340	75.21	24.5
13227	62255	20690	38243	3536	8892	-14340	75.21	24.5
13200	62252	20690	38242	3536	8892	-14340	75.21	24.5
13208	62239	20662	38227	3428	8968	-14332	75.21	24.5
13225	62219	20685	38231	3428	8968	-14332	75.21	24.5
13202	62217	20645	38216	3436	8912	-14436	75.21	24.5
13152	62205	20636	38225	3436	8912	-14436	75.21	24.5
13132	62193	20615	38235	3436	8964	-14380	75.21	24.5
13143	62204	20582	38207	3436	8964	-14380	75.21	24.5
13130	62176	20579	38218	3484	8996	-14236	75.21	24.5
13120	62183	20592	38219	3484	8996	-14236	75.21	24.5
13123	62169	20584	38206	3488	8876	-14364	75.21	24.5
13131	62149	20589	38197	3488	8876	-14364	75.21	24.5
13130	62167	20572	38195	3468	8988	-14232	75.21	24.5
13116	62161	20577	38210	3468	8988	-14232	75.21	24.5
13138	62129	20587	38196	3428	8932	-14412	75.21	24.5
13129	62136	20593	38187	3428	8932	-14412	75.21	24.5
13136	62149	20569	38192	3472	8968	-14316	75.21	24.5
13149	62164	20606	38203	3472	8968	-14316	75.21	24.5
13119	62168	20579	38191	3272	8996	-14360	75.21	24.5
13136	62181	20575	38214	3272	8996	-14360	75.21	24.5
13130	62174	20582	38199	3380	9012	-14104	75.21	24.5
13148	62174	20591	38213	3380	9012	-14104	75.21	24.5
13128	62171	20570	38192	3456	9000	-14420	75.21	24.5
13133	62194	20576	38228	3456	9000	-14420	75.21	24.5
13130	62174	20568	38209	3432	9000	-14344	75.21	24.5
13116	62185	20570	38203	3432	9000	-14344	75.21	24.5
13121	62189	20568	38213	3384	9012	-14428	75.21	24.5
13126	62196	20549	38216	3384	9012	-14428	75.21	24.5
13112	62204	20535	38219	3444	9004	-14404	75.21	24.5
13110	62227	20556	38217	3444	9004	-14404	75.21	24.5
13159	62218	20535	38229	3396	8924	-14284	75.21	24.5
13142	62239	20549	38222	3396	8924	-14284	75.21	24.5
13137	62230	20573	38209	3432	8956	-14384	75.21	24.5
13107	62223	20577	38217	3432	8956	-14384	75.21	24.5
13072	62174	20540	38208	3576	9028	-14388	75.21	24.5
13045	62169	20522	38203	3576	9028	-14388	75.21	24.5
13015	62136	20505	38193	3412	8868	-14356	75.21	24.5
13030	62115	20475	38185	3412	8868	-14356	75.21	24.5
12985	62121	20434	38183	3436	8912	-14364	75.21	24.5
12938	62126	20398	38161	3436	8912	-14364	75.00	33.9
12906	62087	20377	38164	3456	8956	-14300	75.00	33.9
12899	62095	20363	38169	3456	8956	-14300	75.00	33.9
12832	62064	20314	38160	3476	8940	-14364	75.00	33.9
12806	62068	20291	38161	3476	8940	-14364	75.00	33.9
12773	62062	20276	38141	3568	8988	-14456	75.00	33.9
12781	62034	20266	38130	3568	8988	-14456	75.00	33.9
12731	62026	20271	38132	3408	9008	-14424	75.00	33.9
12737	62033	20243	38144	3408	9008	-14424	75.00	33.9
12701	62032	20233	38123	3416	8996	-14312	75.00	33.9
12684	62021	20209	38135	3416	8996	-14312	75.00	33.9
12681	62012	20204	38121	3448	8968	-14364	75.00	33.9
12681	62026	20208	38133	3448	8968	-14364	75.00	33.9
12700	61993	20220	38126	3408	8984	-14340	75.00	33.9
12695	62003	20208	38118	3408	8984	-14340	75.00	33.9
12694	62025	20219	38116	3496	8956	-14292	75.00	33.9
12664	61997	20187	38114	3496	8956	-14292	75.00	33.9
12643	62006	20180	38119	3428	8996	-14392	75.00	33.9
12647	62011	20189	38122	3428	8996	-14392	75.00	33.9
12671	62007	20223	38132	3396	8908	-14436	75.00	33.9
12657	62012	20214	38123	3396	8908	-14436	75.00	33.9
12643	62011	20200	38131	3332	9032	-14352	75.00	33.9
12647	62016	20228	38134	3332	9032	-14352	75.00	33.9
12648	62021	20202	38113	3364	8912	-14428	75.00	33.9
12661	62029	20197	38110	3364	8912	-14428	75.00	33.9
12652	62028	20198	38126	3452	9012	-14456	75.00	33.9
12603	62025	20175	38152	3452	9012	-14456	75.00	33.9
12591	62037	20170	38132	3456	8956	-14384	75.00	33.9
12609	62062	20194	38135	3456	8956	-14384	75.00	33.9
12614	62066	20195	38140	3420	8972	-14316	75.00	33.9
12594	62064	20205	38146	3420	8972	-14316	75.00	33.9
12572	62055	20207	38148	3492	8908	-14328	75.00	33.9
12590	62061	20217	38148	3492	8908	-14328	75.00	33.9
12561	62025	20250	38136	3420	8988	-14224	75.00	33.9
12527	62001	20202	38132	3420	8988	-14224	75.00	33.9
12511	61979	20185	38126	3520	8940	-14436	75.00	33.9
12484	61957	20166	38106	3520	8940	-14436	75.00	33.9
12461	61952	20169	38095	3376	9012	-14224	75.00	33.9
12412	61942	20141	38099	3376	9012	-14224	75.00	33.9
12409	61949	20110	38089	3480	8972	-14336	75.00	33.9
12375	61938	20078	38076	3480	8972	-14336	75.00	33.9
12415	61901	20094	38079	3392	8928	-14384	75.00	33.9
12350	61922	20076	38100	3392	8928	-14384	75.00	33.9
12366	61929	20049	38080	3344	9060	-14260	75.00	33.9
12311	61898	20005	38086	3344	9060	-14260	75.00	33.9
12324	61901	20025	38066	3420	9040	-14332	75.00	33.9
12322	61881	20022	38074	3420	9040	-14332	75.00	33.9
12313	61883	19992	38059	3432	8936	-14424	75.00	33.9
12277	61884	19987	38087	3432	8936	-14424	75.00	33.9
12274	61879	19967	38067	3420	8936	-14288	75.00	33.9
12234	61885	19961	38063	3420	8936	-14288	75.42	30.8
12247	61895	19968	38063	3416	8928	-14384	75.42	30.8
12271	61874	19966	38077	3416	8928	-14384	75.42	30.8
12243	61868	19974	38047	3356	8940	-14264	75.42	30.8
12275	61881	19977	38067	3356	8940	-14264	75.42	30.8
12280	61911	19965	38062	3512	8980	-14276	75.42	30.8
12241	61920	19955	38078	3512	8980	-14276	75.42	30.8
12247	61908	19935	38089	3404	9020	-14292	75.42	30.8
12253	61920	19958	38092	3404	9020	-14292	75.42	30.8
12246	61935	19956	38084	3328	9024	-14316	75.42	30.8
12284	61931	19953	38082	3328	9024	-14316	75.42	30.8
12279	61950	19992	38098	3380	8960	-14348	75.42	30.8
12282	61947	19977	38094	3380	8960	-14348	75.42	30.8
12272	61945	19956	38096	3476	9008	-14348	75.42	30.8
12269	61971	19969	38105	3476	9008	-14348	75.42	30.8
12277	61992	19984	38093	3396	9048	-14288	75.42	30.8
12274	61987	19965	38118	3396	9048	-14288	75.42	30.8
12288	62019	20028	38128	3436	8876	-14324	75.42	30.8
12304	62006	20003	38126	3436	8876	-14324	75.42	30.8
12309	62013	19998	38125	3436	8872	-14308	75.42	30.8
12267	61998	20024	38120	3436	8872	-14308	75.42	30.8
12267	61994	20085	38123	3416	8904	-14320	75.42	30.8
12281	61972	20042	38119	3416	8904	-14320	75.42	30.8
12260	61950	20038	38106	3508	8992	-14356	75.42	30.8
12248	61937	20002	38091	3508	8992	-14356	75.42	30.8
12215	61938	19993	38094	3476	9036	-14396	75.42	30.8
12201	61917	19995	38112	3476	9036	-14396	75.42	30.8
12208	61897	19960	38101	3392	9024	-14304	75.42	30.8
12200	61914	19972	38091	3392	9024	-14304	75.42	30.8
12191	61903	19963	38087	3444	8928	-14272	75.42	30.8
12174	61903	19958	38085	3444	8928	-14272	75.42	30.8
12180	61909	19954	38069	3332	8920	-14448	75.42	30.8
12178	61903	19960	38093	3332	8920	-14448	75.42	30.8
12182	61885	19932	38087	3384	8968	-14216	75.42	30.8
12163	61900	19944	38085	3384	8968	-14216	75.42	30.8
12181	61905	19945	38096	3364	8924	-14200	75.42	30.8
12174	61905	19923	38074	3364	8924	-14200	75.42	30.8
12159	61893	19925	38085	3448	8924	-14312	75.42	30.8
12148	61892	19895	38105	3448	8924	-14312	75.42	30.8
12168	61907	19902	38082	3508	8992	-14436	75.42	30.8
12161	61920	19904	38089	3508	8992	-14436	75.42	30.8
12185	61912	19910	38092	3388	8960	-14408	75.42	30.8
12137	61917	19901	38091	3388	8960	-14408	75.42	30.8
12178	61939	19892	38100	3420	8940	-14352	75.42	30.8
12169	61930	19892	38096	3420	8940	-14352	75.42	30.8
12160	61966	19901	38101	3348	8944	-14288	75.42	30.8
12200	61950	19899	38109	3348	8944	-14288	75.42	30.8
12228	61939	19904	38109	3436	8928	-14356	75.42	30.8
12227	61990	19884	38133	3436	8928	-14356	75.42	30.8
12245	61988	19902	38125	3476	8940	-14424	75.42	30.8
12231	61998	19915	38131	3476	8940	-14424	76.06	32.4
12246	61994	19941	38147	3412	8948	-14408	76.06	32.4
12291	62034	19931	38132	3412	8948	-14408	76.06	32.4
12298	62030	19941	38141	3488	8896	-14376	76.06	32.4
12287	62054	19913	38166	3488	8896	-14376	76.06	32.4
12295	62059	19913	38154	3504	9028	-14356	76.06	32.4
12310	62092	19887	38154	3504	9028	-14356	76.06	32.4
12298	62091	19884	38188	3496	8948	-14436	76.06	32.4
12321	62124	19876	38188	3496	8948	-14436	76.06	32.4
12313	62137	19904	38187	3476	8908	-14356	76.06	32.4
12336	62130	19921	38191	3476	8908	-14356	76.06	32.4
12354	62133	19946	38193	3464	8932	-14304	76.06	32.4
12360	62110	19968	38170	3464	8932	-14304	76.06	32.4
12354	62113	19998	38191	3428	8940	-14316	76.06	32.4
12345	62098	19973	38200	3428	8940	-14316	76.06	32.4
12332	62101	19952	38178	3472	8956	-14336	76.06	32.4
12348	62105	19953	38188	3472	8956	-14336	76.06	32.4
12335	62120	19958	38187	3388	8928	-14444	76.06	32.4
12334	62105	19921	38187	3388	8928	-14444	76.06	32.4
12301	62090	19930	38189	3496	8952	-14364	76.06	32.4
12319	62106	19913	38191	3496	8952	-14364	76.06	32.4
12288	62139	19913	38222	3472	9032	-14248	76.06	32.4
12284	62112	19887	38209	3472	9032	-14248	76.06	32.4
12304	62138	19914	38197	3496	8988	-14360	76.06	32.4
12312	62134	19883	38215	3496	8988	-14360	76.06	32.4
12293	62133	19895	38211	3340	8956	-14264	76.06	32.4
12288	62130	19892	38212	3340	8956	-14264	76.06	32.4
12284	62151	19863	38198	3428	8956	-14284	76.06	32.4
12293	62163	19900	38212	3428	8956	-14284	76.06	32.4
12324	62160	19880	38223	3392	8908	-14368	76.06	32.4
12334	62157	19874	38235	3392	8908	-14368	76.06	32.4
12288	62184	19865	38238	3368	9040	-14304	76.06	32.4
12318	62188	19882	38234	3368	9040	-14304	76.06	32.4
12357	62195	19897	38251	3464	9004	-14400	76.06	32.4
12348	62220	19916	38244	3464	9004	-14400	76.06	32.4
12347	62204	19920	38257	3456	8864	-14372	76.06	32.4
12366	62212	19914	38260	3456	8864	-14372	76.06	32.4
12395	62245	19917	38279	3344	8952	-14336	76.06	32.4
12394	62247	19927	38266	3344	8952	-14336	76.06	32.4
12394	62280	19926	38266	3436	9024	-14204	76.06	32.4
12379	62263	19921	38278	3436	9024	-14204	76.06	32.4
12422	62299	19929	38258	3528	8880	-14464	76.06	32.4
12419	62293	19939	38291	3528	8880	-14464	76.06	32.4
12401	62311	19937	38310	3472	8988	-14408	76.06	32.4
12442	62332	19969	38304	3472	8988	-14408	76.06	32.4
12445	62329	19943	38291	3324	8904	-14380	76.06	32.4
12444	62358	19967	38308	3324	8904	-14380	76.06	32.4
12460	62382	19963	38308	3388	8944	-14348	76.06	32.4
12432	62398	19938	38317	3388	8944	-14348	76.06	32.4
12431	62432	19961	38342	3508	8980	-14284	76.06	32.4
12478	62424	19966	38336	3508	8980	-14284	75.63	38.1
12498	62439	19961	38343	3380	8900	-14280	75.63	38.1
12487	62469	19950	38345	3380	8900	-14280	75.63	38.1
12457	62455	19944	38358	3444	8952	-14184	75.63	38.1
12481	62469	19994	38361	3444	8952	-14184	75.63	38.1
12522	62450	20032	38377	3372	8960	-14308	75.63	38.1
12525	62464	20058	38368	3372	8960	-14308	75.63	38.1
12513	62452	20048	38374	3548	8964	-14364	75.63	38.1
12465	62466	20027	38352	3548	8964	-14364	75.63	38.1
12459	62461	19996	38372	3532	8876	-14308	75.63	38.1
12458	62457	19943	38351	3532	8876	-14308	75.63	38.1
12418	62442	19943	38358	3332	9040	-14392	75.63	38.1
12420	62436	19961	38382	3332	9040	-14392	75.63	38.1
12424	62456	19955	38365	3328	8988	-14216	75.63	38.1
12428	62461	19955	38364	3328	8988	-14216	75.63	38.1
12416	62460	19956	38379	3444	8884	-14256	75.63	38.1
12407	62466	19947	38383	3444	8884	-14256	75.63	38.1
12412	62477	19973	38379	3372	8956	-14452	75.63	38.1
12396	62482	19950	38388	3372	8956	-14452	75.63	38.1
12409	62479	19948	38394	3392	9020	-14408	75.63	38.1
12419	62478	19954	38380	3392	9020	-14408	75.63	38.1
12403	62488	19943	38394	3420	8908	-14372	75.63	38.1
12407	62489	19977	38402	3420	8908	-14372	75.63	38.1
12427	62491	19921	38411	3532	9000	-14360	75.63	38.1
12397	62509	19944	38394	3532	9000	-14360	75.63	38.1
12397	62510	19952	38395	3536	8940	-14340	75.63	38.1
12429	62520	19966	38414	3536	8940	-14340	75.63	38.1
12422	62534	19953	38406	3444	8988	-14328	75.63	38.1
12430	62551	19951	38422	3444	8988	-14328	75.63	38.1
12408	62551	19974	38419	3376	8876	-14312	75.63	38.1
12465	62568	19959	38428	3376	8876	-14312	75.63	38.1
12439	62595	19965	38433	3384	8924	-14440	75.63	38.1
12444	62591	19973	38429	3384	8924	-14440	75.63	38.1
12434	62589	19956	38428	3464	8924	-14280	75.63	38.1
12463	62633	19977	38467	3464	8924	-14280	75.63	38.1
12468	62628	19986	38464	3444	8948	-14240	75.63	38.1
12480	62647	19991	38473	3444	8948	-14240	75.63	38.1
12473	62642	19973	38465	3424	8996	-14412	75.63	38.1
12476	62663	19986	38470	3424	8996	-14412	75.63	38.1
12475	62672	19967	38480	3400	8972	-14396	75.63	38.1
12488	62679	19973	38503	3400	8972	-14396	75.63	38.1
12500	62696	19969	38486	3364	8968	-14368	75.63	38.1
12471	62727	19971	38504	3364	8968	-14368	75.63	38.1
12493	62720	19989	38497	3448	9024	-14372	75.63	38.1
12509	62733	19983	38500	3448	9024	-14372	75.63	38.1
12497	62752	19991	38505	3420	8920	-14380	75.63	38.1
12531	62767	20028	38512	3420	8920	-14380	75.63	38.1
12538	62730	20069	38526	3488	8900	-14312	75.63	38.1
12556	62758	20109	38519	3488	8900	-14312	75.63	38.1
12540	62736	20094	38515	3380	9012	-14352	75.63	38.1
12560	62729	20094	38504	3380	9012	-14352	75.00	38.1
12554	62732	20095	38530	3496	8988	-14388	75.00	38.1
12526	62714	20038	38512	3496	8988	-14388	75.00	38.1
12525	62709	20026	38515	3496	9008	-14376	75.00	38.1
12525	62722	20044	38509	3496	9008	-14376	75.00	38.1
12529	62711	20047	38506	3440	8912	-14196	75.00	38.1
12543	62708	20051	38511	3440	8912	-14196	75.00	38.1
12535	62727	20032	38508	3472	8832	-14408	75.00	38.1
12523	62738	20032	38535	3472	8832	-14408	75.00	38.1
12520	62724	20053	38525	3456	8972	-14192	75.00	38.1
12558	62724	20051	38520	3456	8972	-14192	75.00	38.1
12550	62731	20064	38515	3400	9012	-14428	75.00	38.1
12562	62735	20076	38524	3400	9012	-14428	75.00	38.1
12521	62738	20058	38519	3344	8992	-14476	75.00	38.1
12548	62727	20072	38519	3344	8992	-14476	75.00	38.1
12541	62750	20050	38523	3448	8980	-14388	75.00	38.1
12524	62749	20040	38530	3448	8980	-14388	75.00	38.1
12568	62766	20082	38531	3396	8904	-14340	75.00	38.1
12597	62759	20079	38521	3396	8904	-14340	75.00	38.1
12610	62782	20061	38550	3432	8924	-14408	75.00	38.1
12584	62772	20091	38540	3432	8924	-14408	75.00	38.1
12606	62768	20096	38560	3348	8936	-14420	75.00	38.1
12588	62783	20087	38548	3348	8936	-14420	75.00	38.1
12618	62807	20119	38547	3540	8936	-14396	75.00	38.1
12620	62819	20091	38571	3540	8936	-14396	75.00	38.1
12662	62805	20111	38554	3456	9000	-14380	75.00	38.1
12651	62818	20119	38558	3456	9000	-14380	75.00	38.1
12661	62840	20135	38577	3424	8996	-14284	75.00	38.1
12662	62842	20135	38583	3424	8996	-14284	75.00	38.1
12714	62854	20144	38592	3460	8940	-14232	75.00	38.1
12697	62866	20136	38586	3460	8940	-14232	75.00	38.1
12692	62879	20156	38593	3412	8984	-14388	75.00	38.1
12714	62881	20160	38591	3412	8984	-14388	75.00	38.1
12745	62892	20132	38591	3364	8928	-14320	75.00	38.1
12717	62914	20163	38612	3364	8928	-14320	75.00	38.1
12753	62926	20168	38618	3436	8996	-14372	75.00	38.1
12766	62934	20193	38621	3436	8996	-14372	75.00	38.1
12770	62957	20221	38614	3460	8940	-14460	75.00	38.1
12794	62948	20237	38616	3460	8940	-14460	75.00	38.1
12793	62953	20255	38629	3352	9036	-14412	75.00	38.1
12830	62945	20287	38626	3352	9036	-14412	75.00	38.1
12802	62930	20283	38629	3412	9068	-14440	75.00	38.1
12811	62911	20283	38618	3412	9068	-14440	75.00	38.1
12789	62906	20255	38624	3412	9052	-14396	75.00	38.1
12798	62926	20246	38613	3412	9052	-14396	75.00	38.1
12774	62914	20236	38636	3420	8904	-14512	75.00	38.1
12751	62905	20239	38629	3420	8904	-14512	75.00	38.1
12768	62909	20227	38628	3436	9060	-14280	75.00	38.1
12767	62931	20233	38624	3436	9060	-14280	75.00	38.1
12745	62909	20237	38633	3444	8944	-14256	75.00	38.1
12755	62923	20231	38618	3444	8944	-14256	75.00	33.2
12756	62915	20232	38635	3512	8936	-14264	75.00	33.2
12783	62894	20230	38624	3512	8936	-14264	75.00	33.2
12763	62930	20247	38619	3428	8968	-14428	75.00	33.2
12776	62913	20256	38645	3428	8968	-14428	75.00	33.2
12783	62895	20260	38625	3444	8932	-14308	75.00	33.2
12781	62925	20229	38613	3444	8932	-14308	75.00	33.2
12760	62922	20244	38644	3516	9000	-14404	75.00	33.2
12777	62926	20254	38645	3516	9000	-14404	75.00	33.2
12792	62927	20257	38648	3464	8968	-14388	75.00	33.2
12801	62939	20275	38640	3464	8968	-14388	75.00	33.2
12832	62951	20297	38641	3484	8932	-14364	75.00	33.2
12854	62960	20299	38639	3484	8932	-14364	75.00	33.2
12867	62942	20293	38656	3444	8960	-14268	75.00	33.2
12863	62958	20296	38647	3444	8960	-14268	75.00	33.2
12849	62989	20305	38652	3392	8900	-14172	75.00	33.2
12901	63004	20313	38651	3392	8900	-14172	75.00	33.2
12925	63017	20331	38665	3372	9008	-14208	75.00	33.2
12927	63003	20332	38662	3372	9008	-14208	75.00	33.2
12922	63013	20347	38696	3436	9060	-14428	75.00	33.2
12946	63023	20335	38683	3436	9060	-14428	75.00	33.2
12963	63027	20355	38705	3396	8952	-14328	75.00	33.2
12966	63049	20331	38691	3396	8952	-14328	75.00	33.2
13014	63051	20359	38701	3420	9032	-14316	75.00	33.2
12978	63058	20364	38700	3420	9032	-14316	75.00	33.2
12957	63087	20354	38709	3384	8960	-14284	75.00	33.2
12984	63082	20357	38712	3384	8960	-14284	75.00	33.2
13023	63078	20395	38719	3472	8968	-14356	75.00	33.2
13050	63111	20397	38725	3472	8968	-14356	75.00	33.2
13057	63140	20404	38745	3332	9012	-14312	75.00	33.2
13073	63138	20432	38733	3332	9012	-14312	75.00	33.2
13066	63108	20465	38733	3384	9040	-14244	75.00	33.2
13120	63143	20492	38729	3384	9040	-14244	75.00	33.2
13111	63130	20526	38730	3412	9040	-14212	75.00	33.2
13178	63110	20537	38734	3412	9040	-14212	75.00	33.2
13115	63128	20516	38726	3440	8916	-14368	75.00	33.2
13145	63104	20522	38729	3440	8916	-14368	75.00	33.2
13142	63094	20516	38723	3368	9040	-14416	75.00	33.2
13133	63076	20508	38731	3368	9040	-14416	75.00	33.2
13155	63067	20514	38721	3460	8960	-14312	75.00	33.2
13123	63082	20517	38715	3460	8960	-14312	75.00	33.2
13137	63085	20525	38725	3424	8996	-14340	75.00	33.2
13124	63074	20495	38728	3424	8996	-14340	75.00	33.2
13157	63098	20525	38722	3416	8960	-14348	75.00	33.2
13144	63076	20529	38733	3416	8960	-14348	75.00	33.2
13110	63108	20514	38724	3412	9016	-14336	75.00	33.2
13134	63080	20507	38733	3412	9016	-14336	75.00	33.2
13160	63081	20504	38718	3412	8892	-14512	75.00	33.2
13130	63074	20499	38729	3412	8892	-14512	75.00	33.2
13134	63072	20491	38724	3456	8904	-14392	75.00	33.2
13182	63078	20492	38705	3456	8904	-14392	73.85	32.1
13145	63078	20480	38729	3408	9000	-14300	73.85	32.1
13140	63081	20478	38736	3408	9000	-14300	73.85	32.1
13151	63104	20473	38736	3460	9036	-14232	73.85	32.1
13159	63091	20471	38756	3460	9036	-14232	73.85	32.1
13148	63096	20482	38736	3488	8932	-14224	73.85	32.1
13185	63107	20503	38730	3488	8932	-14224	73.85	32.1
13171	63115	20482	38751	3512	8884	-14252	73.85	32.1
13160	63123	20473	38759	3512	8884	-14252	73.85	32.1
13160	63125	20472	38752	3496	9012	-14308	73.85	32.1
13151	63140	20467	38764	3496	9012	-14308	73.85	32.1
13155	63146	20481	38756	3428	8832	-14396	73.85	32.1
13209	63160	20508	38752	3428	8832	-14396	73.85	32.1
13221	63155	20502	38777	3532	8944	-14372	73.85	32.1
13211	63179	20526	38782	3532	8944	-14372	73.85	32.1
13184	63171	20513	38764	3468	8924	-14404	73.85	32.1
13212	63182	20509	38774	3468	8924	-14404	73.85	32.1
13204	63204	20508	38768	3308	8996	-14248	73.85	32.1
13211	63199	20489	38778	3308	8996	-14248	73.85	32.1
13188	63205	20490	38773	3476	8876	-14228	73.85	32.1
13193	63211	20508	38791	3476	8876	-14228	73.85	32.1
13194	63208	20490	38786	3488	8968	-14348	73.85	32.1
13196	63228	20517	38804	3488	8968	-14348	73.85	32.1
13214	63244	20553	38783	3388	8928	-14168	73.85	32.1
13198	63223	20567	38798	3388	8928	-14168	73.85	32.1
13164	63225	20568	38807	3344	9060	-14476	73.85	32.1
13145	63199	20554	38782	3344	9060	-14476	73.85	32.1
13138	63172	20558	38804	3488	8912	-14196	73.85	32.1
13125	63181	20522	38793	3488	8912	-14196	73.85	32.1
13113	63171	20504	38781	3536	8988	-14340	73.85	32.1
13094	63153	20474	38784	3536	8988	-14340	73.85	32.1
13065	63159	20495	38788	3516	8984	-14444	73.85	32.1
13047	63158	20473	38788	3516	8984	-14444	73.85	32.1
13024	63181	20451	38798	3480	8952	-14348	73.85	32.1
13011	63154	20424	38795	3480	8952	-14348	73.85	32.1
13015	63143	20432	38776	3532	9028	-14260	73.85	32.1
13011	63147	20424	38793	3532	9028	-14260	73.85	32.1
12975	63148	20417	38790	3368	8932	-14400	73.85	32.1
12972	63139	20403	38773	3368	8932	-14400	73.85	32.1
12906	63128	20371	38769	3520	8876	-14360	73.85	32.1
12924	63121	20377	38766	3520	8876	-14360	73.85	32.1
12918	63121	20353	38777	3464	9028	-14324	73.85	32.1
12893	63137	20363	38771	3464	9028	-14324	73.85	32.1
12895	63114	20338	38769	3520	8956	-14284	73.85	32.1
12906	63125	20374	38778	3520	8956	-14284	73.85	32.1
12929	63137	20386	38769	3488	9032	-14220	73.85	32.1
12908	63134	20375	38788	3488	9032	-14220	73.85	32.1
12917	63137	20376	38762	3380	8984	-14296	73.85	32.1
12926	63148	20369	38791	3380	8984	-14296	73.85	32.1
12899	63149	20349	38777	3444	9072	-14324	73.85	32.1
12878	63172	20354	38790	3444	9072	-14324	72.97	39.4
12902	63167	20353	38787	3472	8980	-14244	72.97	39.4
12912	63181	20356	38793	3472	8980	-14244	72.97	39.4
12915	63175	20354	38790	3544	8948	-14368	72.97	39.4
12913	63154	20366	38772	3544	8948	-14368	72.97	39.4
12907	63180	20360	38807	3432	8964	-14192	72.97	39.4
12900	63185	20362	38807	3432	8964	-14192	72.97	39.4
12892	63197	20349	38795	3436	9012	-14240	72.97	39.4
12894	63209	20372	38785	3436	9012	-14240	72.97	39.4
12908	63214	20345	38795	3432	8908	-14316	72.97	39.4
12918	63220	20363	38815	3432	8908	-14316	72.97	39.4
12900	63221	20371	38809	3448	8956	-14368	72.97	39.4
12937	63225	20401	38816	3448	8956	-14368	72.97	39.4
12912	63216	20410	38818	3508	8896	-14216	72.97	39.4
12954	63203	20447	38789	3508	8896	-14216	72.97	39.4
12908	63177	20450	38796	3456	8976	-14244	72.97	39.4
12913	63170	20433	38775	3456	8976	-14244	72.97	39.4
12920	63134	20417	38788	3592	9036	-14284	72.97	39.4
12883	63140	20413	38771	3592	9036	-14284	72.97	39.4
12878	63135	20414	38767	3532	8976	-14096	72.97	39.4
12852	63117	20401	38782	3532	8976	-14096	72.97	39.4
12842	63106	20397	38768	3396	8968	-14460	72.97	39.4
12837	63113	20376	38763	3396	8968	-14460	72.97	39.4
12859	63122	20379	38772	3532	8948	-14324	72.97	39.4
12820	63104	20393	38769	3532	8948	-14324	72.97	39.4
12842	63098	20388	38773	3380	9036	-14232	72.97	39.4
12829	63085	20401	38763	3380	9036	-14232	72.97	39.4
12813	63096	20391	38776	3488	8996	-14420	72.97	39.4
12793	63071	20392	38754	3488	8996	-14420	72.97	39.4
12785	63065	20402	38772	3560	8972	-14492	72.97	39.4
12824	63044	20367	38749	3560	8972	-14492	72.97	39.4
12793	63064	20368	38744	3400	8936	-14168	72.97	39.4
12819	63039	20378	38738	3400	8936	-14168	72.97	39.4
12811	63059	20383	38754	3516	9020	-14436	72.97	39.4
12823	63068	20383	38734	3516	9020	-14436	72.97	39.4
12817	63062	20379	38757	3424	8940	-14492	72.97	39.4
12818	63057	20378	38755	3424	8940	-14492	72.97	39.4
12813	63062	20394	38743	3488	9016	-14176	72.97	39.4
12817	63086	20395	38753	3488	9016	-14176	72.97	39.4
12843	63066	20385	38746	3544	9016	-14352	72.97	39.4
12833	63078	20397	38748	3544	9016	-14352	72.97	39.4
12843	63086	20394	38761	3516	9024	-14256	72.97	39.4
12813	63072	20399	38731	3516	9024	-14256	72.97	39.4
12824	63096	20401	38766	3484	8912	-14368	72.97	39.4
12858	63098	20410	38748	3484	8912	-14368	72.97	39.4
12845	63109	20414	38772	3524	9052	-14280	72.97	39.4
12848	63091	20400	38762	3524	9052	-14280	72.97	39.4
12834	63114	20400	38763	3536	9012	-14096	72.97	39.4
12867	63112	20407	38770	3536	9012	-14096	72.97	39.4
12869	63126	20430	38757	3584	8988	-14176	72.97	39.4
12838	63126	20425	38772	3584	8988	-14176	73.17	39.4
12839	63099	20429	38760	3444	8932	-14288	73.17	39.4
12860	63091	20465	38773	3444	8932	-14288	73.17	39.4
12889	63072	20494	38743	3472	8924	-14264	73.17	39.4
12866	63049	20497	38770	3472	8924	-14264	73.17	39.4
12860	63026	20482	38751	3528	9028	-14304	73.17	39.4
12836	63030	20445	38728	3528	9028	-14304	73.17	39.4
12807	63004	20445	38721	3440	9036	-14192	73.17	39.4
12794	63011	20408	38731	3440	9036	-14192	73.17	39.4
12797	63003	20418	38707	3528	9004	-14276	73.17	39.4
12772	62969	20416	38719	3528	9004	-14276	73.17	39.4
12775	62969	20410	38719	3512	9000	-14352	73.17	39.4
12748	62972	20378	38694	3512	9000	-14352	73.17	39.4
12715	62945	20387	38694	3376	9056	-14304	73.17	39.4
12715	62947	20353	38702	3376	9056	-14304	73.17	39.4
12696	62939	20348	38698	3436	8980	-14304	73.17	39.4
12700	62933	20345	38694	3436	8980	-14304	73.17	39.4
12677	62921	20323	38698	3472	8996	-14208	73.17	39.4
12653	62947	20315	38687	3472	8996	-14208	73.17	39.4
12631	62938	20310	38685	3536	8980	-14332	73.17	39.4
12621	62914	20307	38690	3536	8980	-14332	73.17	39.4
12648	62927	20281	38677	3500	9020	-14280	73.17	39.4
12636	62903	20283	38682	3500	9020	-14280	73.17	39.4
12625	62916	20288	38675	3452	8960	-14144	73.17	39.4
12642	62903	20291	38680	3452	8960	-14144	73.17	39.4
12646	62908	20277	38679	3464	9036	-14248	73.17	39.4
12651	62916	20301	38678	3464	9036	-14248	73.17	39.4
12624	62925	20282	38698	3476	9028	-14316	73.17	39.4
12631	62928	20276	38708	3476	9028	-14316	73.17	39.4
12624	62935	20281	38689	3428	9008	-14348	73.17	39.4
12626	62918	20254	38694	3428	9008	-14348	73.17	39.4
12610	62920	20260	38703	3508	8980	-14444	73.17	39.4
12609	62916	20264	38696	3508	8980	-14444	73.17	39.4
12653	62929	20254	38706	3532	9028	-14248	73.17	39.4
12628	62935	20241	38693	3532	9028	-14248	73.17	39.4
12612	62949	20236	38693	3528	8984	-14320	73.17	39.4
12618	62951	20246	38703	3528	8984	-14320	73.17	39.4
12649	62963	20227	38702	3552	9036	-14184	73.17	39.4
12632	62954	20251	38695	3552	9036	-14184	73.17	39.4
12629	62967	20258	38710	3488	9016	-14444	73.17	39.4
12642	62959	20294	38709	3488	9016	-14444	73.17	39.4
12631	62942	20283	38695	3496	8972	-14372	73.17	39.4
12606	62911	20277	38705	3496	8972	-14372	73.17	39.4
12609	62911	20285	38688	3560	9008	-14196	73.17	39.4
12602	62902	20261	38669	3560	9008	-14196	73.17	39.4
12608	62875	20272	38679	3424	8984	-14332	73.17	39.4
12576	62848	20261	38689	3424	8984	-14332	73.17	39.4
12567	62855	20236	38666	3544	8964	-14256	73.17	39.4
12550	62842	20225	38637	3544	8964	-14256	73.17	39.4
12545	62826	20202	38664	3436	9004	-14272	73.17	39.4
12549	62831	20217	38655	3436	9004	-14272	72.51	36.3
12536	62825	20194	38648	3580	8948	-14304	72.51	36.3
12498	62823	20170	38644	3580	8948	-14304	72.51	36.3
12498	62799	20172	38648	3496	8940	-14236	72.51	36.3
12491	62808	20198	38627	3496	8940	-14236	72.51	36.3
12480	62783	20211	38622	3508	9028	-14296	72.51	36.3
12501	62804	20173	38632	3508	9028	-14296	72.51	36.3
12471	62761	20178	38609	3516	8832	-14432	72.51	36.3
12465	62774	20181	38632	3516	8832	-14432	72.51	36.3
12454	62791	20194	38622	3576	9032	-14348	72.51	36.3
12449	62809	20182	38635	3576	9032	-14348	72.51	36.3
12439	62794	20160	38635	3476	8964	-14256	72.51	36.3
12467	62781	20143	38642	3476	8964	-14256	72.51	36.3
12474	62783	20172	38624	3500	9032	-14208	72.51	36.3
12444	62782	20173	38639	3500	9032	-14208	72.51	36.3
12463	62786	20162	38631	3444	9056	-14276	72.51	36.3
12463	62791	20155	38660	3444	9056	-14276	72.51	36.3
12458	62769	20145	38636	3560	9036	-14236	72.51	36.3
12451	62801	20143	38636	3560	9036	-14236	72.51	36.3
12462	62806	20163	38646	3444	8964	-14460	72.51	36.3
12461	62809	20152	38643	3444	8964	-14460	72.51	36.3
12454	62809	20166	38647	3348	8968	-14376	72.51	36.3
12426	62805	20151	38648	3348	8968	-14376	72.51	36.3
12439	62813	20162	38640	3540	8960	-14436	72.51	36.3
12436	62824	20169	38643	3540	8960	-14436	72.51	36.3
12413	62821	20159	38647	3404	8916	-14192	72.51	36.3
12467	62859	20196	38651	3404	8916	-14192	72.51	36.3
12488	62839	20176	38663	3404	9016	-14272	72.51	36.3
12459	62868	20186	38657	3404	9016	-14272	72.51	36.3
12464	62845	20220	38650	3568	8996	-14292	72.51	36.3
12463	62847	20246	38653	3568	8996	-14292	72.51	36.3
12478	62823	20234	38669	3504	8968	-14464	72.51	36.3
12476	62811	20230	38643	3504	8968	-14464	72.51	36.3
12438	62801	20223	38646	3520	9000	-14224	72.51	36.3
12412	62771	20228	38631	3520	9000	-14224	72.51	36.3
12400	62766	20204	38626	3484	8944	-14376	72.51	36.3
12343	62771	20175	38635	3484	8944	-14376	72.51	36.3
12356	62754	20140	38616	3472	8976	-14240	72.51	36.3
12365	62750	20156	38610	3472	8976	-14240	72.51	36.3
12332	62734	20146	38609	3460	8940	-14256	72.51	36.3
12315	62738	20121	38606	3460	8940	-14256	72.51	36.3
12295	62727	20117	38601	3484	8880	-14308	72.51	36.3
12292	62724	20150	38593	3484	8880	-14308	72.51	36.3
12284	62708	20135	38577	3568	9036	-14304	72.51	36.3
12278	62711	20120	38593	3568	9036	-14304	72.51	36.3
12253	62697	20089	38597	3528	8892	-14424	72.51	36.3
12307	62696	20128	38584	3528	8892	-14424	72.51	36.3
12289	62678	20153	38586	3556	9044	-14288	72.51	36.3
12279	62701	20169	38586	3556	9044	-14288	72.51	36.3
12246	62676	20138	38570	3548	8944	-14412	72.51	36.3
12268	62679	20128	38574	3548	8944	-14412	72.73	36.3
12291	62701	20171	38571	3520	9000	-14300	72.73	36.3
12311	62677	20170	38577	3520	9000	-14300	72.73	36.3
12329	62718	20213	38578	3556	8928	-14164	72.73	36.3
12416	62735	20266	38589	3556	8928	-14164	72.73	36.3
12441	62726	20291	38592	3488	8916	-14212	72.73	36.3
12444	62732	20287	38574	3488	8916	-14212	72.73	36.3
12394	62726	20284	38586	3492	8960	-14384	72.73	36.3
12442	62720	20289	38601	3492	8960	-14384	72.73	36.3
12431	62737	20260	38594	3608	9028	-14272	72.73	36.3
12403	62734	20274	38589	3608	9028	-14272	72.73	36.3
12438	62742	20261	38600	3576	9132	-14248	72.73	36.3
12417	62754	20277	38583	3576	9132	-14248	72.73	36.3
12462	62764	20323	38607	3516	8960	-14248	72.73	36.3
12469	62777	20357	38602	3516	8960	-14248	72.73	36.3
12475	62762	20363	38605	3524	8972	-14324	72.73	36.3
12459	62787	20347	38609	3524	8972	-14324	72.73	36.3
12471	62774	20321	38612	3468	8940	-14360	72.73	36.3
12434	62791	20300	38600	3468	8940	-14360	72.73	36.3
12462	62803	20297	38605	3620	8920	-14284	72.73	36.3
12461	62776	20339	38615	3620	8920	-14284	72.73	36.3
12439	62765	20378	38594	3436	9092	-14320	72.73	36.3
12426	62745	20359	38582	3436	9092	-14320	72.73	36.3
12424	62727	20363	38567	3476	9016	-14280	72.73	36.3
12403	62690	20347	38582	3476	9016	-14280	72.73	36.3
12385	62691	20311	38566	3604	8988	-14336	72.73	36.3
12358	62693	20291	38553	3604	8988	-14336	72.73	36.3
12332	62669	20283	38558	3592	9008	-14388	72.73	36.3
12335	62658	20269	38539	3592	9008	-14388	72.73	36.3
12324	62660	20252	38535	3584	8944	-14268	72.73	36.3
12343	62658	20268	38546	3584	8944	-14268	72.73	36.3
12329	62654	20278	38538	3540	8896	-14316	72.73	36.3
12323	62644	20297	38561	3540	8896	-14316	72.73	36.3
12332	62637	20291	38536	3512	8964	-14340	72.73	36.3
12341	62642	20310	38523	3512	8964	-14340	72.73	36.3
12332	62623	20278	38508	3376	8892	-14240	72.73	36.3
12308	62628	20273	38521	3376	8892	-14240	72.73	36.3
12325	62624	20268	38528	3388	9112	-14340	72.73	36.3
12323	62641	20256	38529	3388	9112	-14340	72.73	36.3
12314	62653	20247	38523	3640	9012	-14328	72.73	36.3
12307	62644	20230	38539	3640	9012	-14328	72.73	36.3
12264	62647	20229	38544	3528	8932	-14324	72.73	36.3
12228	62650	20231	38529	3528	8932	-14324	72.73	36.3
12232	62629	20194	38531	3548	8964	-14224	72.73	36.3
12235	62672	20195	38544	3548	8964	-14224	72.73	36.3
12225	62669	20184	38530	3464	9016	-14168	72.73	36.3
12237	62664	20206	38556	3464	9016	-14168	72.73	36.3
12247	62679	20169	38535	3576	8904	-14264	72.73	36.3
12240	62678	20164	38538	3576	8904	-14264	72.73	36.3
12242	62672	20171	38543	3504	8900	-14296	72.73	36.3
12228	62702	20192	38545	3504	8900	-14296	73.77	35.4
12257	62683	20210	38518	3528	9064	-14204	73.77	35.4
12290	62699	20174	38538	3528	9064	-14204	73.77	35.4
12252	62691	20170	38565	3500	9012	-14336	73.77	35.4
12250	62728	20183	38570	3500	9012	-14336	73.77	35.4
12245	62746	20180	38553	3540	9028	-14136	73.77	35.4
12260	62737	20173	38559	3540	9028	-14136	73.77	35.4
12275	62733	20203	38570	3532	8996	-14340	73.77	35.4
12315	62760	20212	38575	3532	8996	-14340	73.77	35.4
12298	62778	20226	38568	3552	9036	-14352	73.77	35.4
12301	62759	20245	38577	3552	9036	-14352	73.77	35.4
12325	62756	20279	38568	3412	9016	-14224	73.77	35.4
12287	62750	20276	38562	3412	9016	-14224	73.77	35.4
12287	62740	20275	38556	3540	8968	-14340	73.77	35.4
12273	62714	20268	38548	3540	8968	-14340	73.77	35.4
12256	62716	20239	38536	3556	9024	-14304	73.77	35.4
12266	62702	20235	38530	3556	9024	-14304	73.77	35.4
12246	62709	20213	38544	3596	9040	-14276	73.77	35.4
12248	62701	20207	38549	3596	9040	-14276	73.77	35.4
12251	62690	20232	38543	3568	8984	-14324	73.77	35.4
12244	62685	20217	38548	3568	8984	-14324	73.77	35.4
12253	62680	20203	38535	3524	9000	-14272	73.77	35.4
12234	62681	20221	38541	3524	9000	-14272	73.77	35.4
12230	62682	20190	38549	3456	9008	-14256	73.77	35.4
12238	62690	20204	38533	3456	9008	-14256	73.77	35.4
12248	62665	20209	38526	3592	9012	-14152	73.77	35.4
12231	62678	20191	38532	3592	9012	-14152	73.77	35.4
12239	62675	20196	38532	3600	9012	-14340	73.77	35.4
12227	62652	20150	38518	3600	9012	-14340	73.77	35.4
12230	62682	20163	38542	3528	8928	-14200	73.77	35.4
12238	62683	20162	38529	3528	8928	-14200	73.77	35.4
12249	62677	20183	38553	3560	9016	-14292	73.77	35.4
12219	62709	20183	38556	3560	9016	-14292	73.77	35.4
12242	62707	20169	38542	3428	8988	-14260	73.77	35.4
12240	62719	20166	38531	3428	8988	-14260	73.77	35.4
12264	62713	20168	38549	3456	9016	-14360	73.77	35.4
12253	62722	20182	38572	3456	9016	-14360	73.77	35.4
12287	62734	20172	38555	3524	8956	-14216	73.77	35.4
12259	62732	20179	38548	3524	8956	-14216	73.77	35.4
12275	62758	20199	38567	3568	8984	-14208	73.77	35.4
12301	62766	20205	38570	3568	8984	-14208	73.77	35.4
12303	62765	20210	38573	3532	8956	-14324	73.77	35.4
12303	62781	20214	38583	3532	8956	-14324	73.77	35.4
12333	62783	20198	38586	3504	9020	-14412	73.77	35.4
12330	62802	20213	38593	3504	9020	-14412	73.77	35.4
12339	62808	20207	38615	3444	9028	-14344	73.77	35.4
12332	62837	20227	38580	3444	9028	-14344	73.77	35.4
12368	62851	20241	38609	3628	9044	-14432	73.77	35.4
12367	62851	20253	38600	3628	9044	-14432	73.77	35.4
12373	62851	20251	38635	3560	8920	-14152	73.77	35.4
12377	62884	20263	38619	3560	8920	-14152	74.18	35.4
12386	62857	20291	38621	3608	9064	-14232	74.18	35.4
12416	62852	20316	38612	3608	9064	-14232	74.18	35.4
12376	62834	20338	38604	3520	8928	-14288	74.18	35.4
12379	62817	20322	38599	3520	8928	-14288	74.18	35.4
12396	62812	20311	38588	3512	9056	-14336	74.18	35.4
12349	62815	20299	38609	3512	9056	-14336	74.18	35.4
12297	62806	20265	38599	3524	8996	-14404	74.18	35.4
12322	62800	20250	38593	3524	8996	-14404	74.18	35.4
12292	62813	20235	38583	3540	8936	-14400	74.18	35.4
12278	62785	20236	38586	3540	8936	-14400	74.18	35.4
12266	62788	20205	38587	3476	8928	-14292	74.18	35.4
12261	62808	20188	38598	3476	8928	-14292	74.18	35.4
12227	62773	20196	38588	3552	9000	-14444	74.18	35.4
12212	62770	20205	38594	3552	9000	-14444	74.18	35.4
12222	62763	20186	38582	3552	9032	-14236	74.18	35.4
12185	62775	20168	38571	3552	9032	-14236	74.18	35.4
12158	62753	20122	38590	3440	8980	-14312	74.18	35.4
12146	62771	20142	38581	3440	8980	-14312	74.18	35.4
12162	62789	20145	38581	3564	9028	-14352	74.18	35.4
12179	62763	20155	38593	3564	9028	-14352	74.18	35.4
12160	62774	20167	38604	3568	8936	-14324	74.18	35.4
12155	62787	20157	38585	3568	8936	-14324	74.18	35.4
12171	62774	20173	38582	3536	9036	-14308	74.18	35.4
12150	62793	20169	38590	3536	9036	-14308	74.18	35.4
12159	62787	20186	38585	3448	9000	-14300	74.18	35.4
12183	62801	20184	38590	3448	9000	-14300	74.18	35.4
12163	62809	20192	38582	3540	9060	-14244	74.18	35.4
12190	62798	20206	38595	3540	9060	-14244	74.18	35.4
12196	62839	20224	38602	3528	9004	-14352	74.18	35.4
12214	62825	20234	38602	3528	9004	-14352	74.18	35.4
12209	62837	20217	38607	3516	9056	-14264	74.18	35.4
12200	62833	20217	38602	3516	9056	-14264	74.18	35.4
12216	62862	20220	38625	3584	8964	-14380	74.18	35.4
12244	62868	20222	38619	3584	8964	-14380	74.18	35.4
12250	62852	20230	38609	3560	9056	-14408	74.18	35.4
12265	62886	20265	38636	3560	9056	-14408	74.18	35.4
12297	62892	20286	38640	3500	9012	-14316	74.18	35.4
12299	62918	20306	38641	3500	9012	-14316	74.18	35.4
12310	62924	20341	38650	3448	8940	-14200	74.18	35.4
12338	62938	20333	38670	3448	8940	-14200	74.18	35.4
12325	62944	20352	38640	3544	8988	-14388	74.18	35.4
12296	62913	20333	38642	3544	8988	-14388	74.18	35.4
12254	62878	20312	38658	3604	9012	-14336	74.18	35.4
12256	62885	20336	38638	3604	9012	-14336	74.18	35.4
12245	62871	20331	38625	3488	9000	-14224	74.18	35.4
12243	62859	20317	38620	3488	9000	-14224	74.18	35.4
12218	62873	20300	38624	3524	8932	-14316	74.18	35.4
12246	62856	20301	38618	3524	8932	-14316	74.18	35.4
12189	62850	20287	38609	3580	8972	-14380	74.18	35.4
12178	62840	20296	38613	3580	8972	-14380	74.59	33.2
12204	62854	20304	38596	3456	9044	-14280	74.59	33.2
12188	62830	20302	38606	3456	9044	-14280	74.59	33.2
12159	62872	20288	38595	3500	8936	-14256	74.59	33.2
12184	62841	20314	38611	3500	8936	-14256	74.59	33.2
12201	62860	20316	38610	3532	8956	-14200	74.59	33.2
12179	62845	20305	38611	3532	8956	-14200	74.59	33.2
12139	62828	20269	38599	3508	8988	-14412	74.59	33.2
12142	62827	20257	38616	3508	8988	-14412	74.59	33.2
12166	62822	20292	38589	3500	8968	-14256	74.59	33.2
12232	62832	20319	38615	3500	8968	-14256	74.59	33.2
12251	62854	20327	38596	3568	9044	-14232	74.59	33.2
12254	62829	20325	38605	3568	9044	-14232	74.59	33.2
12220	62843	20338	38603	3496	9036	-14392	74.59	33.2
12224	62876	20354	38622	3496	9036	-14392	74.59	33.2
12264	62858	20398	38644	3504	8976	-14216	74.59	33.2
12301	62889	20393	38622	3504	8976	-14216	74.59	33.2
12280	62884	20401	38616	3488	8948	-14196	74.59	33.2
12328	62870	20431	38634	3488	8948	-14196	74.59	33.2
12346	62905	20450	38627	3540	9024	-14280	74.59	33.2
12375	62918	20464	38621	3540	9024	-14280	74.59	33.2
12410	62926	20495	38637	3508	8972	-14280	74.59	33.2
12453	62938	20541	38647	3508	8972	-14280	74.59	33.2
12492	62941	20565	38634	3536	8980	-14420	74.59	33.2
12539	62949	20617	38650	3536	8980	-14420	74.59	33.2
12508	62974	20615	38669	3488	8964	-14324	74.59	33.2
12518	62995	20633	38655	3488	8964	-14324	74.59	33.2
12583	63007	20666	38658	3468	9032	-14360	74.59	33.2
12584	62985	20664	38681	3468	9032	-14360	74.59	33.2
12592	63016	20686	38669	3444	8988	-14372	74.59	33.2
12623	63011	20753	38675	3444	8988	-14372	74.59	33.2
12624	63026	20788	38680	3552	9040	-14368	74.59	33.2
12637	63014	20807	38672	3552	9040	-14368	74.59	33.2
12672	62990	20839	38670	3496	8908	-14384	74.59	33.2
12681	62989	20853	38665	3496	8908	-14384	74.59	33.2
12691	62984	20847	38677	3604	8924	-14340	74.59	33.2
12671	62956	20842	38666	3604	8924	-14340	74.59	33.2
12680	62969	20848	38665	3480	9032	-14264	74.59	33.2
12654	62949	20847	38649	3480	9032	-14264	74.59	33.2
12699	62943	20877	38652	3548	9020	-14272	74.59	33.2
12703	62935	20885	38647	3548	9020	-14272	74.59	33.2
12723	62953	20947	38654	3608	8980	-14420	74.59	33.2
12725	62940	20937	38647	3608	8980	-14420	74.59	33.2
12742	62972	20961	38651	3532	8904	-14212	74.59	33.2
12741	62950	20976	38645	3532	8904	-14212	74.59	33.2
12776	62952	21017	38633	3476	8924	-14300	74.59	33.2
12807	62955	21047	38648	3476	8924	-14300	74.59	33.2
12808	62955	21068	38650	3532	8956	-14280	74.59	33.2
12830	62942	21093	38621	3532	8956	-14280	74.59	33.2
12839	62965	21109	38641	3408	9008	-14380	74.59	33.2
12874	62961	21132	38645	3408	9008	-14380	75.47	23.9
12902	62995	21187	38655	3564	9032	-14452	75.47	23.9
12940	62977	21177	38651	3564	9032	-14452	75.47	23.9
12978	62996	21217	38650	3428	8972	-14328	75.47	23.9
12989	63008	21268	38662	3428	8972	-14328	75.47	23.9
12988	63003	21260	38672	3504	8880	-14356	75.47	23.9
13023	63033	21289	38664	3504	8880	-14356	75.47	23.9
13037	63029	21303	38673	3488	9060	-14324	75.47	23.9
13041	63045	21310	38665	3488	9060	-14324	75.47	23.9
13085	63054	21346	38685	3580	8988	-14304	75.47	23.9
13114	63055	21384	38699	3580	8988	-14304	75.47	23.9
13131	63066	21404	38686	3552	9036	-14240	75.47	23.9
13170	63104	21430	38721	3552	9036	-14240	75.47	23.9
13215	63100	21452	38692	3560	9092	-14364	75.47	23.9
13229	63101	21477	38724	3560	9092	-14364	75.47	23.9
13228	63115	21485	38724	3468	9032	-14268	75.47	23.9
13246	63127	21497	38717	3468	9032	-14268	75.47	23.9
13274	63139	21498	38720	3488	8980	-14268	75.47	23.9
13309	63150	21520	38726	3488	8980	-14268	75.47	23.9
13293	63161	21532	38717	3488	8952	-14232	75.47	23.9
13322	63176	21537	38738	3488	8952	-14232	75.47	23.9
13310	63188	21563	38741	3588	9012	-14336	75.47	23.9
13322	63188	21591	38741	3588	9012	-14336	75.47	23.9
13358	63183	21603	38735	3508	9056	-14316	75.47	23.9
13336	63178	21628	38755	3508	9056	-14316	75.47	23.9
13388	63161	21636	38733	3524	9004	-14304	75.47	23.9
13368	63159	21644	38733	3524	9004	-14304	75.47	23.9
13368	63146	21637	38724	3636	8984	-14392	75.47	23.9
13386	63160	21636	38741	3636	8984	-14392	75.47	23.9
13403	63156	21641	38725	3488	9008	-14236	75.47	23.9
13393	63148	21664	38743	3488	9008	-14236	75.47	23.9
13418	63146	21674	38725	3432	9020	-14320	75.47	23.9
13427	63137	21659	38725	3432	9020	-14320	75.47	23.9
13436	63148	21640	38706	3444	8968	-14280	75.47	23.9
13419	63152	21664	38701	3444	8968	-14280	75.47	23.9
13404	63159	21668	38729	3456	8980	-14232	75.47	23.9
13471	63148	21694	38733	3456	8980	-14232	75.47	23.9
13461	63140	21698	38726	3476	9024	-14344	75.47	23.9
13465	63156	21723	38726	3476	9024	-14344	75.47	23.9
13502	63141	21721	38734	3508	8976	-14412	75.47	23.9
13495	63163	21719	38717	3508	8976	-14412	75.47	23.9
13499	63161	21732	38736	3468	9020	-14448	75.47	23.9
13553	63168	21752	38728	3468	9020	-14448	75.47	23.9
13535	63179	21755	38734	3476	9012	-14380	75.47	23.9
13555	63181	21769	38749	3476	9012	-14380	75.47	23.9
13578	63207	21773	38753	3456	9088	-14384	75.47	23.9
13542	63180	21771	38751	3456	9088	-14384	75.47	23.9
13593	63199	21790	38752	3492	9032	-14224	75.47	23.9
13607	63198	21768	38746	3492	9032	-14224	75.47	23.9
13612	63223	21786	38759	3464	8936	-14280	75.47	23.9
13608	63248	21807	38755	3464	8936	-14280	75.00	33.2
13631	63226	21787	38751	3584	9036	-14264	75.00	33.2
13625	63234	21818	38774	3584	9036	-14264	75.00	33.2
13671	63243	21794	38772	3528	9008	-14372	75.00	33.2
13694	63256	21833	38774	3528	9008	-14372	75.00	33.2
13728	63248	21830	38775	3436	8992	-14308	75.00	33.2
13714	63279	21834	38784	3436	8992	-14308	75.00	33.2
13728	63288	21840	38804	3520	8948	-14136	75.00	33.2
13745	63287	21823	38785	3520	8948	-14136	75.00	33.2
13732	63288	21821	38790	3516	8968	-14292	75.00	33.2
13749	63314	21877	38779	3516	8968	-14292	75.00	33.2
13765	63343	21877	38827	3520	9008	-14244	75.00	33.2
13793	63335	21894	38812	3520	9008	-14244	75.00	33.2
13814	63354	21924	38818	3472	8960	-14320	75.00	33.2
13804	63334	21963	38808	3472	8960	-14320	75.00	33.2
13832	63320	21962	38798	3644	8960	-14192	75.00	33.2
13800	63309	21971	38803	3644	8960	-14192	75.00	33.2
13802	63312	21958	38807	3528	9016	-14248	75.00	33.2
13800	63284	21954	38803	3528	9016	-14248	75.00	33.2
13782	63296	21925	38798	3604	8932	-14444	75.00	33.2
13781	63267	21908	38789	3604	8932	-14444	75.00	33.2
13823	63299	21938	38794	3556	8964	-14344	75.00	33.2
13815	63311	21952	38809	3556	8964	-14344	75.00	33.2
13801	63297	21964	38799	3552	8976	-14272	75.00	33.2
13815	63295	21966	38796	3552	8976	-14272	75.00	33.2
13834	63305	21988	38807	3568	8924	-14240	75.00	33.2
13802	63289	21958	38791	3568	8924	-14240	75.00	33.2
13787	63279	21953	38793	3536	9016	-14376	75.00	33.2
13781	63286	21925	38791	3536	9016	-14376	75.00	33.2
13772	63284	21903	38793	3508	9016	-14264	75.00	33.2
13760	63277	21918	38791	3508	9016	-14264	75.00	33.2
13722	63276	21889	38770	3536	9008	-14208	75.00	33.2
13757	63249	21890	38773	3536	9008	-14208	75.00	33.2
13768	63267	21877	38798	3512	8972	-14304	75.00	33.2
13751	63272	21852	38787	3512	8972	-14304	75.00	33.2
13720	63254	21854	38804	3444	8940	-14268	75.00	33.2
13743	63283	21845	38782	3444	8940	-14268	75.00	33.2
13767	63274	21872	38776	3524	9040	-14276	75.00	33.2
13751	63272	21872	38792	3524	9040	-14276	75.00	33.2
13759	63282	21851	38789	3520	9064	-14180	75.00	33.2
13763	63285	21850	38784	3520	9064	-14180	75.00	33.2
13759	63285	21825	38788	3468	8976	-14128	75.00	33.2
13787	63300	21834	38797	3468	8976	-14128	75.00	33.2
13767	63308	21801	38784	3508	8968	-14208	75.00	33.2
13717	63284	21802	38805	3508	8968	-14208	75.00	33.2
13702	63323	21751	38782	3512	8904	-14340	75.00	33.2
13700	63295	21747	38812	3512	8904	-14340	75.00	33.2
13720	63292	21753	38791	3568	9068	-14312	75.00	33.2
13728	63290	21747	38807	3568	9068	-14312	75.00	33.2
13673	63304	21733	38811	3504	8996	-14360	75.00	33.2
13675	63294	21714	38826	3504	8996	-14360	74.38	30.8
13681	63331	21693	38793	3556	9036	-14308	74.38	30.8
13661	63303	21718	38820	3556	9036	-14308	74.38	30.8
13640	63299	21708	38810	3500	8968	-14320	74.38	30.8
13604	63266	21689	38812	3500	8968	-14320	74.38	30.8
13591	63274	21679	38806	3480	8904	-14324	74.38	30.8
13594	63239	21671	38788	3480	8904	-14324	74.38	30.8
13571	63234	21664	38786	3484	9020	-14256	74.38	30.8
13544	63212	21611	38791	3484	9020	-14256	74.38	30.8
13527	63222	21583	38774	3568	8884	-14220	74.38	30.8
13482	63223	21576	38784	3568	8884	-14220	74.38	30.8
13463	63210	21538	38782	3484	8924	-14272	74.38	30.8
13434	63204	21495	38779	3484	8924	-14272	74.38	30.8
13417	63197	21458	38801	3544	8860	-14268	74.38	30.8
13363	63186	21412	38776	3544	8860	-14268	74.38	30.8
13346	63184	21376	38767	3492	8892	-14332	74.38	30.8
13321	63166	21344	38785	3492	8892	-14332	74.38	30.8
13289	63161	21335	38788	3584	8924	-14172	74.38	30.8
13261	63184	21300	38763	3584	8924	-14172	74.38	30.8
13239	63175	21293	38780	3496	8972	-14340	74.38	30.8
13200	63158	21264	38765	3496	8972	-14340	74.38	30.8
13224	63160	21263	38746	3472	9104	-14324	74.38	30.8
13184	63163	21225	38755	3472	9104	-14324	74.38	30.8
13163	63161	21205	38775	3516	8992	-14312	74.38	30.8
13150	63149	21199	38770	3516	8992	-14312	74.38	30.8
13152	63133	21192	38756	3536	9020	-14420	74.38	30.8
13139	63159	21156	38762	3536	9020	-14420	74.38	30.8
13115	63163	21116	38743	3520	9024	-14160	74.38	30.8
13098	63158	21119	38764	3520	9024	-14160	74.38	30.8
13059	63149	21098	38757	3620	9044	-14416	74.38	30.8
13086	63149	21094	38763	3620	9044	-14416	74.38	30.8
13073	63162	21087	38766	3684	8924	-14168	74.38	30.8
13071	63162	21066	38765	3684	8924	-14168	74.38	30.8
13067	63158	21039	38776	3560	9080	-14376	74.38	30.8
13058	63164	21022	38769	3560	9080	-14376	74.38	30.8
13055	63175	21011	38765	3476	8936	-14348	74.38	30.8
13059	63174	21035	38771	3476	8936	-14348	74.38	30.8
13031	63170	21027	38766	3500	9028	-14332	74.38	30.8
13040	63184	21047	38777	3500	9028	-14332	74.38	30.8
13065	63199	21052	38793	3528	8920	-14312	74.38	30.8
13043	63191	21077	38784	3528	8920	-14312	74.38	30.8
13080	63176	21095	38795	3500	8952	-14248	74.38	30.8
13111	63168	21127	38782	3500	8952	-14248	74.38	30.8
13095	63152	21129	38760	3540	8964	-14244	74.38	30.8
13090	63134	21141	38773	3540	8964	-14244	74.38	30.8
13061	63130	21106	38761	3436	8980	-14224	74.38	30.8
13068	63111	21126	38762	3436	8980	-14224	74.38	30.8
13045	63103	21087	38749	3468	9044	-14252	74.38	30.8
13043	63108	21066	38745	3468	9044	-14252	74.38	30.8
13051	63079	21057	38741	3556	8976	-14196	74.38	30.8
13033	63096	21064	38739	3556	8976	-14196	74.79	36.7
13055	63087	21058	38735	3576	8980	-14192	74.79	36.7
13025	63091	21045	38730	3576	8980	-14192	74.79	36.7
13037	63074	21017	38734	3572	9048	-14296	74.79	36.7
13002	63070	21028	38727	3572	9048	-14296	74.79	36.7
13036	63066	21044	38743	3496	8988	-14348	74.79	36.7
13033	63065	21043	38741	3496	8988	-14348	74.79	36.7
13028	63041	21055	38735	3592	9020	-14404	74.79	36.7
13045	63064	21030	38726	3592	9020	-14404	74.79	36.7
13048	63050	21061	38719	3552	9048	-14272	74.79	36.7
13075	63054	21052	38747	3552	9048	-14272	74.79	36.7
13042	63058	21058	38715	3476	9044	-14292	74.79	36.7
13098	63076	21061	38734	3476	9044	-14292	74.79	36.7
13109	63086	21046	38730	3448	8964	-14320	74.79	36.7
13136	63090	21096	38726	3448	8964	-14320	74.79	36.7
13132	63078	21074	38726	3580	8980	-14348	74.79	36.7
13147	63093	21088	38753	3580	8980	-14348	74.79	36.7
13158	63107	21099	38755	3572	9036	-14204	74.79	36.7
13151	63093	21127	38758	3572	9036	-14204	74.79	36.7
13207	63108	21126	38760	3488	9088	-14264	74.79	36.7
13200	63124	21125	38753	3488	9088	-14264	74.79	36.7
13209	63126	21142	38753	3572	8944	-14440	74.79	36.7
13243	63139	21154	38758	3572	8944	-14440	74.79	36.7
13256	63156	21177	38752	3524	9020	-14280	74.79	36.7
13263	63154	21210	38781	3524	9020	-14280	74.79	36.7
13310	63181	21230	38787	3512	8920	-14372	74.79	36.7
13315	63180	21253	38765	3512	8920	-14372	74.79	36.7
13363	63199	21267	38786	3560	8928	-14324	74.79	36.7
13367	63203	21293	38808	3560	8928	-14324	74.79	36.7
13378	63231	21304	38797	3508	9056	-14292	74.79	36.7
13394	63201	21361	38800	3508	9056	-14292	74.79	36.7
13386	63218	21382	38797	3528	9072	-14280	74.79	36.7
13421	63199	21388	38789	3528	9072	-14280	74.79	36.7
13419	63167	21350	38767	3588	9004	-14352	74.79	36.7
13400	63173	21348	38782	3588	9004	-14352	74.79	36.7
13414	63169	21328	38774	3444	8928	-14136	74.79	36.7
13427	63158	21361	38763	3444	8928	-14136	74.79	36.7
13408	63139	21375	38762	3464	8980	-14232	74.79	36.7
13415	63159	21351	38770	3464	8980	-14232	74.79	36.7
13425	63145	21362	38755	3480	9008	-14240	74.79	36.7
13420	63148	21345	38783	3480	9008	-14240	74.79	36.7
13411	63136	21345	38744	3576	8976	-14256	74.79	36.7
13369	63134	21329	38753	3576	8976	-14256	74.79	36.7
13386	63141	21338	38764	3468	9028	-14140	74.79	36.7
13402	63117	21346	38753	3468	9028	-14140	74.79	36.7
13386	63098	21352	38755	3488	9012	-14232	74.79	36.7
13409	63098	21355	38743	3488	9012	-14232	74.79	36.7
13403	63085	21367	38744	3512	8948	-14260	74.79	36.7
13392	63108	21356	38753	3512	8948	-14260	74.79	36.7
13386	63101	21360	38736	3468	9080	-14288	74.79	36.7
13368	63090	21342	38736	3468	9080	-14288	74.77	38.5
13406	63093	21349	38759	3564	8888	-14328	74.77	38.5
13428	63096	21338	38750	3564	8888	-14328	74.77	38.5
13381	63100	21322	38728	3436	9016	-14428	74.77	38.5
13416	63100	21341	38743	3436	9016	-14428	74.77	38.5
13422	63093	21335	38717	3516	8920	-14312	74.77	38.5
13396	63113	21332	38732	3516	8920	-14312	74.77	38.5
13375	63105	21299	38746	3516	8940	-14200	74.77	38.5
13410	63129	21322	38748	3516	8940	-14200	74.77	38.5
13411	63111	21312	38751	3552	8992	-14332	74.77	38.5
13403	63125	21323	38757	3552	8992	-14332	74.77	38.5
13385	63131	21329	38750	3548	8960	-14104	74.77	38.5
13406	63127	21329	38770	3548	8960	-14104	74.77	38.5
13397	63140	21308	38761	3448	8944	-14240	74.77	38.5
13416	63141	21335	38769	3448	8944	-14240	74.77	38.5
13420	63146	21340	38779	3360	8996	-14264	74.77	38.5
13429	63161	21341	38763	3360	8996	-14264	74.77	38.5
13416	63167	21323	38754	3536	8976	-14340	74.77	38.5
13455	63157	21345	38763	3536	8976	-14340	74.77	38.5
13427	63157	21385	38766	3476	9044	-14324	74.77	38.5
13442	63156	21400	38767	3476	9044	-14324	74.77	38.5
13434	63138	21410	38740	3552	8944	-14300	74.77	38.5
13432	63095	21392	38747	3552	8944	-14300	74.77	38.5
13409	63098	21389	38729	3520	9068	-14224	74.77	38.5
13401	63096	21355	38723	3520	9068	-14224	74.77	38.5
13404	63083	21359	38741	3548	9076	-14324	74.77	38.5
13396	63084	21360	38737	3548	9076	-14324	74.77	38.5
13378	63063	21349	38719	3496	8896	-14264	74.77	38.5
13389	63064	21357	38729	3496	8896	-14264	74.77	38.5
13393	63069	21382	38723	3464	8972	-14308	74.77	38.5
13384	63060	21353	38715	3464	8972	-14308	74.77	38.5
13370	63059	21355	38725	3460	8976	-14204	74.77	38.5
13374	63052	21381	38699	3460	8976	-14204	74.77	38.5
13395	63048	21359	38729	3416	9016	-14268	74.77	38.5
13387	63060	21359	38703	3416	9016	-14268	74.77	38.5
13382	63037	21347	38706	3636	8988	-14212	74.77	38.5
13393	63045	21361	38704	3636	8988	-14212	74.77	38.5
13411	63035	21356	38688	3528	8932	-14316	74.77	38.5
13413	63030	21394	38705	3528	8932	-14316	74.77	38.5
13435	63017	21411	38711	3644	8960	-14352	74.77	38.5
13415	63030	21392	38694	3644	8960	-14352	74.77	38.5
13441	63009	21407	38679	3480	9056	-14272	74.77	38.5
13466	63050	21423	38710	3480	9056	-14272	74.77	38.5
13457	63046	21443	38703	3488	9100	-14240	74.77	38.5
13478	63039	21438	38706	3488	9100	-14240	74.77	38.5
13495	63048	21468	38694	3544	9056	-14504	74.77	38.5
13526	63055	21484	38715	3544	9056	-14504	74.77	38.5
13547	63064	21507	38698	3516	9032	-14200	74.77	38.5
13539	63069	21519	38709	3516	9032	-14200	74.77	38.5
13569	63071	21514	38688	3472	9036	-14260	74.77	38.5
13543	63075	21491	38728	3472	9036	-14260	75.42	38.7
13574	63070	21534	38723	3616	9032	-14292	75.42	38.7
13545	63077	21548	38719	3616	9032	-14292	75.42	38.7
13581	63109	21552	38726	3584	8956	-14208	75.42	38.7
13611	63091	21577	38724	3584	8956	-14208	75.42	38.7
13654	63091	21572	38730	3496	8948	-14196	75.42	38.7
13656	63127	21614	38731	3496	8948	-14196	75.42	38.7
13686	63155	21634	38720	3472	8908	-14308	75.42	38.7
13712	63136	21677	38739	3472	8908	-14308	75.42	38.7
13754	63148	21695	38749	3572	8992	-14336	75.42	38.7
13707	63113	21708	38735	3572	8992	-14336	75.42	38.7
13760	63114	21716	38732	3460	8960	-14396	75.42	38.7
13734	63081	21726	38728	3460	8960	-14396	75.42	38.7
13773	63080	21733	38708	3428	8992	-14296	75.42	38.7
13756	63067	21717	38710	3428	8992	-14296	75.42	38.7
13732	63062	21705	38696	3544	8956	-14224	75.42	38.7
13746	63045	21721	38698	3544	8956	-14224	75.42	38.7
13780	63051	21724	38691	3580	8960	-14372	75.42	38.7
13794	63043	21725	38693	3580	8960	-14372	75.42	38.7
13776	63012	21741	38670	3528	8880	-14360	75.42	38.7
13780	63011	21733	38691	3528	8880	-14360	75.42	38.7
13781	63014	21757	38688	3504	9060	-14208	75.42	38.7
13777	63023	21733	38687	3504	9060	-14208	75.42	38.7
13780	63001	21748	38691	3544	9044	-14248	75.42	38.7
13785	63020	21730	38684	3544	9044	-14248	75.42	38.7
13814	63007	21772	38687	3576	8972	-14236	75.42	38.7
13835	63000	21756	38680	3576	8972	-14236	75.42	38.7
13809	63001	21770	38690	3596	9028	-14376	75.42	38.7
13850	63009	21789	38674	3596	9028	-14376	75.42	38.7
13889	63010	21831	38670	3520	9012	-14156	75.42	38.7
13889	63013	21834	38689	3520	9012	-14156	75.42	38.7
13891	63006	21807	38690	3468	8992	-14092	75.42	38.7
13903	63001	21810	38661	3468	8992	-14092	75.42	38.7
13933	63036	21826	38688	3488	8972	-14376	75.42	38.7
13940	63017	21829	38688	3488	8972	-14376	75.42	38.7
13926	63033	21830	38693	3472	9020	-14236	75.42	38.7
13963	63019	21839	38693	3472	9020	-14236	75.42	38.7
13980	63051	21823	38691	3520	8924	-14272	75.42	38.7
13989	63041	21855	38692	3520	8924	-14272	75.42	38.7
13991	63066	21881	38701	3568	9024	-14236	75.42	38.7
14026	63069	21870	38700	3568	9024	-14236	75.42	38.7
14019	63070	21873	38703	3476	9056	-14220	75.42	38.7
14002	63087	21857	38687	3476	9056	-14220	75.42	38.7
14047	63068	21858	38704	3540	9080	-14388	75.42	38.7
14037	63095	21887	38725	3540	9080	-14388	75.42	38.7
14054	63107	21859	38706	3572	9044	-14440	75.42	38.7
14059	63120	21889	38722	3572	9044	-14440	75.42	38.7
14066	63109	21920	38715	3468	8984	-14200	75.42	38.7
14094	63121	21920	38721	3468	8984	-14200	75.42	38.7
14078	63116	21920	38710	3480	8960	-14120	75.42	38.7
14083	63098	21930	38708	3480	8960	-14120	75.21	43.6
14069	63080	21928	38710	3508	9024	-14344	75.21	43.6
14081	63063	21946	38704	3508	9024	-14344	75.21	43.6
14063	63037	21924	38685	3544	8916	-14308	75.21	43.6
14076	63018	21898	38689	3544	8916	-14308	75.21	43.6
14035	63006	21877	38676	3468	8992	-14396	75.21	43.6
14002	62977	21875	38673	3468	8992	-14396	75.21	43.6
14029	62985	21900	38686	3528	8928	-14456	75.21	43.6
14023	62989	21909	38664	3528	8928	-14456	75.21	43.6
13999	62977	21902	38668	3428	8908	-14128	75.21	43.6
14030	62972	21878	38674	3428	8908	-14128	75.21	43.6
14001	62959	21898	38656	3684	9024	-14264	75.21	43.6
14001	62963	21887	38649	3684	9024	-14264	75.21	43.6
13991	62962	21887	38639	3672	8920	-14096	75.21	43.6
13996	62952	21858	38653	3672	8920	-14096	75.21	43.6
13951	62950	21841	38641	3588	9088	-14456	75.21	43.6
13963	62930	21853	38647	3588	9088	-14456	75.21	43.6
13972	62920	21845	38637	3400	8856	-14112	75.21	43.6
13982	62918	21849	38628	3400	8856	-14112	75.21	43.6
13968	62916	21854	38648	3356	8952	-14340	75.21	43.6
13991	62938	21839	38617	3356	8952	-14340	75.21	43.6
13973	62916	21854	38648	3452	8932	-14420	75.21	43.6
13983	62923	21867	38646	3452	8932	-14420	75.21	43.6
14002	62914	21876	38633	3444	9084	-14372	75.21	43.6
13993	62937	21865	38641	3444	9084	-14372	75.21	43.6
14011	62924	21861	38648	3500	9076	-14336	75.21	43.6
14034	62949	21873	38646	3500	9076	-14336	75.21	43.6
14074	62939	21876	38629	3572	8980	-14276	75.21	43.6
14044	62939	21897	38659	3572	8980	-14276	75.21	43.6
14044	62938	21900	38643	3524	8928	-14224	75.21	43.6
14048	62952	21901	38637	3524	8928	-14224	75.21	43.6
14076	62958	21876	38637	3556	8992	-14296	75.21	43.6
14050	62958	21897	38659	3556	8992	-14296	75.21	43.6
14073	62953	21885	38627	3524	9028	-14356	75.21	43.6
14099	62974	21886	38663	3524	9028	-14356	75.21	43.6
14084	62974	21895	38646	3536	8980	-14272	75.21	43.6
14084	62978	21894	38675	3536	8980	-14272	75.21	43.6
14078	62981	21895	38670	3504	9032	-14540	75.21	43.6
14090	62981	21916	38649	3504	9032	-14540	75.21	43.6
14090	62962	21958	38665	3396	9008	-14268	75.21	43.6
14098	62940	21970	38647	3396	9008	-14268	75.21	43.6
14075	62931	21970	38642	3556	9012	-14420	75.21	43.6
14073	62924	21939	38646	3556	9012	-14420	75.21	43.6
14058	62888	21957	38623	3416	8988	-14376	75.21	43.6
14047	62889	21952	38621	3416	8988	-14376	75.21	43.6
14049	62892	21934	38608	3672	9036	-14308	75.21	43.6
14083	62874	21969	38621	3672	9036	-14308	75.21	43.6
14102	62875	21979	38605	3428	8984	-14216	75.21	43.6
14097	62860	21999	38605	3428	8984	-14216	75.21	43.6
14114	62867	22010	38606	3508	8960	-14232	75.21	43.6
14107	62852	22007	38608	3508	8960	-14232	75.63	43.6
14127	62859	22017	38601	3512	8996	-14288	75.63	43.6
14097	62845	22014	38613	3512	8996	-14288	75.63	43.6
14105	62849	22004	38605	3540	8988	-14436	75.63	43.6
14092	62836	22004	38601	3540	8988	-14436	75.63	43.6
14104	62866	21990	38613	3568	8924	-14360	75.63	43.6
14101	62829	22003	38588	3568	8924	-14360	75.63	43.6
14144	62855	21980	38604	3436	8944	-14296	75.63	43.6
14096	62832	21979	38593	3436	8944	-14296	75.63	43.6
14103	62821	21973	38591	3592	9076	-14176	75.63	43.6
14109	62835	21978	38590	3592	9076	-14176	75.63	43.6
14112	62843	21952	38616	3568	9024	-14176	75.63	43.6
14137	62836	21979	38614	3568	9024	-14176	75.63	43.6
14121	62824	21970	38597	3552	8996	-14328	75.63	43.6
14159	62823	21977	38588	3552	8996	-14328	75.63	43.6
14148	62863	21961	38607	3612	9012	-14444	75.63	43.6
14113	62843	21953	38596	3612	9012	-14444	75.63	43.6
14127	62852	21955	38586	3588	8984	-14120	75.63	43.6
14148	62852	21980	38592	3588	8984	-14120	75.63	43.6
14132	62849	21959	38583	3692	9020	-14204	75.63	43.6
14156	62871	21964	38614	3692	9020	-14204	75.63	43.6
14163	62860	21974	38606	3428	8956	-14276	75.63	43.6
14138	62859	21998	38623	3428	8956	-14276	75.63	43.6
14151	62872	22008	38592	3532	8960	-14136	75.63	43.6
14164	62887	22010	38605	3532	8960	-14136	75.63	43.6
14162	62880	21988	38610	3508	9052	-14356	75.63	43.6
14196	62892	22011	38645	3508	9052	-14356	75.63	43.6
14181	62904	22027	38630	3496	9036	-14400	75.63	43.6
14188	62917	22022	38627	3496	9036	-14400	75.63	43.6
14178	62901	22025	38633	3532	9064	-14300	75.63	43.6
14181	62917	22032	38629	3532	9064	-14300	75.63	43.6
14180	62886	22069	38632	3572	8920	-14332	75.63	43.6
14205	62894	22100	38622	3572	8920	-14332	75.63	43.6
14198	62891	22109	38612	3460	8988	-14244	75.63	43.6
14184	62860	22050	38611	3460	8988	-14244	75.63	43.6
14155	62847	22041	38603	3628	8984	-14312	75.63	43.6
14184	62826	22063	38598	3628	8984	-14312	75.63	43.6
14155	62829	22040	38598	3580	8988	-14324	75.63	43.6
14156	62822	22050	38615	3580	8988	-14324	75.63	43.6
14165	62834	22041	38577	3504	8968	-14248	75.63	43.6
14151	62815	22029	38591	3504	8968	-14248	75.63	43.6
14141	62793	22050	38570	3612	9112	-14164	75.63	43.6
14169	62817	22028	38582	3612	9112	-14164	75.63	43.6
14165	62796	22022	38571	3592	8992	-14424	75.63	43.6
14156	62781	22005	38594	3592	8992	-14424	75.63	43.6
14105	62779	22051	38569	3524	9012	-14316	75.63	43.6
14149	62781	22021	38582	3524	9012	-14316	75.63	43.6
14137	62765	22002	38569	3488	9012	-14160	75.63	43.6
14140	62777	21993	38574	3488	9012	-14160	75.63	43.6
14131	62774	21972	38584	3484	9016	-14216	75.63	43.6
14124	62763	21992	38582	3484	9016	-14216	76.19	40.0
14122	62775	21986	38568	3536	8968	-14184	76.19	40.0
14149	62768	21981	38574	3536	8968	-14184	76.19	40.0
14132	62786	21993	38568	3524	8936	-14284	76.19	40.0
14146	62775	21997	38574	3524	8936	-14284	76.19	40.0
14162	62777	21995	38589	3592	8892	-14344	76.19	40.0
14172	62787	21987	38576	3592	8892	-14344	76.19	40.0
14182	62791	21982	38548	3552	9068	-14296	76.19	40.0
14182	62791	21981	38580	3552	9068	-14296	76.19	40.0
14154	62797	21972	38582	3564	8948	-14360	76.19	40.0
14197	62808	22005	38577	3564	8948	-14360	76.19	40.0
14178	62817	21994	38591	3496	8912	-14188	76.19	40.0
14182	62810	21984	38591	3496	8912	-14188	76.19	40.0
14172	62819	21998	38611	3508	8972	-14364	76.19	40.0
14172	62829	21972	38609	3508	8972	-14364	76.19	40.0
14222	62842	21995	38576	3516	9056	-14220	76.19	40.0
14207	62852	21994	38611	3516	9056	-14220	76.19	40.0
14217	62847	21991	38615	3608	9016	-14172	76.19	40.0
14230	62864	22009	38616	3608	9016	-14172	76.19	40.0
14233	62857	22026	38630	3528	8948	-14404	76.19	40.0
14247	62889	22043	38621	3528	8948	-14404	76.19	40.0
14227	62913	22031	38643	3556	8964	-14332	76.19	40.0
14240	62904	22048	38644	3556	8964	-14332	76.19	40.0
14258	62878	22066	38631	3600	9000	-14216	76.19	40.0
14274	62880	22104	38635	3600	9000	-14216	76.19	40.0
14267	62873	22093	38621	3548	8924	-14364	76.19	40.0
14252	62859	22070	38628	3548	8924	-14364	76.19	40.0
14238	62846	22071	38605	3568	8916	-14404	76.19	40.0
14236	62826	22059	38594	3568	8916	-14404	76.19	40.0
14209	62825	22015	38600	3520	9012	-14376	76.19	40.0
14215	62816	22024	38606	3520	9012	-14376	76.19	40.0
14191	62809	22022	38596	3500	8980	-14372	76.19	40.0
14182	62808	22010	38581	3500	8980	-14372	76.19	40.0
14189	62798	21990	38597	3444	9036	-14492	76.19	40.0
14165	62827	21977	38588	3444	9036	-14492	76.19	40.0
14194	62799	22001	38563	3480	9004	-14368	76.19	40.0
14165	62796	21979	38582	3480	9004	-14368	76.19	40.0
14194	62798	21994	38598	3548	8936	-14240	76.19	40.0
14170	62803	21977	38592	3548	8936	-14240	76.19	40.0
14188	62797	21991	38588	3676	9048	-14256	76.19	40.0
14166	62783	21985	38587	3676	9048	-14256	76.19	40.0
14156	62782	21958	38614	3536	9044	-14208	76.19	40.0
14147	62792	21958	38582	3536	9044	-14208	76.19	40.0
14159	62790	21950	38593	3560	9060	-14232	76.19	40.0
14204	62792	21957	38585	3560	9060	-14232	76.19	40.0
14199	62786	21929	38599	3540	8980	-14356	76.19	40.0
14195	62808	21944	38600	3540	8980	-14356	76.19	40.0
14162	62793	21942	38605	3392	9088	-14224	76.19	40.0
14156	62796	21924	38599	3392	9088	-14224	76.19	40.0
14148	62811	21900	38610	3564	9000	-14192	76.19	40.0
14171	62801	21888	38607	3564	9000	-14192	75.00	41.8
14156	62826	21874	38606	3548	9040	-14280	75.00	41.8
14140	62837	21854	38623	3548	9040	-14280	75.00	41.8
14160	62849	21867	38612	3500	9000	-14180	75.00	41.8
14162	62844	21879	38623	3500	9000	-14180	75.00	41.8
14188	62853	21885	38622	3604	9068	-14340	75.00	41.8
14194	62862	21893	38622	3604	9068	-14340	75.00	41.8
14213	62876	21894	38627	3532	8992	-14368	75.00	41.8
14206	62872	21909	38642	3532	8992	-14368	75.00	41.8
14216	62885	21902	38649	3564	8992	-14368	75.00	41.8
14241	62900	21912	38642	3564	8992	-14368	75.00	41.8
14241	62907	21913	38639	3600	8992	-14168	75.00	41.8
14261	62929	21904	38662	3600	8992	-14168	75.00	41.8
14266	62929	21902	38651	3568	8996	-14272	75.00	41.8
14239	62947	21878	38655	3568	8996	-14272	75.00	41.8
14267	62961	21924	38674	3468	9064	-14284	75.00	41.8
14278	62950	21956	38667	3468	9064	-14284	75.00	41.8
14305	62941	21968	38681	3636	9024	-14220	75.00	41.8
14285	62926	21979	38660	3636	9024	-14220	75.00	41.8
14288	62925	21948	38648	3500	9008	-14232	75.00	41.8
14251	62895	21941	38656	3500	9008	-14232	75.00	41.8
14213	62907	21893	38651	3576	9044	-14308	75.00	41.8
14196	62897	21870	38645	3576	9044	-14308	75.00	41.8
14226	62887	21874	38647	3556	8928	-14396	75.00	41.8
14232	62889	21877	38645	3556	8928	-14396	75.00	41.8
14205	62880	21885	38651	3416	8968	-14332	75.00	41.8
14233	62862	21869	38645	3416	8968	-14332	75.00	41.8
14206	62889	21865	38654	3540	9016	-14328	75.00	41.8
14187	62901	21845	38636	3540	9016	-14328	75.00	41.8
14182	62889	21843	38635	3596	8972	-14384	75.00	41.8
14179	62888	21860	38640	3596	8972	-14384	75.00	41.8
14182	62884	21826	38636	3688	8992	-14192	75.00	41.8
14191	62898	21806	38645	3688	8992	-14192	75.00	41.8
14156	62874	21803	38644	3440	8944	-14204	75.00	41.8
14139	62889	21792	38638	3440	8944	-14204	75.00	41.8
14142	62882	21821	38644	3492	8980	-14288	75.00	41.8
14149	62891	21807	38644	3492	8980	-14288	75.00	41.8
14148	62899	21791	38643	3492	8972	-14232	75.00	41.8
14142	62891	21799	38642	3492	8972	-14232	75.00	41.8
14153	62890	21788	38662	3480	9036	-14352	75.00	41.8
14164	62903	21811	38648	3480	9036	-14352	75.00	41.8
14166	62906	21819	38649	3496	9112	-14288	75.00	41.8
14143	62906	21800	38653	3496	9112	-14288	75.00	41.8
14160	62927	21794	38672	3560	9004	-14312	75.00	41.8
14166	62921	21799	38657	3560	9004	-14312	75.00	41.8
14180	62938	21791	38661	3532	8948	-14196	75.00	41.8
14177	62930	21816	38654	3532	8948	-14196	75.00	41.8
14181	62928	21804	38657	3456	9012	-14224	75.00	41.8
14171	62944	21794	38668	3456	9012	-14224	75.00	41.8
14177	62955	21774	38661	3540	8996	-14256	75.00	41.8
14159	62946	21774	38649	3540	8996	-14256	73.97	41.2
14156	62970	21757	38693	3540	9012	-14128	73.97	41.2
14140	62967	21766	38657	3540	9012	-14128	73.97	41.2
14146	62974	21753	38679	3544	8972	-14112	73.97	41.2
14152	62981	21777	38700	3544	8972	-14112	73.97	41.2
14167	62991	21796	38686	3444	8960	-14068	73.97	41.2
14164	62986	21843	38707	3444	8960	-14068	73.97	41.2
14154	62978	21844	38684	3564	9124	-14244	73.97	41.2
14152	62976	21839	38676	3564	9124	-14244	73.97	41.2
14127	62959	21817	38670	3520	9088	-14404	73.97	41.2
14111	62938	21792	38660	3520	9088	-14404	73.97	41.2
14096	62925	21772	38656	3540	9052	-14184	73.97	41.2
14060	62923	21739	38659	3540	9052	-14184	73.97	41.2
14074	62912	21738	38650	3544	9144	-14240	73.97	41.2
14049	62916	21739	38646	3544	9144	-14240	73.97	41.2
14050	62912	21693	38679	3540	8984	-14284	73.97	41.2
14029	62904	21723	38658	3540	8984	-14284	73.97	41.2
14018	62918	21681	38659	3536	8996	-14296	73.97	41.2
14003	62905	21724	38647	3536	8996	-14296	73.97	41.2
14042	62910	21712	38648	3516	9028	-14428	73.97	41.2
14021	62917	21687	38645	3516	9028	-14428	73.97	41.2
13977	62885	21670	38640	3500	9048	-14396	73.97	41.2
13997	62894	21677	38641	3500	9048	-14396	73.97	41.2
13977	62881	21671	38628	3644	8932	-14244	73.97	41.2
14024	62882	21670	38644	3644	8932	-14244	73.97	41.2
14009	62887	21682	38616	3564	9004	-14392	73.97	41.2
14040	62882	21709	38636	3564	9004	-14392	73.97	41.2
14051	62910	21701	38647	3592	9136	-14204	73.97	41.2
14025	62897	21700	38637	3592	9136	-14204	73.97	41.2
14063	62889	21721	38647	3504	9020	-14176	73.97	41.2
14052	62905	21690	38648	3504	9020	-14176	73.97	41.2
14041	62906	21704	38616	3324	8932	-14196	73.97	41.2
14084	62898	21700	38664	3324	8932	-14196	73.97	41.2
14063	62918	21695	38634	3524	9208	-14348	73.97	41.2
14100	62922	21696	38627	3524	9208	-14348	73.97	41.2
14045	62908	21676	38656	3508	9068	-14276	73.97	41.2
14067	62937	21696	38647	3508	9068	-14276	73.97	41.2
14054	62947	21701	38653	3408	8960	-14288	73.97	41.2
14079	62943	21699	38643	3408	8960	-14288	73.97	41.2
14089	62965	21690	38647	3428	9008	-14304	73.97	41.2
14101	62949	21711	38664	3428	9008	-14304	73.97	41.2
14084	62983	21728	38657	3456	8960	-14112	73.97	41.2
14084	62991	21712	38676	3456	8960	-14112	73.97	41.2
14087	63009	21699	38690	3640	8972	-14212	73.97	41.2
14095	63003	21737	38671	3640	8972	-14212	73.97	41.2
14081	63007	21727	38695	3520	9108	-14292	73.97	41.2
14100	62982	21758	38669	3520	9108	-14292	73.97	41.2
14108	62959	21765	38668	3500	9008	-14324	73.97	41.2
14114	62964	21771	38638	3500	9008	-14324	73.97	41.2
14072	62948	21759	38659	3412	8996	-14244	73.97	41.2
14089	62937	21733	38659	3412	8996	-14244	73.77	45.8
14048	62931	21698	38651	3488	9012	-14284	73.77	45.8
14047	62939	21688	38639	3488	9012	-14284	73.77	45.8
14054	62922	21674	38651	3520	9064	-14248	73.77	45.8
14030	62937	21684	38656	3520	9064	-14248	73.77	45.8
14024	62928	21680	38617	3544	8928	-14200	73.77	45.8
14006	62921	21663	38641	3544	8928	-14200	73.77	45.8
13998	62937	21662	38637	3536	9052	-14324	73.77	45.8
14003	62920	21658	38620	3536	9052	-14324	73.77	45.8
13995	62900	21639	38641	3588	9040	-14360	73.77	45.8
13960	62900	21616	38623	3588	9040	-14360	73.77	45.8
13975	62894	21623	38622	3572	9080	-14272	73.77	45.8
13978	62894	21616	38615	3572	9080	-14272	73.77	45.8
13956	62891	21615	38633	3564	9040	-14276	73.77	45.8
13955	62866	21609	38637	3564	9040	-14276	73.77	45.8
13949	62891	21602	38627	3496	9116	-14304	73.77	45.8
13963	62881	21607	38611	3496	9116	-14304	73.77	45.8
13964	62921	21617	38630	3416	9004	-14296	73.77	45.8
13984	62911	21618	38629	3416	9004	-14296	73.77	45.8
13973	62901	21620	38645	3452	9052	-14168	73.77	45.8
13992	62906	21603	38629	3452	9052	-14168	73.77	45.8
13975	62913	21603	38639	3556	9004	-14260	73.77	45.8
13973	62889	21591	38627	3556	9004	-14260	73.77	45.8
13986	62895	21572	38618	3456	9100	-14212	73.77	45.8
13979	62925	21609	38638	3456	9100	-14212	73.77	45.8
13992	62914	21608	38615	3492	8920	-14280	73.77	45.8
14015	62913	21629	38648	3492	8920	-14280	73.77	45.8
14026	62965	21632	38634	3536	8948	-14308	73.77	45.8
14010	62955	21624	38648	3536	8948	-14308	73.77	45.8
13975	62962	21605	38663	3532	9016	-14264	73.77	45.8
14018	62960	21628	38651	3532	9016	-14264	73.77	45.8
13983	62950	21639	38637	3572	9040	-14208	73.77	45.8
13968	62936	21660	38654	3572	9040	-14208	73.77	45.8
13972	62925	21652	38651	3508	8964	-14168	73.77	45.8
13960	62881	21647	38628	3508	8964	-14168	73.77	45.8
13954	62890	21625	38625	3444	8932	-14368	73.77	45.8
13901	62881	21623	38610	3444	8932	-14368	73.77	45.8
13894	62844	21588	38606	3576	9044	-14244	73.77	45.8
13883	62860	21554	38617	3576	9044	-14244	73.77	45.8
13882	62853	21571	38599	3496	9056	-14492	73.77	45.8
13859	62837	21562	38601	3496	9056	-14492	73.77	45.8
13851	62850	21548	38585	3496	9020	-14364	73.77	45.8
13827	62831	21521	38579	3496	9020	-14364	73.77	45.8
13842	62829	21558	38591	3480	9068	-14232	73.77	45.8
13864	62832	21535	38590	3480	9068	-14232	73.77	45.8
13844	62829	21553	38583	3588	9004	-14340	73.77	45.8
13844	62822	21552	38576	3588	9004	-14340	73.77	45.8
13846	62813	21553	38558	3544	9040	-14396	73.77	45.8
13838	62808	21527	38560	3544	9040	-14396	73.77	45.8
13843	62830	21543	38571	3476	8912	-14308	73.77	45.8
13858	62820	21539	38574	3476	8912	-14308	73.62	43.4
13858	62818	21534	38561	3532	9068	-14236	73.62	43.4
13884	62819	21569	38576	3532	9068	-14236	73.62	43.4
13887	62823	21549	38544	3628	9032	-14372	73.62	43.4
13893	62819	21563	38581	3628	9032	-14372	73.62	43.4
13915	62850	21587	38560	3512	8996	-14208	73.62	43.4
13885	62825	21563	38558	3512	8996	-14208	73.62	43.4
13857	62837	21531	38580	3504	9064	-14384	73.62	43.4
13867	62836	21521	38571	3504	9064	-14384	73.62	43.4
13872	62838	21511	38581	3420	9076	-14344	73.62	43.4
13835	62844	21492	38581	3420	9076	-14344	73.62	43.4
13824	62836	21505	38603	3444	8948	-14312	73.62	43.4
13823	62852	21449	38585	3444	8948	-14312	73.62	43.4
13833	62844	21469	38568	3548	9016	-14248	73.62	43.4
13820	62838	21459	38565	3548	9016	-14248	73.62	43.4
13801	62829	21483	38554	3448	8940	-14236	73.62	43.4
13802	62793	21462	38559	3448	8940	-14236	73.62	43.4
13782	62776	21466	38545	3480	9052	-14268	73.62	43.4
13753	62755	21398	38544	3480	9052	-14268	73.62	43.4
13706	62743	21358	38530	3548	8952	-14332	73.62	43.4
13713	62705	21346	38514	3548	8952	-14332	73.62	43.4
13716	62722	21312	38524	3532	9076	-14396	73.62	43.4
13707	62687	21332	38511	3532	9076	-14396	73.62	43.4
13722	62697	21316	38508	3584	9024	-14208	73.62	43.4
13714	62668	21284	38505	3584	9024	-14208	73.62	43.4
13695	62666	21261	38501	3544	8988	-14296	73.62	43.4
13688	62678	21224	38492	3544	8988	-14296	73.62	43.4
13628	62660	21196	38499	3476	9096	-14256	73.62	43.4
13601	62649	21162	38492	3476	9096	-14256	73.62	43.4
13583	62623	21124	38483	3500	8980	-14308	73.62	43.4
13577	62623	21110	38482	3500	8980	-14308	73.62	43.4
13571	62618	21106	38469	3500	8984	-14208	73.62	43.4
13569	62629	21079	38477	3500	8984	-14208	73.62	43.4
13597	62638	21092	38475	3524	8972	-14372	73.62	43.4
13580	62616	21061	38479	3524	8972	-14372	73.62	43.4
13568	62608	21047	38463	3508	8996	-14320	73.62	43.4
13571	62605	21033	38468	3508	8996	-14320	73.62	43.4
13555	62597	21053	38472	3512	9060	-14244	73.62	43.4
13542	62619	21036	38465	3512	9060	-14244	73.62	43.4
13541	62612	21003	38458	3552	9036	-14220	73.62	43.4
13546	62617	20998	38478	3552	9036	-14220	73.62	43.4
13521	62624	20996	38456	3492	9060	-14272	73.62	43.4
13541	62613	20971	38464	3492	9060	-14272	73.62	43.4
13556	62638	20979	38458	3508	8920	-14308	73.62	43.4
13515	62628	20978	38469	3508	8920	-14308	73.62	43.4
13537	62631	20987	38461	3556	9020	-14276	73.62	43.4
13515	62617	21000	38488	3556	9020	-14276	73.62	43.4
13525	62639	20999	38472	3532	9004	-14216	73.62	43.4
13515	62650	21012	38469	3532	9004	-14216	73.62	43.4
13500	62616	21004	38464	3480	8976	-14132	73.62	43.4
13512	62599	21023	38463	3480	8976	-14132	76.27	52.4
13512	62581	20993	38455	3588	8952	-14080	76.27	52.4
13449	62594	20982	38461	3588	8952	-14080	76.27	52.4
13443	62545	20938	38452	3508	8948	-14300	76.27	52.4
13435	62547	20943	38445	3508	8948	-14300	76.27	52.4
13375	62538	20908	38425	3416	8972	-14240	76.27	52.4
13397	62530	20915	38444	3416	8972	-14240	76.27	52.4
13407	62552	20900	38438	3512	9004	-14164	76.27	52.4
13361	62538	20891	38432	3512	9004	-14164	76.27	52.4
13366	62542	20884	38423	3456	9048	-14212	76.27	52.4
13351	62528	20863	38427	3456	9048	-14212	76.27	52.4
13327	62547	20854	38432	3480	8988	-14324	76.27	52.4
13375	62533	20850	38431	3480	8988	-14324	76.27	52.4
13306	62542	20847	38437	3528	9000	-14176	76.27	52.4
13326	62527	20847	38416	3528	9000	-14176	76.27	52.4
13323	62520	20797	38442	3560	8960	-14320	76.27	52.4
13311	62529	20785	38403	3560	8960	-14320	76.27	52.4
13294	62524	20782	38413	3560	9044	-14232	76.27	52.4
13296	62545	20790	38432	3560	9044	-14232	76.27	52.4
13281	62529	20766	38430	3596	9036	-14244	76.27	52.4
13283	62560	20760	38440	3596	9036	-14244	76.27	52.4
13289	62535	20773	38421	3660	9020	-14176	76.27	52.4
13322	62560	20749	38421	3660	9020	-14176	76.27	52.4
13336	62552	20768	38422	3552	8928	-14404	76.27	52.4
13325	62557	20783	38431	3552	8928	-14404	76.27	52.4
13345	62579	20775	38448	3528	9016	-14320	76.27	52.4
13343	62586	20785	38441	3528	9016	-14320	76.27	52.4
13360	62596	20780	38436	3572	8988	-14212	76.27	52.4
13368	62599	20771	38453	3572	8988	-14212	76.27	52.4
13338	62613	20784	38448	3508	9024	-14204	76.27	52.4
13346	62614	20730	38471	3508	9024	-14204	76.27	52.4
13359	62620	20743	38445	3512	8972	-14252	76.27	52.4
13362	62639	20755	38459	3512	8972	-14252	76.27	52.4
13366	62635	20778	38460	3480	9004	-14148	76.27	52.4
13396	62646	20767	38471	3480	9004	-14148	76.27	52.4
13393	62672	20783	38483	3536	9068	-14200	76.27	52.4
13408	62678	20808	38485	3536	9068	-14200	76.27	52.4
13415	62712	20847	38493	3520	8932	-14196	76.27	52.4
13423	62665	20872	38477	3520	8932	-14196	76.27	52.4
13436	62661	20884	38480	3600	9012	-14160	76.27	52.4
13427	62647	20865	38483	3600	9012	-14160	76.27	52.4
13441	62644	20861	38478	3484	9188	-14196	76.27	52.4
13398	62658	20862	38470	3484	9188	-14196	76.27	52.4
13399	62636	20834	38461	3568	9032	-14384	76.27	52.4
13372	62622	20805	38454	3568	9032	-14384	76.27	52.4
13369	62626	20801	38474	3420	9136	-14308	76.27	52.4
13339	62609	20801	38455	3420	9136	-14308	76.27	52.4
13331	62605	20808	38471	3504	8916	-14328	76.27	52.4
13333	62622	20809	38455	3504	8916	-14328	76.27	52.4
13339	62608	20790	38468	3444	9012	-14392	76.27	52.4
13311	62620	20794	38454	3444	9012	-14392	76.19	56.1
13304	62614	20789	38444	3580	9032	-14168	76.19	56.1
13330	62606	20777	38454	3580	9032	-14168	76.19	56.1
13311	62602	20815	38436	3668	9076	-14276	76.19	56.1
13308	62595	20802	38453	3668	9076	-14276	76.19	56.1
13319	62626	20803	38444	3448	8980	-14124	76.19	56.1
13277	62607	20800	38455	3448	8980	-14124	76.19	56.1
13291	62617	20787	38448	3692	9092	-14320	76.19	56.1
13274	62612	20801	38450	3692	9092	-14320	76.19	56.1
13277	62625	20806	38457	3568	8944	-14352	76.19	56.1
13308	62642	20809	38444	3568	8944	-14352	76.19	56.1
13313	62632	20819	38457	3420	9044	-14200	76.19	56.1
13335	62633	20844	38440	3420	9044	-14200	76.19	56.1
13365	62644	20853	38485	3548	9012	-14232	76.19	56.1
13326	62666	20851	38467	3548	9012	-14232	76.19	56.1
13340	62684	20855	38453	3516	9020	-14312	76.19	56.1
13359	62677	20869	38462	3516	9020	-14312	76.19	56.1
13381	62668	20880	38482	3612	9008	-14176	76.19	56.1
13380	62690	20890	38476	3612	9008	-14176	76.19	56.1
13377	62704	20899	38493	3488	9096	-14412	76.19	56.1
13386	62708	20924	38491	3488	9096	-14412	76.19	56.1
13404	62730	20955	38513	3516	8992	-14232	76.19	56.1
13409	62729	20962	38494	3516	8992	-14232	76.19	56.1
13411	62742	20973	38497	3644	8996	-14276	76.19	56.1
13447	62744	20956	38498	3644	8996	-14276	76.19	56.1
13449	62763	20953	38523	3552	9008	-14220	76.19	56.1
13415	62746	20943	38530	3552	9008	-14220	76.19	56.1
13465	62782	20970	38533	3404	9104	-14188	76.19	56.1
13470	62787	20984	38532	3404	9104	-14188	76.19	56.1
13471	62782	21006	38529	3556	8992	-14308	76.19	56.1
13457	62794	21061	38536	3556	8992	-14308	76.19	56.1
13484	62791	21053	38491	3540	8932	-14192	76.19	56.1
13462	62752	21054	38531	3540	8932	-14192	76.19	56.1
13440	62754	21057	38505	3512	9012	-14268	76.19	56.1
13447	62728	21004	38518	3512	9012	-14268	76.19	56.1
13390	62707	21010	38493	3552	9004	-14244	76.19	56.1
13395	62706	20970	38513	3552	9004	-14244	76.19	56.1
13382	62686	20937	38495	3500	9144	-14332	76.19	56.1
13367	62695	20938	38481	3500	9144	-14332	76.19	56.1
13356	62710	20921	38473	3456	9012	-14408	76.19	56.1
13337	62702	20922	38485	3456	9012	-14408	76.19	56.1
13338	62684	20908	38473	3412	9012	-14304	76.19	56.1
13345	62702	20905	38489	3412	9012	-14304	76.19	56.1
13316	62687	20901	38466	3468	9068	-14168	76.19	56.1
13317	62682	20879	38477	3468	9068	-14168	76.19	56.1
13287	62674	20862	38466	3540	9032	-14248	76.19	56.1
13290	62679	20825	38470	3540	9032	-14248	76.19	56.1
13261	62649	20810	38474	3580	9112	-14264	76.19	56.1
13244	62661	20815	38482	3580	9112	-14264	76.19	56.1
13266	62666	20836	38467	3532	9052	-14272	76.19	56.1
13281	62663	20820	38481	3532	9052	-14272	76.92	67.8
13262	62675	20831	38474	3596	9084	-14404	76.92	67.8
13256	62657	20813	38479	3596	9084	-14404	76.92	67.8
13288	62684	20813	38477	3444	9084	-14336	76.92	67.8
13292	62671	20815	38478	3444	9084	-14336	76.92	67.8
13250	62677	20798	38497	3700	8980	-14156	76.92	67.8
13276	62699	20804	38487	3700	8980	-14156	76.92	67.8
13280	62723	20806	38471	3604	8980	-14252	76.92	67.8
13289	62699	20807	38503	3604	8980	-14252	76.92	67.8
13310	62711	20833	38502	3520	9032	-14252	76.92	67.8
13292	62728	20822	38488	3520	9032	-14252	76.92	67.8
13297	62750	20858	38484	3532	9008	-14296	76.92	67.8
13350	62731	20831	38475	3532	9008	-14296	76.92	67.8
13338	62742	20852	38514	3540	9028	-14192	76.92	67.8
13364	62745	20866	38486	3540	9028	-14192	76.92	67.8
13344	62758	20866	38501	3484	8992	-14188	76.92	67.8
13395	62771	20885	38505	3484	8992	-14188	76.92	67.8
13411	62768	20897	38502	3592	9016	-14364	76.92	67.8
13468	62788	20914	38501	3592	9016	-14364	76.92	67.8
13441	62779	20906	38518	3568	9048	-14396	76.92	67.8
13500	62801	20927	38523	3568	9048	-14396	76.92	67.8
13468	62811	20926	38524	3576	8996	-14212	76.92	67.8
13454	62811	20949	38545	3576	8996	-14212	76.92	67.8
13504	62805	20959	38517	3568	8968	-14316	76.92	67.8
13490	62803	20988	38518	3568	8968	-14316	76.92	67.8
13462	62768	20971	38514	3596	8980	-14340	76.92	67.8
13465	62759	20968	38508	3596	8980	-14340	76.92	67.8
13447	62752	20959	38500	3592	9032	-14248	76.92	67.8
13434	62748	20966	38503	3592	9032	-14248	76.92	67.8
13431	62753	20939	38504	3572	9028	-14352	76.92	67.8
13397	62723	20930	38489	3572	9028	-14352	76.92	67.8
13390	62719	20929	38477	3540	8972	-14376	76.92	67.8
13381	62730	20922	38479	3540	8972	-14376	76.92	67.8
13388	62720	20898	38481	3636	9092	-14252	76.92	67.8
13387	62719	20886	38487	3636	9092	-14252	76.92	67.8
13350	62701	20882	38487	3532	9024	-14284	76.92	67.8
13354	62712	20867	38493	3532	9024	-14284	76.92	67.8
13357	62711	20860	38472	3484	9008	-14196	76.92	67.8
13340	62723	20850	38469	3484	9008	-14196	76.92	67.8
13326	62701	20844	38482	3584	9080	-14300	76.92	67.8
13332	62694	20838	38494	3584	9080	-14300	76.92	67.8
13328	62704	20841	38485	3488	8980	-14148	76.92	67.8
13331	62702	20820	38464	3488	8980	-14148	76.92	67.8
13308	62698	20808	38487	3500	8960	-14364	76.92	67.8
13337	62723	20817	38484	3500	8960	-14364	76.92	67.8
13317	62721	20790	38497	3648	9040	-14336	76.92	67.8
13321	62735	20795	38487	3648	9040	-14336	76.92	67.8
13326	62717	20806	38505	3500	9020	-14372	76.92	67.8
13347	62729	20816	38488	3500	9020	-14372	76.92	67.8
13334	62730	20834	38499	3592	9040	-14308	76.92	67.8
13370	62737	20808	38496	3592	9040	-14308	68.77	417.3
13360	62753	20798	38505	3516	8920	-14192	68.77	417.3
13398	62752	20804	38496	3516	8920	-14192	68.77	417.3
13400	62751	20842	38512	3528	9076	-14348	68.77	417.3
13386	62770	20828	38509	3528	9076	-14348	68.77	417.3
13383	62797	20821	38530	3540	8984	-14192	68.77	417.3
13409	62766	20822	38532	3540	8984	-14192	68.77	417.3
13402	62788	20811	38537	3528	9032	-14216	68.77	417.3
13383	62797	20801	38529	3528	9032	-14216	68.77	417.3
13372	62791	20799	38531	3516	8960	-14268	68.77	417.3
13397	62805	20768	38531	3516	8960	-14268	68.77	417.3
13404	62832	20795	38549	3444	9036	-14280	68.77	417.3
13413	62831	20783	38537	3444	9036	-14280	68.77	417.3
13385	62849	20788	38538	3532	9028	-14288	68.77	417.3
13428	62865	20794	38568	3532	9028	-14288	68.77	417.3
13413	62851	20832	38548	3532	9020	-14364	68.77	417.3
13420	62856	20865	38549	3532	9020	-14364	68.77	417.3
13469	62851	20871	38539	3664	9036	-14260	68.77	417.3
13431	62826	20870	38545	3664	9036	-14260	68.77	417.3
13423	62822	20841	38542	3576	9000	-14188	68.77	417.3
13408	62804	20830	38534	3576	9000	-14188	68.77	417.3
13422	62795	20831	38534	3520	8968	-14304	68.77	417.3
13388	62787	20828	38521	3520	8968	-14304	68.77	417.3
13359	62775	20809	38513	3584	9144	-14332	68.77	417.3
13354	62784	20796	38522	3584	9144	-14332	68.77	417.3
13352	62784	20766	38519	3568	9028	-14432	68.77	417.3
13353	62767	20749	38516	3568	9028	-14432	68.77	417.3
13335	62745	20707	38542	3604	9012	-14180	68.77	417.3
13335	62761	20729	38516	3604	9012	-14180	68.77	417.3
13313	62757	20725	38511	3568	9024	-14412	68.77	417.3
13297	62754	20698	38513	3568	9024	-14412	68.77	417.3
13282	62741	20679	38501	3636	8984	-14316	68.77	417.3
13292	62751	20681	38519	3636	8984	-14316	68.77	417.3
13266	62756	20635	38498	3552	8956	-14272	68.77	417.3
13267	62730	20626	38507	3552	8956	-14272	68.77	417.3
13260	62733	20604	38507	3524	9064	-14240	68.77	417.3
13258	62741	20604	38512	3524	9064	-14240	68.77	417.3
13256	62750	20611	38513	3608	9060	-14280	68.77	417.3
13285	62739	20615	38510	3608	9060	-14280	68.77	417.3
13284	62752	20610	38510	3532	8932	-14212	68.77	417.3
13280	62750	20615	38517	3532	8932	-14212	68.77	417.3
13286	62748	20630	38511	3580	9104	-14184	68.77	417.3
13280	62774	20587	38503	3580	9104	-14184	68.77	417.3
13289	62776	20590	38533	3576	8996	-14268	68.77	417.3
13296	62795	20592	38510	3576	8996	-14268	68.77	417.3
13303	62792	20610	38530	3508	8980	-14292	68.77	417.3
13320	62809	20616	38521	3508	8980	-14292	68.77	417.3
13326	62807	20613	38538	3604	9056	-14164	68.77	417.3
13318	62797	20613	38539	3604	9056	-14164	68.77	417.3
13334	62830	20620	38543	3504	9096	-14272	68.77	417.3
13326	62829	20616	38540	3504	9096	-14272	68.57	416.8
13348	62844	20618	38560	3532	8928	-14120	68.57	416.8
13345	62858	20614	38548	3532	8928	-14120	68.57	416.8
13362	62861	20611	38560	3552	9052	-14344	68.57	416.8
13355	62870	20618	38572	3552	9052	-14344	68.57	416.8
13392	62875	20624	38575	3596	8980	-14300	68.57	416.8
13379	62900	20643	38579	3596	8980	-14300	68.57	416.8
13404	62891	20667	38581	3628	9024	-14264	68.57	416.8
13415	62912	20703	38597	3628	9024	-14264	68.57	416.8
13417	62901	20705	38589	3488	9136	-14292	68.57	416.8
13391	62887	20696	38581	3488	9136	-14292	68.57	416.8
13375	62885	20660	38567	3488	9048	-14356	68.57	416.8
13360	62850	20654	38565	3488	9048	-14356	68.57	416.8
13361	62848	20602	38568	3528	9056	-14296	68.57	416.8
13324	62847	20595	38554	3528	9056	-14296	68.57	416.8
13308	62853	20587	38562	3536	9004	-14240	68.57	416.8
13273	62835	20578	38542	3536	9004	-14240	68.57	416.8
13276	62836	20567	38570	3604	9096	-14360	68.57	416.8
13278	62847	20520	38570	3604	9096	-14360	68.57	416.8
13249	62829	20548	38578	3544	8908	-14248	68.57	416.8
13253	62826	20537	38548	3544	8908	-14248	68.57	416.8
13234	62853	20526	38564	3744	9000	-14240	68.57	416.8
13241	62831	20478	38571	3744	9000	-14240	68.57	416.8
13184	62825	20470	38576	3632	8960	-14064	68.57	416.8
13188	62805	20460	38578	3632	8960	-14064	68.57	416.8
13195	62814	20472	38541	3516	9052	-14320	68.57	416.8
13205	62826	20479	38571	3516	9052	-14320	68.57	416.8
13172	62823	20465	38546	3468	9084	-14188	68.57	416.8
13219	62830	20439	38559	3468	9084	-14188	68.57	416.8
13198	62822	20437	38537	3624	9024	-14272	68.57	416.8
13207	62818	20452	38547	3624	9024	-14272	68.57	416.8
13190	62836	20429	38567	3568	8956	-14280	68.57	416.8
13185	62831	20423	38557	3568	8956	-14280	68.57	416.8
13194	62841	20419	38570	3480	9024	-14244	68.57	416.8
13170	62857	20432	38565	3480	9024	-14244	68.57	416.8
13192	62864	20447	38560	3564	9028	-14248	68.57	416.8
13208	62865	20462	38569	3564	9028	-14248	68.57	416.8
13206	62865	20466	38572	3584	9064	-14176	68.57	416.8
13176	62870	20442	38580	3584	9064	-14176	68.57	416.8
13185	62877	20444	38591	3592	8956	-14344	68.57	416.8
13190	62902	20421	38593	3592	8956	-14344	68.57	416.8
13182	62888	20413	38570	3496	8996	-14348	68.57	416.8
13193	62907	20458	38589	3496	8996	-14348	68.57	416.8
13199	62891	20473	38601	3508	9008	-14316	68.57	416.8
13211	62925	20464	38599	3508	9008	-14316	68.57	416.8
13239	62920	20470	38619	3460	9080	-14064	68.57	416.8
13205	62939	20476	38613	3460	9080	-14064	68.57	416.8
13262	62966	20496	38627	3412	9048	-14236	68.57	416.8
13258	62953	20539	38619	3412	9048	-14236	68.57	416.8
13258	62949	20582	38601	3476	8912	-14260	68.57	416.8
13232	62931	20541	38628	3476	8912	-14260	68.18	416.8
13228	62900	20547	38592	3612	8940	-14276	68.18	416.8
13230	62901	20541	38590	3612	8940	-14276	68.18	416.8
13217	62884	20533	38583	3632	9096	-14292	68.18	416.8
13219	62876	20512	38575	3632	9096	-14292	68.18	416.8
13203	62865	20507	38573	3580	8880	-14148	68.18	416.8
13182	62891	20510	38585	3580	8880	-14148	68.18	416.8
13178	62857	20511	38575	3524	9036	-14304	68.18	416.8
13184	62873	20504	38572	3524	9036	-14304	68.18	416.8
13178	62860	20524	38564	3504	8972	-14280	68.18	416.8
13214	62871	20533	38569	3504	8972	-14280	68.18	416.8
13225	62851	20534	38571	3520	9104	-14248	68.18	416.8
13236	62860	20548	38580	3520	9104	-14248	68.18	416.8
13241	62849	20565	38571	3476	8968	-14256	68.18	416.8
13248	62846	20562	38567	3476	8968	-14256	68.18	416.8
13266	62850	20569	38559	3416	9036	-14324	68.18	416.8
13272	62840	20607	38556	3416	9036	-14324	68.18	416.8
13262	62862	20603	38569	3496	9064	-14384	68.18	416.8
13281	62855	20630	38552	3496	9064	-14384	68.18	416.8
13278	62843	20621	38570	3532	9016	-14352	68.18	416.8
13304	62864	20659	38546	3532	9016	-14352	68.18	416.8
13299	62860	20659	38558	3588	9016	-14392	68.18	416.8
13311	62854	20644	38569	3588	9016	-14392	68.18	416.8
13315	62856	20666	38575	3636	9112	-14340	68.18	416.8
13359	62869	20668	38572	3636	9112	-14340	68.18	416.8
13361	62864	20700	38554	3480	9076	-14232	68.18	416.8
13365	62878	20699	38575	3480	9076	-14232	68.18	416.8
13412	62868	20719	38579	3516	9032	-14348	68.18	416.8
13407	62868	20731	38577	3516	9032	-14348	68.18	416.8
13421	62874	20734	38570	3452	8980	-14144	68.18	416.8
13431	62886	20747	38591	3452	8980	-14144	68.18	416.8
13444	62894	20747	38572	3548	9088	-14304	68.18	416.8
13447	62896	20721	38586	3548	9088	-14304	68.18	416.8
13427	62898	20751	38573	3504	9124	-14348	68.18	416.8
13441	62906	20761	38583	3504	9124	-14348	68.18	416.8
13439	62923	20735	38583	3496	8928	-14256	68.18	416.8
13482	62920	20769	38589	3496	8928	-14256	68.18	416.8
13463	62897	20814	38589	3428	9016	-14324	68.18	416.8
13484	62886	20801	38592	3428	9016	-14324	68.18	416.8
13444	62869	20804	38564	3540	8964	-14260	68.18	416.8
13417	62850	20799	38556	3540	8964	-14260	68.18	416.8
13381	62836	20777	38555	3576	8932	-14344	68.18	416.8
13356	62807	20733	38533	3576	8932	-14344	68.18	416.8
13355	62799	20703	38549	3592	8984	-14296	68.18	416.8
13343	62776	20704	38518	3592	8984	-14296	68.18	416.8
13304	62765	20696	38527	3480	9092	-14224	68.18	416.8
13314	62746	20713	38516	3480	9092	-14224	68.18	416.8
13321	62746	20714	38501	3544	9032	-14276	68.18	416.8
13304	62739	20691	38489	3544	9032	-14276	68.18	416.8
13279	62729	20674	38512	3588	8940	-14380	68.18	416.8
13258	62723	20679	38492	3588	8940	-14380	67.80	417.0
13287	62710	20657	38467	3488	9092	-14356	67.80	417.0
13291	62705	20676	38482	3488	9092	-14356	67.80	417.0
13285	62703	20683	38490	3668	9064	-14132	67.80	417.0
13271	62686	20627	38480	3668	9064	-14132	67.80	417.0
13261	62691	20642	38452	3644	9060	-14348	67.80	417.0
13273	62694	20642	38460	3644	9060	-14348	67.80	417.0
13258	62658	20606	38473	3488	8932	-14264	67.80	417.0
13261	62689	20641	38472	3488	8932	-14264	67.80	417.0
13256	62693	20617	38466	3524	9056	-14172	67.80	417.0
13231	62683	20612	38477	3524	9056	-14172	67.80	417.0
13242	62676	20623	38478	3440	9104	-14372	67.80	417.0
13244	62691	20568	38469	3440	9104	-14372	67.80	417.0
13203	62693	20540	38471	3500	9020	-14192	67.80	417.0
13206	62683	20527	38464	3500	9020	-14192	67.80	417.0
13183	62691	20515	38470	3628	8972	-14252	67.80	417.0
13167	62692	20514	38485	3628	8972	-14252	67.80	417.0
13145	62684	20485	38476	3608	8996	-14288	67.80	417.0
13142	62690	20482	38464	3608	8996	-14288	67.80	417.0
13153	62676	20442	38487	3472	9004	-14240	67.80	417.0
13117	62693	20466	38481	3472	9004	-14240	67.80	417.0
13103	62700	20453	38478	3516	9016	-14328	67.80	417.0
13144	62713	20426	38474	3516	9016	-14328	67.80	417.0
13091	62697	20450	38477	3576	9056	-14288	67.80	417.0
13076	62693	20437	38466	3576	9056	-14288	67.80	417.0
13108	62673	20460	38475	3508	9064	-14308	67.80	417.0
13119	62682	20476	38465	3508	9064	-14308	67.80	417.0
13084	62663	20465	38471	3488	9056	-14376	67.80	417.0
13063	62626	20432	38446	3488	9056	-14376	67.80	417.0
13011	62607	20420	38438	3628	9032	-14256	67.80	417.0
13012	62599	20424	38438	3628	9032	-14256	67.80	417.0
12959	62579	20392	38436	3672	9052	-14272	67.80	417.0
12945	62575	20358	38430	3672	9052	-14272	67.80	417.0
12927	62528	20341	38424	3552	9064	-14280	67.80	417.0
12916	62529	20367	38408	3552	9064	-14280	67.80	417.0
12937	62514	20355	38391	3604	9068	-14216	67.80	417.0
12919	62537	20334	38388	3604	9068	-14216	67.80	417.0
12889	62512	20319	38393	3512	9004	-14504	67.80	417.0
12911	62504	20326	38386	3512	9004	-14504	67.80	417.0
12909	62496	20321	38376	3476	9040	-14384	67.80	417.0
12893	62489	20334	38362	3476	9040	-14384	67.80	417.0
12886	62465	20298	38367	3636	9056	-14376	67.80	417.0
12867	62478	20327	38357	3636	9056	-14376	67.80	417.0
12885	62465	20303	38361	3548	9168	-14236	67.80	417.0
12888	62440	20305	38370	3548	9168	-14236	67.80	417.0
12864	62437	20329	38332	3476	8960	-14220	67.80	417.0
12874	62431	20332	38361	3476	8960	-14220	67.80	417.0
12924	62444	20316	38373	3604	9024	-14120	67.80	417.0
12897	62438	20323	38348	3604	9024	-14120	67.80	417.0
12901	62461	20322	38365	3532	9012	-14076	67.80	417.0
12891	62437	20324	38351	3532	9012	-14076	66.30	258.7
12904	62462	20310	38371	3532	9120	-14132	66.30	258.7
12939	62451	20345	38359	3532	9120	-14132	66.30	258.7
12927	62456	20310	38357	3432	9024	-14212	66.30	258.7
12933	62471	20328	38358	3432	9024	-14212	66.30	258.7
12948	62467	20328	38354	3516	8964	-14260	66.30	258.7
12939	62479	20335	38358	3516	8964	-14260	66.30	258.7
12949	62472	20345	38357	3596	9036	-14164	66.30	258.7
12950	62506	20354	38372	3596	9036	-14164	66.30	258.7
12974	62497	20355	38362	3584	9152	-14180	66.30	258.7
12979	62520	20351	38382	3584	9152	-14180	66.30	258.7
12991	62515	20351	38340	3616	9052	-14156	66.30	258.7
12971	62521	20362	38367	3616	9052	-14156	66.30	258.7
12987	62532	20324	38369	3592	9036	-14156	66.30	258.7
12999	62542	20346	38402	3592	9036	-14156	66.30	258.7
13024	62527	20380	38376	3596	9080	-14184	66.30	258.7
13022	62534	20409	38390	3596	9080	-14184	66.30	258.7
12989	62484	20397	38355	3364	9052	-14424	66.30	258.7
12985	62481	20389	38358	3364	9052	-14424	66.30	258.7
12966	62459	20394	38353	3584	9068	-14332	66.30	258.7
12944	62443	20351	38353	3584	9068	-14332	66.30	258.7
12945	62423	20328	38330	3544	9028	-14240	66.30	258.7
12920	62429	20307	38327	3544	9028	-14240	66.30	258.7
12907	62414	20324	38343	3544	8920	-14236	66.30	258.7
12884	62408	20274	38323	3544	8920	-14236	66.30	258.7
12879	62386	20268	38316	3516	8924	-14504	66.30	258.7
12864	62376	20255	38319	3516	8924	-14504	66.30	258.7
12850	62400	20255	38325	3580	9068	-14276	66.30	258.7
12872	62377	20231	38315	3580	9068	-14276	66.30	258.7
12855	62367	20242	38302	3696	8984	-14144	66.30	258.7
12854	62373	20249	38304	3696	8984	-14144	66.30	258.7
12822	62367	20239	38307	3508	9068	-14272	66.30	258.7
12836	62347	20240	38296	3508	9068	-14272	66.30	258.7
12805	62342	20207	38303	3544	9072	-14188	66.30	258.7
12813	62361	20213	38291	3544	9072	-14188	66.30	258.7
12818	62377	20226	38301	3372	9016	-14340	66.30	258.7
12821	62360	20209	38302	3372	9016	-14340	66.30	258.7
12804	62377	20204	38289	3480	8992	-14364	66.30	258.7
12811	62357	20191	38300	3480	8992	-14364	66.30	258.7
12834	62371	20207	38304	3516	8988	-14340	66.30	258.7
12833	62377	20227	38306	3516	8988	-14340	66.30	258.7
12851	62404	20221	38314	3548	9036	-14304	66.30	258.7
12865	62373	20192	38316	3548	9036	-14304	66.30	258.7
12856	62383	20205	38310	3628	8992	-14288	66.30	258.7
12882	62412	20190	38297	3628	8992	-14288	66.30	258.7
12850	62409	20206	38319	3576	9056	-14332	66.30	258.7
12870	62398	20197	38323	3576	9056	-14332	66.30	258.7
12874	62418	20220	38318	3532	9048	-14092	66.30	258.7
12887	62431	20223	38329	3532	9048	-14092	66.30	258.7
12889	62436	20207	38324	3540	9080	-14200	66.30	258.7
12876	62424	20194	38340	3540	9080	-14200	73.37	30.8
12885	62444	20200	38324	3596	9136	-14296	73.37	30.8
12889	62431	20205	38323	3596	9136	-14296	73.37	30.8
12877	62477	20204	38331	3516	8988	-14232	73.37	30.8
12912	62478	20227	38333	3516	8988	-14232	73.37	30.8
12887	62496	20206	38361	3548	8960	-14296	73.37	30.8
12927	62482	20255	38338	3548	8960	-14296	73.37	30.8
12936	62469	20272	38326	3560	9128	-14240	73.37	30.8
12901	62460	20280	38335	3560	9128	-14240	73.37	30.8
12890	62441	20258	38315	3516	8988	-14312	73.37	30.8
12862	62445	20216	38322	3516	8988	-14312	73.37	30.8
12843	62404	20220	38304	3560	9024	-14200	73.37	30.8
12813	62407	20217	38335	3560	9024	-14200	73.37	30.8
12793	62397	20177	38297	3448	8984	-14256	73.37	30.8
12823	62397	20175	38287	3448	8984	-14256	73.37	30.8
12761	62396	20169	38289	3548	9084	-14280	73.37	30.8
12779	62404	20193	38299	3548	9084	-14280	73.37	30.8
12772	62388	20160	38292	3516	9004	-14220	73.37	30.8
12762	62409	20160	38298	3516	9004	-14220	73.37	30.8
12763	62362	20153	38301	3476	9016	-14184	73.37	30.8
12742	62364	20188	38299	3476	9016	-14184	73.37	30.8
12747	62356	20176	38263	3640	8964	-14364	73.37	30.8
12747	62370	20181	38264	3640	8964	-14364	73.37	30.8
12763	62351	20143	38294	3612	9040	-14324	73.37	30.8
12751	62370	20157	38265	3612	9040	-14324	73.37	30.8
12735	62363	20151	38268	3532	9040	-14212	73.37	30.8
12769	62362	20157	38275	3532	9040	-14212	73.37	30.8
12784	62376	20182	38285	3596	9012	-14280	73.37	30.8
12782	62385	20177	38277	3596	9012	-14280	73.37	30.8
12814	62385	20205	38307	3540	9004	-14208	73.37	30.8
12782	62386	20179	38297	3540	9004	-14208	73.37	30.8
12830	62404	20212	38290	3500	9068	-14400	73.37	30.8
12837	62399	20229	38301	3500	9068	-14400	73.37	30.8
12820	62419	20212	38296	3596	9012	-14288	73.37	30.8
12889	62428	20247	38308	3596	9012	-14288	73.37	30.8
12925	62424	20268	38319	3488	9060	-14140	73.37	30.8
12909	62448	20292	38298	3488	9060	-14140	73.37	30.8
12948	62444	20303	38310	3552	9080	-14332	73.37	30.8
12930	62468	20319	38317	3552	9080	-14332	73.37	30.8
12948	62470	20329	38301	3604	9016	-14252	73.37	30.8
12957	62481	20311	38336	3604	9016	-14252	73.37	30.8
13046	62503	20360	38311	3584	9052	-14448	73.37	30.8
13092	62500	20433	38317	3584	9052	-14448	73.37	30.8
13132	62524	20461	38335	3560	9012	-14184	73.37	30.8
13169	62534	20489	38347	3560	9012	-14184	73.37	30.8
13205	62561	20513	38335	3496	9084	-14320	73.37	30.8
13226	62558	20524	38352	3496	9084	-14320	73.37	30.8
13240	62553	20573	38352	3492	9024	-14268	73.37	30.8
13287	62556	20621	38344	3492	9024	-14268	73.37	30.8
13300	62538	20630	38333	3644	9064	-14292	73.37	30.8
13310	62537	20651	38329	3644	9064	-14292	73.37	31.6
13311	62505	20679	38307	3524	9028	-14396	73.37	31.6
13343	62503	20673	38318	3524	9028	-14396	73.37	31.6
13302	62491	20666	38338	3516	9092	-14296	73.37	31.6
13334	62477	20660	38328	3516	9092	-14296	73.37	31.6
13322	62488	20661	38308	3476	9084	-14236	73.37	31.6
13317	62471	20680	38318	3476	9084	-14236	73.37	31.6
13337	62477	20689	38308	3644	9008	-14296	73.37	31.6
13347	62475	20680	38302	3644	9008	-14296	73.37	31.6
13343	62509	20691	38320	3604	9004	-14348	73.37	31.6
13353	62496	20697	38313	3604	9004	-14348	73.37	31.6
13316	62489	20678	38317	3588	9052	-14080	73.37	31.6
13326	62489	20665	38291	3588	9052	-14080	73.37	31.6
13297	62481	20652	38317	3488	9076	-14248	73.37	31.6
13291	62484	20641	38305	3488	9076	-14248	73.37	31.6
13279	62469	20636	38316	3576	9112	-14284	73.37	31.6
13298	62493	20648	38314	3576	9112	-14284	73.37	31.6
13279	62508	20647	38302	3552	8992	-14316	73.37	31.6
13276	62502	20627	38323	3552	8992	-14316	73.37	31.6
13278	62497	20656	38330	3652	9008	-14248	73.37	31.6
13274	62505	20623	38324	3652	9008	-14248	73.37	31.6
13298	62532	20646	38319	3480	9036	-14380	73.37	31.6
13313	62527	20642	38333	3480	9036	-14380	73.37	31.6
13323	62536	20655	38337	3552	8984	-14324	73.37	31.6
13316	62523	20645	38334	3552	8984	-14324	73.37	31.6
13330	62542	20669	38336	3476	9000	-14276	73.37	31.6
13331	62545	20653	38339	3476	9000	-14276	73.37	31.6
13320	62566	20658	38360	3568	9000	-14296	73.37	31.6
13315	62549	20661	38360	3568	9000	-14296	73.37	31.6
13345	62583	20655	38363	3460	9020	-14344	73.37	31.6
13326	62606	20639	38354	3460	9020	-14344	73.37	31.6
13321	62595	20653	38364	3488	9000	-14288	73.37	31.6
13323	62619	20642	38371	3488	9000	-14288	73.37	31.6
13345	62610	20646	38370	3568	9048	-14208	73.37	31.6
13339	62623	20628	38376	3568	9048	-14208	73.37	31.6
13320	62625	20635	38401	3568	9044	-14248	73.37	31.6
13289	62662	20618	38399	3568	9044	-14248	73.37	31.6
13321	62655	20619	38397	3492	9036	-14292	73.37	31.6
13290	62644	20633	38387	3492	9036	-14292	73.37	31.6
13275	62656	20653	38415	3560	8996	-14112	73.37	31.6
13258	62643	20653	38399	3560	8996	-14112	73.37	31.6
13226	62631	20631	38381	3600	9136	-14308	73.37	31.6
13215	62624	20605	38387	3600	9136	-14308	73.37	31.6
13216	62609	20588	38395	3520	9008	-14300	73.37	31.6
13209	62593	20581	38369	3520	9008	-14300	73.37	31.6
13166	62586	20584	38366	3536	9012	-14148	73.37	31.6
13123	62591	20541	38381	3536	9012	-14148	73.37	31.6
13141	62593	20545	38360	3580	9036	-14276	73.37	31.6
13127	62596	20540	38357	3580	9036	-14276	73.37	31.6
13138	62568	20529	38373	3548	9080	-14256	73.37	31.6
13094	62614	20516	38388	3548	9080	-14256	73.85	29.3
13127	62601	20532	38376	3508	9112	-14372	73.85	29.3
13103	62589	20546	38385	3508	9112	-14372	73.85	29.3
13122	62593	20511	38377	3656	9040	-14288	73.85	29.3
13095	62592	20503	38378	3656	9040	-14288	73.85	29.3
13065	62586	20505	38371	3580	9076	-14084	73.85	29.3
13056	62589	20467	38378	3580	9076	-14084	73.85	29.3
13063	62575	20483	38363	3512	9008	-14308	73.85	29.3
13110	62594	20495	38392	3512	9008	-14308	73.85	29.3
13127	62607	20515	38402	3492	9040	-14252	73.85	29.3
13137	62621	20526	38395	3492	9040	-14252	73.85	29.3
13194	62628	20540	38406	3628	9112	-14152	73.85	29.3
13150	62622	20533	38403	3628	9112	-14152	73.85	29.3
13152	62645	20485	38414	3588	9044	-14352	73.85	29.3
13157	62678	20521	38404	3588	9044	-14352	73.85	29.3
13169	62653	20502	38398	3504	8988	-14220	73.85	29.3
13168	62692	20520	38431	3504	8988	-14220	73.85	29.3
13220	62691	20503	38421	3556	9012	-14228	73.85	29.3
13210	62697	20507	38440	3556	9012	-14228	73.85	29.3
13175	62720	20501	38429	3576	9056	-14260	73.85	29.3
13192	62726	20499	38444	3576	9056	-14260	73.85	29.3
13220	62740	20465	38450	3700	9012	-14320	73.85	29.3
13190	62745	20491	38460	3700	9012	-14320	73.85	29.3
13180	62756	20451	38444	3540	9008	-14296	73.85	29.3
13216	62767	20477	38468	3540	9008	-14296	73.85	29.3
13208	62771	20487	38478	3608	8984	-14176	73.85	29.3
13242	62812	20492	38490	3608	8984	-14176	73.85	29.3
13230	62846	20475	38495	3524	9052	-14084	73.85	29.3
13252	62830	20470	38494	3524	9052	-14084	73.85	29.3
13257	62845	20455	38511	3484	8932	-14148	73.85	29.3
13251	62864	20471	38508	3484	8932	-14148	73.85	29.3
13274	62877	20508	38535	3520	8964	-14296	73.85	29.3
13279	62858	20547	38542	3520	8964	-14296	73.85	29.3
13284	62869	20541	38539	3404	9052	-14232	73.85	29.3
13313	62873	20547	38519	3404	9052	-14232	73.85	29.3
13298	62859	20546	38529	3612	9008	-14276	73.85	29.3
13284	62872	20532	38520	3612	9008	-14276	73.85	29.3
13297	62854	20516	38530	3616	9020	-14336	73.85	29.3
13248	62850	20494	38541	3616	9020	-14336	73.85	29.3
13285	62864	20504	38527	3624	9020	-14208	73.85	29.3
13252	62868	20458	38529	3624	9020	-14208	73.85	29.3
13231	62867	20443	38529	3520	9036	-14244	73.85	29.3
13215	62869	20454	38548	3520	9036	-14244	73.85	29.3
13201	62871	20475	38533	3496	9008	-14284	73.85	29.3
13268	62885	20493	38536	3496	9008	-14284	73.85	29.3
13258	62886	20529	38554	3620	9096	-14276	73.85	29.3
13304	62881	20511	38548	3620	9096	-14276	73.85	29.3
13305	62897	20543	38529	3532	9024	-14200	73.85	29.3
13325	62888	20562	38535	3532	9024	-14200	73.85	29.3
13341	62880	20555	38557	3628	9076	-14264	73.85	29.3
13292	62881	20555	38544	3628	9076	-14264	74.53	25.1
13322	62895	20526	38552	3560	9012	-14372	74.53	25.1
13325	62913	20547	38541	3560	9012	-14372	74.53	25.1
13318	62891	20549	38557	3480	8996	-14216	74.53	25.1
13332	62900	20552	38542	3480	8996	-14216	74.53	25.1
13330	62895	20568	38551	3424	9072	-14340	74.53	25.1
13357	62927	20584	38547	3424	9072	-14340	74.53	25.1
13359	62907	20576	38573	3580	8992	-14228	74.53	25.1
13316	62944	20540	38575	3580	8992	-14228	74.53	25.1
13347	62931	20539	38578	3588	9036	-14532	74.53	25.1
13329	62933	20539	38571	3588	9036	-14532	74.53	25.1
13312	62938	20538	38584	3528	9000	-14020	74.53	25.1
13297	62945	20541	38574	3528	9000	-14020	74.53	25.1
13303	62952	20573	38580	3584	9048	-14324	74.53	25.1
13318	62954	20566	38579	3584	9048	-14324	74.53	25.1
13316	62979	20574	38584	3508	9056	-14372	74.53	25.1
13326	62971	20551	38582	3508	9056	-14372	74.53	25.1
13351	62965	20584	38591	3588	9024	-14276	74.53	25.1
13361	62983	20623	38592	3588	9024	-14276	74.53	25.1
13386	62982	20629	38592	3532	9072	-14240	74.53	25.1
13389	63013	20634	38612	3532	9072	-14240	74.53	25.1
13406	63032	20686	38614	3600	9008	-14152	74.53	25.1
13410	63014	20691	38624	3600	9008	-14152	74.53	25.1
13397	63025	20679	38622	3632	8968	-14308	74.53	25.1
13398	63011	20643	38612	3632	8968	-14308	74.53	25.1
13395	62991	20655	38600	3564	9000	-14224	74.53	25.1
13357	62979	20613	38609	3564	9000	-14224	74.53	25.1
13324	62997	20613	38597	3552	8968	-14268	74.53	25.1
13284	62968	20576	38599	3552	8968	-14268	74.53	25.1
13308	62987	20590	38611	3592	9072	-14236	74.53	25.1
13273	62980	20564	38607	3592	9072	-14236	74.53	25.1
13272	62979	20546	38615	3508	8976	-14396	74.53	25.1
13268	62952	20506	38601	3508	8976	-14396	74.53	25.1
13239	62968	20538	38608	3592	9048	-14200	74.53	25.1
13213	62964	20527	38624	3592	9048	-14200	74.53	25.1
13199	62960	20508	38611	3456	9052	-14384	74.53	25.1
13194	62963	20499	38605	3456	9052	-14384	74.53	25.1
13194	62947	20514	38606	3532	9016	-14192	74.53	25.1
13195	62958	20505	38606	3532	9016	-14192	74.53	25.1
13215	62976	20514	38602	3508	9096	-14184	74.53	25.1
13215	62942	20531	38591	3508	9096	-14184	74.53	25.1
13241	62979	20544	38616	3540	9040	-14352	74.53	25.1
13260	62980	20549	38616	3540	9040	-14352	74.53	25.1
13269	62988	20543	38612	3528	9000	-14240	74.53	25.1
13242	62990	20546	38612	3528	9000	-14240	74.53	25.1
13244	62989	20541	38643	3472	9052	-14260	74.53	25.1
13261	63005	20519	38620	3472	9052	-14260	74.53	25.1
13275	63007	20567	38630	3628	9084	-14160	74.53	25.1
13297	63027	20560	38649	3628	9084	-14160	74.53	25.1
13266	63035	20563	38647	3488	9052	-14244	74.53	25.1
13309	63053	20564	38661	3488	9052	-14244	73.97	35.4
13258	63043	20529	38649	3660	9020	-14228	73.97	35.4
13274	63036	20507	38653	3660	9020	-14228	73.97	35.4
13282	63071	20555	38666	3552	9064	-14080	73.97	35.4
13283	63064	20567	38661	3552	9064	-14080	73.97	35.4
13270	63083	20573	38646	3608	8988	-14196	73.97	35.4
13276	63081	20538	38667	3608	8988	-14196	73.97	35.4
13285	63092	20530	38669	3556	9016	-14304	73.97	35.4
13277	63096	20569	38689	3556	9016	-14304	73.97	35.4
13262	63074	20575	38685	3532	8988	-14436	73.97	35.4
13255	63074	20576	38667	3532	8988	-14436	73.97	35.4
13223	63059	20568	38694	3500	9052	-14360	73.97	35.4
13233	63049	20529	38661	3500	9052	-14360	73.97	35.4
13192	63040	20534	38666	3564	9128	-14160	73.97	35.4
13117	63012	20510	38671	3564	9128	-14160	73.97	35.4
13084	63030	20482	38669	3496	9032	-14160	73.97	35.4
13070	63022	20467	38655	3496	9032	-14160	73.97	35.4
13071	63026	20442	38643	3464	9028	-14164	73.97	35.4
13019	63008	20402	38657	3464	9028	-14164	73.97	35.4
12993	63006	20392	38677	3600	9008	-14284	73.97	35.4
12969	62999	20337	38646	3600	9008	-14284	73.97	35.4
12937	62988	20318	38655	3644	9024	-14268	73.97	35.4
12938	63001	20296	38663	3644	9024	-14268	73.97	35.4
12886	62999	20275	38648	3516	8976	-14308	73.97	35.4
12868	62946	20228	38653	3516	8976	-14308	73.97	35.4
12868	62957	20224	38664	3524	9096	-14232	73.97	35.4
12907	62974	20206	38654	3524	9096	-14232	73.97	35.4
12884	62976	20223	38643	3604	9116	-14288	73.97	35.4
12898	62980	20232	38649	3604	9116	-14288	73.97	35.4
12924	62987	20248	38653	3564	9032	-14252	73.97	35.4
12931	62966	20273	38639	3564	9032	-14252	73.97	35.4
12926	62984	20269	38653	3460	9056	-14320	73.97	35.4
12902	62990	20274	38649	3460	9056	-14320	73.97	35.4
12896	62990	20271	38650	3468	9020	-14124	73.97	35.4
12941	62989	20282	38652	3468	9020	-14124	73.97	35.4
12936	63002	20253	38649	3460	9012	-14212	73.97	35.4
12979	63010	20283	38673	3460	9012	-14212	73.97	35.4
12952	63011	20276	38681	3588	9072	-14232	73.97	35.4
12969	63012	20296	38670	3588	9072	-14232	73.97	35.4
12995	63013	20272	38680	3496	9008	-14264	73.97	35.4
12978	63033	20263	38658	3496	9008	-14264	73.97	35.4
13009	63047	20275	38659	3596	9056	-14184	73.97	35.4
12978	63044	20266	38676	3596	9056	-14184	73.97	35.4
12994	63064	20290	38686	3556	9076	-14232	73.97	35.4
12981	63043	20329	38689	3556	9076	-14232	73.97	35.4
12996	63051	20317	38700	3528	8960	-14304	73.97	35.4
13010	63033	20345	38682	3528	8960	-14304	73.97	35.4
12962	63001	20347	38679	3540	8988	-14340	73.97	35.4
12975	62980	20349	38679	3540	8988	-14340	73.97	35.4
12973	62970	20339	38653	3500	9104	-14224	73.97	35.4
12943	62970	20302	38652	3500	9104	-14224	75.00	54.8
12927	62971	20314	38658	3568	8984	-14248	75.00	54.8
12949	62945	20292	38652	3568	8984	-14248	75.00	54.8
12888	62951	20290	38644	3480	9112	-14172	75.00	54.8
12911	62941	20300	38651	3480	9112	-14172	75.00	54.8
12900	62948	20283	38659	3480	9068	-14060	75.00	54.8
12898	62927	20250	38667	3480	9068	-14060	75.00	54.8
12900	62936	20248	38655	3496	9052	-14212	75.00	54.8
12884	62904	20237	38665	3496	9052	-14212	75.00	54.8
12857	62939	20226	38653	3592	9068	-14284	75.00	54.8
12843	62916	20215	38646	3592	9068	-14284	75.00	54.8
12843	62922	20217	38649	3576	9052	-14276	75.00	54.8
12825	62911	20174	38642	3576	9052	-14276	75.00	54.8
12813	62910	20162	38646	3560	9004	-14256	75.00	54.8
12812	62910	20184	38643	3560	9004	-14256	75.00	54.8
12820	62894	20174	38678	3524	8988	-14300	75.00	54.8
12818	62918	20197	38663	3524	8988	-14300	75.00	54.8
12832	62933	20174	38649	3500	9036	-14308	75.00	54.8
12797	62927	20174	38665	3500	9036	-14308	75.00	54.8
12816	62951	20185	38688	3548	9112	-14228	75.00	54.8
12803	62937	20189	38677	3548	9112	-14228	75.00	54.8
12838	62951	20194	38666	3564	9016	-14364	75.00	54.8
12851	62958	20198	38694	3564	9016	-14364	75.00	54.8
12847	62959	20194	38694	3552	9044	-14196	75.00	54.8
12864	62949	20206	38676	3552	9044	-14196	75.00	54.8
12871	62973	20230	38712	3500	9036	-14284	75.00	54.8
12867	62962	20202	38690	3500	9036	-14284	75.00	54.8
12869	62985	20227	38708	3600	9108	-14144	75.00	54.8
12865	62990	20214	38697	3600	9108	-14144	75.00	54.8
12851	62993	20199	38708	3540	9092	-14188	75.00	54.8
12847	63012	20215	38710	3540	9092	-14188	75.00	54.8
12854	63000	20219	38718	3532	9180	-14156	75.00	54.8
12869	63035	20257	38718	3532	9180	-14156	75.00	54.8
12899	63020	20269	38722	3600	9092	-14352	75.00	54.8
12926	63015	20307	38718	3600	9092	-14352	75.00	54.8
12899	62995	20343	38713	3596	8992	-14180	75.00	54.8
12935	62977	20363	38699	3596	8992	-14180	75.00	54.8
12930	62979	20381	38713	3576	8976	-14336	75.00	54.8
12929	62961	20368	38713	3576	8976	-14336	75.00	54.8
12928	62957	20362	38716	3504	8972	-14188	75.00	54.8
12917	62956	20366	38707	3504	8972	-14188	75.00	54.8
12923	62934	20377	38718	3644	8972	-14208	75.00	54.8
12924	62933	20392	38698	3644	8972	-14208	75.00	54.8
12944	62946	20401	38691	3568	9124	-14204	75.00	54.8
12928	62928	20386	38691	3568	9124	-14204	75.00	54.8
12945	62920	20427	38683	3496	9092	-14360	75.00	54.8
12977	62928	20447	38704	3496	9092	-14360	75.00	54.8
12985	62943	20439	38690	3588	9064	-14288	75.00	54.8
12980	62942	20473	38701	3588	9064	-14288	75.00	54.8
12999	62924	20444	38711	3456	9040	-14416	75.00	54.8
12994	62936	20447	38698	3456	9040	-14416	75.63	54.8
13003	62934	20440	38704	3528	9032	-14184	75.63	54.8
13009	62939	20424	38706	3528	9032	-14184	75.63	54.8
12996	62911	20416	38714	3576	8980	-14336	75.63	54.8
12997	62929	20460	38718	3576	8980	-14336	75.63	54.8
12992	62940	20444	38708	3524	9000	-14260	75.63	54.8
13001	62940	20423	38711	3524	9000	-14260	75.63	54.8
12991	62932	20444	38708	3588	9060	-14116	75.63	54.8
12975	62942	20429	38718	3588	9060	-14116	75.63	54.8
13003	62967	20470	38710	3496	9032	-14240	75.63	54.8
13037	62948	20445	38708	3496	9032	-14240	75.63	54.8
13025	62978	20466	38706	3480	9068	-14228	75.63	54.8
13037	62981	20454	38725	3480	9068	-14228	75.63	54.8
13041	62984	20460	38749	3576	9100	-14176	75.63	54.8
13049	62995	20482	38740	3576	9100	-14176	75.63	54.8
13057	63008	20480	38749	3552	9044	-14288	75.63	54.8
13088	63010	20503	38745	3552	9044	-14288	75.63	54.8
13094	63029	20525	38735	3516	9036	-14360	75.63	54.8
13111	63029	20556	38777	3516	9036	-14360	75.63	54.8
13115	63053	20537	38758	3608	9028	-14244	75.63	54.8
13145	63052	20550	38764	3608	9028	-14244	75.63	54.8
13147	63071	20569	38771	3540	8964	-14356	75.63	54.8
13175	63089	20591	38778	3540	8964	-14356	75.63	54.8
13175	63103	20597	38769	3552	9068	-14304	75.63	54.8
13224	63119	20612	38788	3552	9068	-14304	75.63	54.8
13216	63104	20639	38813	3516	9104	-14252	75.63	54.8
13186	63089	20675	38790	3516	9104	-14252	75.63	54.8
13215	63075	20652	38793	3588	9068	-14232	75.63	54.8
13164	63047	20667	38783	3588	9068	-14232	75.63	54.8
13177	63051	20661	38788	3492	8960	-14200	75.63	54.8
13213	63042	20680	38771	3492	8960	-14200	75.63	54.8
13187	63022	20666	38767	3580	9124	-14252	75.63	54.8
13170	63045	20662	38788	3580	9124	-14252	75.63	54.8
13176	63018	20702	38769	3548	9080	-14392	75.63	54.8
13212	63007	20714	38753	3548	9080	-14392	75.63	54.8
13212	63024	20722	38775	3436	9124	-14264	75.63	54.8
13224	63021	20717	38783	3436	9124	-14264	75.63	54.8
13233	63027	20726	38773	3624	8988	-14132	75.63	54.8
13249	63018	20754	38784	3624	8988	-14132	75.63	54.8
13260	63021	20742	38779	3532	9032	-14112	75.63	54.8
13213	63034	20715	38762	3532	9032	-14112	75.63	54.8
13189	63018	20691	38763	3540	9072	-14280	75.63	54.8
13200	63030	20683	38766	3540	9072	-14280	75.63	54.8
13190	63016	20670	38763	3644	9080	-14180	75.63	54.8
13184	63014	20664	38769	3644	9080	-14180	75.63	54.8
13186	62996	20660	38770	3592	9148	-14148	75.63	54.8
13194	63008	20684	38777	3592	9148	-14148	75.63	54.8
13202	63035	20680	38787	3592	9052	-14240	75.63	54.8
13219	63048	20684	38788	3592	9052	-14240	75.63	54.8
13246	63052	20689	38798	3480	8984	-14328	75.63	54.8
13242	63063	20700	38806	3480	8984	-14328	75.21	58.3
13237	63072	20703	38820	3600	8976	-14264	75.21	58.3
13265	63070	20724	38817	3600	8976	-14264	75.21	58.3
13270	63084	20721	38815	3436	9104	-14204	75.21	58.3
13302	63123	20761	38811	3436	9104	-14204	75.21	58.3
13292	63107	20776	38821	3664	9036	-14304	75.21	58.3
13333	63121	20775	38823	3664	9036	-14304	75.21	58.3
13356	63155	20774	38826	3532	9012	-14232	75.21	58.3
13351	63146	20790	38849	3532	9012	-14232	75.21	58.3
13338	63157	20825	38867	3480	8992	-14372	75.21	58.3
13394	63182	20836	38850	3480	8992	-14372	75.21	58.3
13375	63183	20818	38862	3548	9048	-14288	75.21	58.3
13411	63195	20826	38866	3548	9048	-14288	75.21	58.3
13407	63214	20825	38872	3504	9052	-14240	75.21	58.3
13397	63218	20847	38892	3504	9052	-14240	75.21	58.3
13375	63240	20850	38887	3576	9068	-14368	75.21	58.3
13374	63229	20853	38885	3576	9068	-14368	75.21	58.3
13406	63199	20864	38891	3532	9056	-14200	75.21	58.3
13424	63206	20883	38889	3532	9056	-14200	75.21	58.3
13402	63185	20862	38871	3512	9076	-14176	75.21	58.3
13397	63163	20863	38877	3512	9076	-14176	75.21	58.3
13389	63175	20880	38883	3600	8972	-14308	75.21	58.3
13361	63175	20838	38890	3600	8972	-14308	75.21	58.3
13355	63161	20828	38883	3532	9028	-14280	75.21	58.3
13326	63167	20829	38871	3532	9028	-14280	75.21	58.3
13323	63187	20830	38856	3528	9080	-14164	75.21	58.3
13347	63168	20836	38877	3528	9080	-14164	75.21	58.3
13343	63188	20847	38881	3504	8956	-14228	75.21	58.3
13363	63192	20810	38880	3504	8956	-14228	75.21	58.3
13357	63187	20862	38878	3604	9092	-14240	75.21	58.3
13368	63201	20846	38877	3604	9092	-14240	75.21	58.3
13358	63181	20842	38891	3492	8984	-14228	75.21	58.3
13376	63202	20834	38899	3492	8984	-14228	75.21	58.3
13373	63191	20852	38906	3524	9020	-14228	75.21	58.3
13386	63211	20843	38896	3524	9020	-14228	75.21	58.3
13384	63203	20820	38918	3472	9088	-14200	75.21	58.3
13361	63213	20831	38909	3472	9088	-14200	75.21	58.3
13377	63232	20842	38898	3524	9016	-14200	75.21	58.3
13441	63249	20865	38923	3524	9016	-14200	75.21	58.3
13429	63267	20867	38932	3588	9068	-14328	75.21	58.3
13434	63267	20871	38922	3588	9068	-14328	75.21	58.3
13468	63267	20868	38936	3464	9084	-14240	75.21	58.3
13453	63279	20845	38928	3464	9084	-14240	75.21	58.3
13456	63294	20857	38946	3436	9016	-14384	75.21	58.3
13466	63324	20849	38942	3436	9016	-14384	75.21	58.3
13468	63323	20841	38956	3524	9064	-14168	75.21	58.3
13471	63335	20858	38952	3524	9064	-14168	75.21	58.3
13497	63333	20863	38974	3564	9056	-14336	75.21	58.3
13491	63365	20876	38986	3564	9056	-14336	75.21	58.3
13522	63381	20869	38981	3576	8976	-14272	75.21	58.3
13491	63378	20888	38989	3576	8976	-14272	75.21	58.3
13484	63387	20877	38989	3552	9024	-14332	75.21	58.3
13516	63398	20900	39003	3552	9024	-14332	75.21	58.3
13547	63415	20914	39028	3540	9052	-14272	75.21	58.3
13544	63434	20902	39017	3540	9052	-14272	75.21	58.3
13557	63464	20907	39050	3576	9040	-14352	75.21	58.3
13563	63455	20945	39037	3576	9040	-14352	75.21	58.3
13607	63452	20973	39044	3536	8984	-14340	75.21	58.3
13569	63465	20972	39039	3536	8984	-14340	75.21	58.3
13607	63446	20943	39035	3568	9024	-14020	75.21	58.3
13578	63480	20941	39038	3568	9024	-14020	75.21	58.3
13562	63449	20915	39058	3560	8996	-14212	75.21	58.3
13522	63454	20858	39064	3560	8996	-14212	75.21	58.3
13504	63476	20814	39059	3476	9036	-14220	75.21	58.3
13479	63469	20768	39075	3476	9036	-14220	75.21	58.3
13454	63474	20771	39073	3472	9052	-14260	75.21	58.3
13421	63484	20773	39086	3472	9052	-14260	75.21	58.3
13461	63490	20774	39075	3564	9100	-14176	75.21	58.3
13480	63492	20795	39086	3564	9100	-14176	75.21	58.3
13491	63506	20800	39079	3500	9056	-14172	75.21	58.3
13425	63486	20786	39077	3500	9056	-14172	75.21	58.3
13423	63489	20772	39073	3456	9012	-14136	75.21	58.3
13397	63474	20772	39065	3456	9012	-14136	75.21	58.3
13371	63481	20749	39076	3608	9040	-14372	75.21	58.3
13366	63475	20719	39082	3608	9040	-14372	75.21	58.3
13336	63471	20770	39092	3524	8956	-14284	75.21	58.3
13328	63464	20720	39088	3524	8956	-14284	75.21	58.3
13350	63507	20741	39080	3632	9020	-14248	75.21	58.3
13317	63499	20706	39085	3632	9020	-14248	75.21	58.3
13269	63508	20679	39097	3496	8924	-14296	75.21	58.3
13241	63503	20667	39086	3496	8924	-14296	75.21	58.3
13291	63520	20667	39092	3576	8988	-14280	75.21	58.3
13258	63528	20629	39098	3576	8988	-14280	75.21	58.3
13242	63522	20657	39096	3532	9032	-14076	75.21	58.3
13270	63518	20660	39105	3532	9032	-14076	75.21	58.3
13306	63534	20668	39127	3508	9084	-14160	75.21	58.3
13250	63526	20693	39130	3508	9084	-14160	75.21	58.3
13276	63531	20681	39117	3652	9092	-14280	75.21	58.3
13285	63543	20690	39116	3652	9092	-14280	75.21	58.3
13253	63561	20710	39131	3496	9068	-14284	75.21	58.3
13287	63553	20710	39120	3496	9068	-14284	75.21	58.3
13281	63591	20667	39120	3552	9128	-14176	75.21	58.3
13271	63579	20687	39136	3552	9128	-14176	75.21	58.3
13276	63584	20697	39131	3488	9072	-14104	75.21	58.3
13254	63595	20722	39137	3488	9072	-14104	75.21	58.3
13267	63598	20739	39152	3496	9036	-14224	75.21	58.3
13248	63572	20739	39135	3496	9036	-14224	75.21	58.3
13238	63561	20737	39125	3592	8972	-14272	75.21	58.3
13227	63574	20698	39140	3592	8972	-14272	75.21	58.3
13219	63551	20707	39151	3536	9012	-14240	75.21	58.3
13214	63557	20685	39133	3536	9012	-14240	75.00	58.7
13221	63558	20694	39154	3580	9056	-14368	75.00	58.7
13210	63569	20696	39143	3580	9056	-14368	75.00	58.7
13227	63583	20673	39161	3480	8976	-14356	75.00	58.7
13169	63566	20658	39147	3480	8976	-14356	75.00	58.7
13181	63583	20658	39161	3552	9092	-14204	75.00	58.7
13180	63573	20697	39137	3552	9092	-14204	75.00	58.7
13198	63562	20661	39130	3552	8980	-14212	75.00	58.7
13158	63577	20635	39151	3552	8980	-14212	75.00	58.7
13138	63592	20642	39159	3648	8952	-14320	75.00	58.7
13141	63576	20618	39172	3648	8952	-14320	75.00	58.7
13135	63584	20592	39158	3568	8980	-14316	75.00	58.7
13125	63587	20605	39152	3568	8980	-14316	75.00	58.7
13125	63594	20608	39180	3568	8972	-14364	75.00	58.7
13115	63601	20596	39167	3568	8972	-14364	75.00	58.7
13141	63586	20593	39178	3572	9088	-14396	75.00	58.7
13099	63605	20596	39175	3572	9088	-14396	75.00	58.7
13108	63629	20604	39171	3496	8992	-14276	75.00	58.7
13148	63614	20609	39183	3496	8992	-14276	75.00	58.7
13107	63626	20618	39189	3524	9032	-14120	75.00	58.7
13100	63641	20602	39194	3524	9032	-14120	75.00	58.7
13104	63665	20609	39189	3504	9060	-14220	75.00	58.7
13116	63668	20592	39199	3504	9060	-14220	75.00	58.7
13115	63655	20597	39201	3496	9032	-14352	75.00	58.7
13110	63691	20589	39216	3496	9032	-14352	75.00	58.7
13084	63684	20604	39217	3508	9016	-14228	75.00	58.7
13132	63705	20605	39209	3508	9016	-14228	75.00	58.7
13116	63706	20604	39222	3628	9048	-14308	75.00	58.7
13103	63696	20617	39239	3628	9048	-14308	75.00	58.7
13092	63697	20655	39226	3584	9056	-14344	75.00	58.7
13083	63684	20648	39214	3584	9056	-14344	75.00	58.7
13118	63675	20658	39225	3640	9068	-14380	75.00	58.7
13075	63658	20654	39216	3640	9068	-14380	75.00	58.7
13075	63656	20641	39229	3552	8948	-14356	75.00	58.7
13083	63651	20647	39215	3552	8948	-14356	75.00	58.7
13087	63634	20627	39221	3484	9032	-14376	75.00	58.7
13010	63630	20604	39193	3484	9032	-14376	75.00	58.7
13025	63644	20610	39202	3600	9016	-14120	75.00	58.7
13028	63626	20619	39205	3600	9016	-14120	75.00	58.7
13025	63643	20614	39218	3528	9104	-14356	75.00	58.7
13010	63649	20598	39207	3528	9104	-14356	75.00	58.7
12992	63657	20595	39226	3580	9036	-14264	75.00	58.7
12994	63625	20599	39206	3580	9036	-14264	75.00	58.7
13008	63611	20615	39217	3516	8960	-14304	75.00	58.7
13017	63615	20604	39206	3516	8960	-14304	75.00	58.7
12969	63627	20599	39198	3452	9112	-14280	75.00	58.7
12953	63629	20596	39204	3452	9112	-14280	75.00	58.7
13001	63624	20599	39208	3500	9064	-14304	75.00	58.7
12986	63609	20576	39200	3500	9064	-14304	75.00	58.7
12985	63631	20582	39234	3560	9056	-14256	75.00	58.7
13010	63651	20566	39228	3560	9056	-14256	77.12	67.0
12994	63608	20570	39224	3588	9040	-14296	77.12	67.0
13005	63639	20595	39216	3588	9040	-14296	77.12	67.0
13000	63628	20625	39221	3532	9124	-14340	77.12	67.0
13019	63659	20636	39232	3532	9124	-14340	77.12	67.0
13020	63643	20621	39245	3604	9052	-14268	77.12	67.0
13028	63662	20614	39236	3604	9052	-14268	77.12	67.0
13004	63658	20614	39248	3516	9152	-14208	77.12	67.0
13027	63673	20614	39244	3516	9152	-14208	77.12	67.0
12996	63683	20606	39255	3524	9024	-14324	77.12	67.0
12998	63698	20606	39248	3524	9024	-14324	77.12	67.0
12999	63704	20618	39251	3496	9044	-14188	77.12	67.0
12978	63712	20611	39268	3496	9044	-14188	77.12	67.0
12990	63703	20615	39270	3552	9048	-14296	77.12	67.0
13007	63705	20674	39268	3552	9048	-14296	77.12	67.0
13020	63699	20716	39246	3440	9072	-14272	77.12	67.0
13024	63667	20689	39263	3440	9072	-14272	77.12	67.0
13012	63661	20662	39245	3468	8940	-14172	77.12	67.0
12977	63664	20641	39247	3468	8940	-14172	77.12	67.0
12958	63637	20655	39247	3636	9100	-14260	77.12	67.0
12954	63627	20605	39241	3636	9100	-14260	77.12	67.0
12911	63637	20599	39253	3576	9108	-14272	77.12	67.0
12911	63615	20612	39234	3576	9108	-14272	77.12	67.0
12931	63625	20601	39244	3404	8996	-14316	77.12	67.0
12937	63633	20609	39247	3404	8996	-14316	77.12	67.0
12869	63644	20601	39266	3528	9004	-14212	77.12	67.0
12889	63620	20593	39245	3528	9004	-14212	77.12	67.0
12903	63624	20642	39246	3500	9004	-14256	77.12	67.0
12917	63603	20597	39255	3500	9004	-14256	77.12	67.0
12889	63625	20584	39248	3572	9024	-14144	77.12	67.0
12891	63602	20601	39255	3572	9024	-14144	77.12	67.0
12877	63608	20598	39250	3588	9104	-14332	77.12	67.0
12869	63601	20611	39257	3588	9104	-14332	77.12	67.0
12882	63623	20600	39238	3608	9060	-14256	77.12	67.0
12889	63612	20623	39257	3608	9060	-14256	77.12	67.0
12912	63615	20625	39259	3448	9072	-14272	77.12	67.0
12912	63618	20631	39255	3448	9072	-14272	77.12	67.0
12942	63643	20627	39269	3480	9012	-14256	77.12	67.0
12929	63641	20631	39239	3480	9012	-14256	77.12	67.0
12932	63663	20644	39273	3660	9052	-14248	77.12	67.0
12930	63663	20637	39278	3660	9052	-14248	77.12	67.0
12933	63667	20636	39284	3552	9060	-14308	77.12	67.0
12932	63672	20638	39274	3552	9060	-14308	77.12	67.0
12893	63665	20630	39285	3624	9048	-14144	77.12	67.0
12902	63677	20655	39293	3624	9048	-14144	77.12	67.0
12906	63680	20665	39291	3468	9060	-14192	77.12	67.0
12942	63694	20674	39290	3468	9060	-14192	77.12	67.0
12945	63687	20703	39305	3596	9008	-14220	77.12	67.0
12907	63690	20707	39299	3596	9008	-14220	77.12	67.0
12925	63674	20723	39304	3508	8892	-14112	77.12	67.0
12887	63645	20733	39287	3508	8892	-14112	79.41	57.0
12903	63641	20742	39281	3484	9040	-14212	79.41	57.0
12872	63623	20682	39287	3484	9040	-14212	79.41	57.0
12809	63621	20684	39271	3624	9024	-14232	79.41	57.0
12805	63599	20640	39250	3624	9024	-14232	79.41	57.0
12783	63577	20640	39264	3536	9052	-14176	79.41	57.0
12780	63581	20609	39250	3536	9052	-14176	79.41	57.0
12755	63566	20612	39271	3564	8980	-14164	79.41	57.0
12734	63568	20583	39261	3564	8980	-14164	79.41	57.0
12699	63556	20554	39246	3608	8996	-14172	79.41	57.0
12720	63553	20543	39283	3608	8996	-14172	79.41	57.0
12718	63553	20590	39246	3540	9000	-14276	79.41	57.0
12704	63560	20562	39252	3540	9000	-14276	79.41	57.0
12709	63536	20581	39249	3508	9012	-14340	79.41	57.0
12681	63531	20565	39244	3508	9012	-14340	79.41	57.0
12695	63547	20561	39254	3500	9116	-14280	79.41	57.0
12663	63536	20557	39232	3500	9116	-14280	79.41	57.0
12661	63522	20532	39262	3492	8960	-14144	79.41	57.0
12669	63537	20545	39264	3492	8960	-14144	79.41	57.0
12665	63568	20570	39251	3596	8960	-14184	79.41	57.0
12666	63551	20551	39259	3596	8960	-14184	79.41	57.0
12667	63541	20542	39266	3456	8924	-14260	79.41	57.0
12656	63532	20544	39274	3456	8924	-14260	79.41	57.0
12680	63566	20560	39254	3508	9124	-14308	79.41	57.0
12673	63548	20580	39266	3508	9124	-14308	79.41	57.0
12686	63553	20580	39243	3552	9096	-14360	79.41	57.0
12671	63561	20579	39256	3552	9096	-14360	79.41	57.0
12652	63574	20556	39283	3604	9092	-14252	79.41	57.0
12671	63579	20594	39271	3604	9092	-14252	79.41	57.0
12686	63596	20602	39282	3512	9036	-14336	79.41	57.0
12711	63584	20658	39260	3512	9036	-14336	79.41	57.0
12748	63569	20654	39269	3612	9076	-14052	79.41	57.0
12792	63584	20695	39257	3612	9076	-14052	79.41	57.0
12738	63608	20702	39295	3508	9052	-14360	79.41	57.0
12729	63602	20710	39272	3508	9052	-14360	79.41	57.0
12753	63582	20723	39277	3560	9052	-14364	79.41	57.0
12759	63554	20741	39269	3560	9052	-14364	79.41	57.0
12683	63527	20721	39251	3468	9096	-14252	79.41	57.0
12718	63513	20714	39252	3468	9096	-14252	79.41	57.0
12683	63497	20729	39257	3468	9096	-14232	79.41	57.0
12680	63490	20694	39265	3468	9096	-14232	79.41	57.0
12665	63480	20694	39243	3508	8948	-14348	79.41	57.0
12652	63496	20666	39242	3508	8948	-14348	79.41	57.0
12651	63487	20661	39232	3552	9000	-14412	79.41	57.0
12634	63496	20657	39228	3552	9000	-14412	79.41	57.0
12656	63475	20677	39254	3624	8980	-14180	79.41	57.0
12625	63463	20687	39244	3624	8980	-14180	79.41	57.0
12667	63469	20681	39236	3504	9004	-14264	79.41	57.0
12638	63454	20677	39235	3504	9004	-14264	79.41	57.0
12623	63473	20672	39242	3460	9024	-14104	79.41	57.0
12607	63462	20660	39225	3460	9024	-14104	79.65	58.3
12614	63470	20675	39244	3496	9028	-14260	79.65	58.3
12602	63448	20659	39230	3496	9028	-14260	79.65	58.3
12566	63470	20653	39228	3560	9148	-14248	79.65	58.3
12575	63444	20648	39215	3560	9148	-14248	79.65	58.3
12562	63456	20592	39214	3564	9096	-14244	79.65	58.3
12578	63457	20643	39232	3564	9096	-14244	79.65	58.3
12593	63478	20683	39236	3504	9044	-14184	79.65	58.3
12607	63439	20692	39228	3504	9044	-14184	79.65	58.3
12561	63456	20689	39251	3612	9108	-14324	79.65	58.3
12589	63469	20671	39253	3612	9108	-14324	79.65	58.3
12599	63452	20673	39249	3516	9056	-14328	79.65	58.3
12606	63469	20697	39233	3516	9056	-14328	79.65	58.3
12651	63481	20717	39233	3536	9096	-14368	79.65	58.3
12662	63498	20748	39241	3536	9096	-14368	79.65	58.3
12676	63505	20741	39242	3528	9048	-14432	79.65	58.3
12705	63527	20768	39264	3528	9048	-14432	79.65	58.3
12743	63532	20780	39269	3572	9052	-14268	79.65	58.3
12739	63556	20853	39252	3572	9052	-14268	79.65	58.3
12770	63535	20887	39281	3520	8988	-14352	79.65	58.3
12766	63511	20957	39269	3520	8988	-14352	79.65	58.3
12780	63513	20986	39267	3592	8984	-14284	79.65	58.3
12801	63502	20982	39237	3592	8984	-14284	79.65	58.3
12773	63476	20972	39228	3460	9072	-14168	79.65	58.3
12749	63471	20987	39244	3460	9072	-14168	79.65	58.3
12740	63458	20950	39233	3496	9008	-14224	79.65	58.3
12742	63463	20968	39249	3496	9008	-14224	79.65	58.3
12758	63463	20987	39239	3560	8996	-14204	79.65	58.3
12765	63446	21023	39218	3560	8996	-14204	79.65	58.3
12763	63462	21032	39242	3516	9028	-14256	79.65	58.3
12775	63451	21032	39235	3516	9028	-14256	79.65	58.3
12771	63467	21025	39237	3460	9060	-14276	79.65	58.3
12758	63448	21040	39233	3460	9060	-14276	79.65	58.3
12786	63459	21059	39228	3508	9008	-14240	79.65	58.3
12755	63454	21007	39224	3508	9008	-14240	79.65	58.3
12725	63453	21029	39244	3520	9108	-14272	79.65	58.3
12716	63428	21040	39234	3520	9108	-14272	79.65	58.3
12753	63412	21011	39214	3428	8968	-14224	79.65	58.3
12737	63444	21010	39218	3428	8968	-14224	79.65	58.3
12764	63447	21038	39222	3564	9100	-14412	79.65	58.3
12744	63438	21024	39225	3564	9100	-14412	79.65	58.3
12746	63447	21009	39242	3608	9036	-14288	79.65	58.3
12768	63454	21010	39229	3608	9036	-14288	79.65	58.3
12795	63472	21003	39237	3592	9056	-14248	79.65	58.3
12772	63454	21027	39250	3592	9056	-14248	79.65	58.3
12786	63479	21056	39251	3476	8996	-14316	79.65	58.3
12832	63485	21034	39220	3476	8996	-14316	79.65	58.3
12823	63495	21001	39268	3628	9052	-14160	79.65	58.3
12822	63500	20990	39254	3628	9052	-14160	79.65	58.3
12822	63508	20986	39253	3620	9028	-14248	79.65	58.3
12847	63499	21007	39254	3620	9028	-14248	80.00	52.9
12845	63532	21000	39284	3544	9124	-14260	80.00	52.9
12863	63538	20976	39266	3544	9124	-14260	80.00	52.9
12835	63546	20970	39267	3536	9032	-14344	80.00	52.9
12854	63548	20959	39279	3536	9032	-14344	80.00	52.9
12825	63520	20941	39264	3540	9092	-14276	80.00	52.9
12823	63522	20973	39271	3540	9092	-14276	80.00	52.9
12813	63512	20964	39270	3668	9080	-14276	80.00	52.9
12779	63480	20931	39269	3668	9080	-14276	80.00	52.9
12743	63474	20894	39265	3524	9036	-14304	80.00	52.9
12728	63477	20859	39256	3524	9036	-14304	80.00	52.9
12743	63473	20845	39260	3620	9124	-14196	80.00	52.9
12699	63469	20807	39240	3620	9124	-14196	80.00	52.9
12686	63483	20800	39247	3548	9120	-14256	80.00	52.9
12681	63482	20771	39252	3548	9120	-14256	80.00	52.9
12661	63489	20763	39262	3508	9100	-14088	80.00	52.9
12619	63482	20714	39261	3508	9100	-14088	80.00	52.9
12608	63489	20691	39252	3516	9052	-14308	80.00	52.9
12603	63464	20659	39256	3516	9052	-14308	80.00	52.9
12569	63469	20631	39267	3504	9044	-14168	80.00	52.9
12518	63480	20588	39275	3504	9044	-14168	80.00	52.9
12510	63462	20565	39265	3556	9068	-14288	80.00	52.9
12488	63474	20557	39285	3556	9068	-14288	80.00	52.9
12496	63482	20535	39279	3532	9100	-14204	80.00	52.9
12453	63478	20527	39282	3532	9100	-14204	80.00	52.9
12493	63473	20525	39289	3476	8956	-14132	80.00	52.9
12496	63490	20510	39261	3476	8956	-14132	80.00	52.9
12483	63514	20512	39286	3520	9008	-14152	80.00	52.9
12487	63511	20529	39284	3520	9008	-14152	80.00	52.9
12458	63527	20504	39300	3592	9124	-14316	80.00	52.9
12433	63524	20483	39302	3592	9124	-14316	80.00	52.9
12416	63537	20453	39302	3524	9128	-14228	80.00	52.9
12405	63556	20426	39309	3524	9128	-14228	80.00	52.9
12401	63550	20428	39319	3496	8968	-14200	80.00	52.9
12406	63560	20414	39308	3496	8968	-14200	80.00	52.9
12401	63559	20432	39332	3456	9088	-14224	80.00	52.9
12392	63592	20429	39329	3456	9088	-14224	80.00	52.9
12377	63595	20428	39321	3524	9016	-14236	80.00	52.9
12378	63586	20436	39329	3524	9016	-14236	80.00	52.9
12362	63569	20438	39323	3456	9008	-14216	80.00	52.9
12327	63571	20464	39324	3456	9008	-14216	80.00	52.9
12324	63558	20473	39309	3508	9148	-14340	80.00	52.9
12345	63539	20465	39319	3508	9148	-14340	80.00	52.9
12298	63540	20435	39306	3568	9024	-14284	80.00	52.9
12270	63530	20419	39310	3568	9024	-14284	80.00	52.9
12252	63505	20399	39289	3552	9044	-14228	80.00	52.9
12262	63518	20421	39280	3552	9044	-14228	80.00	52.9
12256	63499	20430	39311	3596	8940	-14056	80.00	52.9
12221	63533	20382	39318	3596	8940	-14056	80.00	52.9
12226	63519	20397	39302	3520	8952	-14288	80.00	52.9
12250	63521	20404	39329	3520	8952	-14288	81.08	52.9
12229	63533	20407	39304	3488	9008	-14124	81.08	52.9
12222	63494	20405	39305	3488	9008	-14124	81.08	52.9
12228	63504	20426	39295	3480	8928	-14388	81.08	52.9
12206	63505	20414	39289	3480	8928	-14388	81.08	52.9
12200	63518	20410	39306	3576	8996	-14088	81.08	52.9
12211	63507	20427	39300	3576	8996	-14088	81.08	52.9
12231	63514	20414	39301	3524	9144	-14320	81.08	52.9
12218	63514	20441	39305	3524	9144	-14320	81.08	52.9
12222	63540	20441	39298	3536	8988	-14344	81.08	52.9
12231	63541	20478	39306	3536	8988	-14344	81.08	52.9
12257	63528	20469	39320	3548	9044	-14176	81.08	52.9
12283	63540	20500	39311	3548	9044	-14176	81.08	52.9
12268	63561	20520	39308	3476	9004	-14288	81.08	52.9
12297	63558	20521	39312	3476	9004	-14288	81.08	52.9
12303	63568	20517	39333	3488	9160	-14236	81.08	52.9
12280	63592	20533	39327	3488	9160	-14236	81.08	52.9
12326	63603	20541	39319	3540	9032	-14324	81.08	52.9
12296	63593	20541	39328	3540	9032	-14324	81.08	52.9
12329	63586	20560	39330	3540	9084	-14220	81.08	52.9
12340	63604	20574	39340	3540	9084	-14220	81.08	52.9
12340	63603	20573	39336	3472	9068	-14168	81.08	52.9
12305	63607	20601	39345	3472	9068	-14168	81.08	52.9
12302	63583	20593	39315	3608	9028	-14340	81.08	52.9
12282	63552	20572	39319	3608	9028	-14340	81.08	52.9
12255	63551	20541	39324	3500	9072	-14232	81.08	52.9
12260	63534	20558	39316	3500	9072	-14232	81.08	52.9
12243	63515	20546	39302	3612	9052	-14228	81.08	52.9
12246	63516	20535	39302	3612	9052	-14228	81.08	52.9
12209	63490	20552	39312	3496	9052	-14376	81.08	52.9
12238	63512	20538	39304	3496	9052	-14376	81.08	52.9
12249	63518	20557	39314	3552	9056	-14280	81.08	52.9
12227	63508	20525	39303	3552	9056	-14280	81.08	52.9
12212	63501	20551	39324	3484	9056	-14252	81.08	52.9
12211	63502	20567	39325	3484	9056	-14252	81.08	52.9
12228	63506	20557	39286	3424	9048	-14340	81.08	52.9
12207	63502	20561	39310	3424	9048	-14340	81.08	52.9
12228	63500	20573	39300	3472	9044	-14348	81.08	52.9
12206	63512	20562	39293	3472	9044	-14348	81.08	52.9
12214	63504	20562	39299	3568	9084	-14424	81.08	52.9
12211	63519	20556	39281	3568	9084	-14424	81.08	52.9
12229	63503	20580	39306	3652	9136	-14260	81.08	52.9
12244	63498	20591	39304	3652	9136	-14260	81.08	52.9
12260	63495	20584	39312	3412	9076	-14284	81.08	52.9
12269	63521	20610	39311	3412	9076	-14284	81.08	52.9
12275	63543	20597	39300	3620	9064	-14212	81.08	52.9
12273	63542	20622	39321	3620	9064	-14212	81.08	52.9
12274	63544	20603	39312	3464	8976	-14308	81.08	52.9
12292	63559	20624	39334	3464	8976	-14308	81.08	52.9
12251	63574	20615	39332	3508	8972	-14248	81.08	52.9
12280	63573	20612	39331	3508	8972	-14248	84.27	54.6
12301	63584	20620	39356	3540	9040	-14268	84.27	54.6
12314	63606	20657	39348	3540	9040	-14268	84.27	54.6
12333	63598	20657	39352	3528	9164	-14188	84.27	54.6
12331	63574	20660	39340	3528	9164	-14188	84.27	54.6
12246	63579	20659	39342	3516	9024	-14312	84.27	54.6
12238	63552	20676	39343	3516	9024	-14312	84.27	54.6
12270	63534	20673	39332	3524	8996	-14352	84.27	54.6
12255	63528	20654	39328	3524	8996	-14352	84.27	54.6
12207	63507	20672	39315	3540	9024	-14308	84.27	54.6
12213	63501	20638	39313	3540	9024	-14308	84.27	54.6
12198	63484	20630	39302	3584	9036	-14224	84.27	54.6
12159	63462	20605	39295	3584	9036	-14224	84.27	54.6
12156	63456	20626	39300	3544	9036	-14152	84.27	54.6
12160	63464	20633	39317	3544	9036	-14152	84.27	54.6
12142	63439	20588	39289	3532	9112	-14420	84.27	54.6
12114	63430	20597	39291	3532	9112	-14420	84.27	54.6
12063	63435	20561	39303	3476	9020	-14312	84.27	54.6
12082	63442	20548	39295	3476	9020	-14312	84.27	54.6
12085	63422	20565	39281	3476	8972	-14400	84.27	54.6
12078	63423	20571	39293	3476	8972	-14400	84.27	54.6
12067	63425	20544	39269	3628	9052	-14356	84.27	54.6
12068	63434	20544	39295	3628	9052	-14356	84.27	54.6
12061	63423	20530	39295	3508	9036	-14320	84.27	54.6
12094	63448	20548	39298	3508	9036	-14320	84.27	54.6
12065	63451	20560	39296	3540	9024	-14240	84.27	54.6
12056	63439	20548	39289	3540	9024	-14240	84.27	54.6
12057	63461	20543	39320	3684	9012	-14336	84.27	54.6
12059	63464	20558	39317	3684	9012	-14336	84.27	54.6
12131	63496	20561	39309	3612	9008	-14112	84.27	54.6
12122	63480	20588	39326	3612	9008	-14112	84.27	54.6
12132	63517	20593	39325	3516	9012	-14172	84.27	54.6
12147	63515	20587	39345	3516	9012	-14172	84.27	54.6
12167	63546	20581	39330	3568	9128	-14132	84.27	54.6
12186	63530	20592	39340	3568	9128	-14132	84.27	54.6
12175	63526	20601	39363	3440	8940	-14272	84.27	54.6
12201	63557	20608	39350	3440	8940	-14272	84.27	54.6
12146	63549	20600	39352	3412	9144	-14240	84.27	54.6
12190	63585	20577	39345	3412	9144	-14240	84.27	54.6
12184	63600	20597	39363	3552	9140	-14180	84.27	54.6
12154	63587	20601	39367	3552	9140	-14180	84.27	54.6
12160	63590	20598	39379	3572	9032	-14180	84.27	54.6
12149	63571	20601	39370	3572	9032	-14180	84.27	54.6
12096	63544	20595	39356	3568	9096	-14312	84.27	54.6
12106	63542	20608	39354	3568	9096	-14312	84.27	54.6
12113	63487	20581	39332	3512	9024	-14284	84.27	54.6
12096	63502	20580	39362	3512	9024	-14284	84.27	54.6
12079	63496	20570	39343	3496	9076	-14268	84.27	54.6
12061	63497	20562	39340	3496	9076	-14268	84.27	54.6
12066	63494	20557	39345	3528	9040	-14080	84.27	54.6
12072	63486	20571	39355	3528	9040	-14080	86.71	46.2
12067	63495	20552	39342	3492	9056	-14284	86.71	46.2
12052	63483	20556	39320	3492	9056	-14284	86.71	46.2
12050	63489	20556	39334	3504	8968	-14248	86.71	46.2
12046	63470	20563	39334	3504	8968	-14248	86.71	46.2
12037	63495	20567	39342	3644	9056	-14244	86.71	46.2
12033	63458	20566	39333	3644	9056	-14244	86.71	46.2
12005	63458	20582	39317	3392	9072	-14276	86.71	46.2
12031	63478	20577	39322	3392	9072	-14276	86.71	46.2
12007	63473	20572	39338	3532	9056	-14288	86.71	46.2
12008	63464	20544	39330	3532	9056	-14288	86.71	46.2
12009	63484	20566	39335	3532	9024	-14168	86.71	46.2
12002	63475	20588	39364	3532	9024	-14168	86.71	46.2
12015	63467	20582	39341	3524	9012	-14296	86.71	46.2
12034	63489	20563	39327	3524	9012	-14296	86.71	46.2
12002	63494	20588	39359	3448	9124	-14280	86.71	46.2
12031	63502	20591	39332	3448	9124	-14280	86.71	46.2
12014	63503	20610	39350	3568	8916	-14264	86.71	46.2
12024	63533	20634	39347	3568	8916	-14264	86.71	46.2
12042	63516	20628	39356	3488	9080	-14148	86.71	46.2
12052	63510	20643	39360	3488	9080	-14148	86.71	46.2
12062	63532	20656	39364	3636	9124	-14316	86.71	46.2
12071	63530	20642	39380	3636	9124	-14316	86.71	46.2
12057	63524	20658	39370	3516	9056	-14192	86.71	46.2
12056	63548	20657	39371	3516	9056	-14192	86.71	46.2
12040	63551	20653	39369	3572	9072	-14348	86.71	46.2
12058	63567	20691	39389	3572	9072	-14348	86.71	46.2
12084	63584	20695	39383	3540	9124	-14340	86.71	46.2
12070	63589	20690	39392	3540	9124	-14340	86.71	46.2
12058	63589	20684	39392	3584	9120	-14296	86.71	46.2
12046	63574	20747	39396	3584	9120	-14296	86.71	46.2
12058	63555	20735	39390	3464	9096	-14184	86.71	46.2
12062	63548	20747	39383	3464	9096	-14184	86.71	46.2
12015	63509	20770	39357	3484	9036	-14200	86.71	46.2
12027	63493	20754	39366	3484	9036	-14200	86.71	46.2
12018	63489	20731	39374	3568	9188	-14256	86.71	46.2
11986	63461	20730	39365	3568	9188	-14256	86.71	46.2
11970	63435	20719	39326	3560	9028	-14252	86.71	46.2
11964	63418	20720	39351	3560	9028	-14252	86.71	46.2
11956	63442	20738	39339	3408	9048	-14232	86.71	46.2
11953	63434	20750	39336	3408	9048	-14232	86.71	46.2
11927	63442	20722	39343	3556	9084	-14160	86.71	46.2
11925	63410	20739	39333	3556	9084	-14160	86.71	46.2
11942	63404	20713	39337	3580	9164	-14208	86.71	46.2
11934	63390	20755	39328	3580	9164	-14208	86.71	46.2
11926	63408	20769	39325	3508	9072	-14248	86.71	46.2
11889	63402	20725	39319	3508	9072	-14248	86.71	46.2
11901	63376	20713	39346	3500	9100	-14292	86.71	46.2
11918	63381	20738	39329	3500	9100	-14292	86.71	46.2
11924	63385	20745	39321	3536	9036	-14188	86.71	46.2
11915	63396	20748	39323	3536	9036	-14188	86.71	46.2
11942	63391	20770	39335	3552	9072	-14404	86.71	46.2
11937	63387	20794	39316	3552	9072	-14404	86.71	46.2
11970	63397	20795	39346	3560	9112	-14184	86.71	46.2
12002	63404	20806	39323	3560	9112	-14184	86.71	46.2
11972	63422	20807	39322	3548	9064	-14140	86.71	46.2
12007	63420	20796	39329	3548	9064	-14140	86.71	46.2
11971	63437	20789	39330	3516	9052	-14204	86.71	46.2
11980	63425	20801	39339	3516	9052	-14204	86.71	46.2
11989	63409	20773	39332	3424	9100	-14188	86.71	46.2
11994	63453	20790	39320	3424	9100	-14188	86.71	46.2
11994	63452	20802	39347	3624	9044	-14192	86.71	46.2
12009	63439	20803	39343	3624	9044	-14192	86.71	46.2
12026	63458	20809	39363	3520	9120	-14248	86.71	46.2
12050	63467	20832	39369	3520	9120	-14248	86.71	46.2
12029	63492	20831	39367	3680	9112	-14248	86.71	46.2
12041	63495	20839	39371	3680	9112	-14248	86.71	46.2
12081	63510	20834	39371	3420	9040	-14272	86.71	46.2
12068	63516	20843	39376	3420	9040	-14272	86.71	46.2
12069	63533	20854	39386	3480	9040	-14308	86.71	46.2
12089	63526	20840	39377	3480	9040	-14308	86.71	46.2
12071	63545	20853	39387	3540	9188	-14304	86.71	46.2
12066	63546	20868	39394	3540	9188	-14304	86.71	46.2
12085	63487	20903	39370	3492	9100	-14208	86.71	46.2
12071	63493	20902	39356	3492	9100	-14208	86.71	46.2
12091	63455	20909	39364	3444	8984	-14100	86.71	46.2
12053	63432	20898	39353	3444	8984	-14100	86.71	46.2
12032	63413	20897	39350	3508	9084	-14200	86.71	46.2
12019	63379	20862	39355	3508	9084	-14200	86.71	46.2
12000	63379	20867	39337	3600	9180	-13984	86.71	46.2
11995	63367	20862	39318	3600	9180	-13984	86.71	46.2
12007	63356	20864	39329	3460	9040	-14236	86.71	46.2
12006	63340	20863	39313	3460	9040	-14236	86.71	46.2
11977	63338	20853	39340	3504	9128	-14228	86.71	46.2
11965	63334	20855	39319	3504	9128	-14228	86.71	46.2
11968	63318	20845	39309	3496	9004	-14300	86.71	46.2
11950	63305	20849	39312	3496	9004	-14300	86.71	46.2
11965	63301	20863	39307	3480	9092	-14244	86.71	46.2
11951	63299	20870	39307	3480	9092	-14244	86.71	46.2
11910	63284	20839	39293	3476	9104	-14380	86.71	46.2
11943	63280	20836	39294	3476	9104	-14380	86.71	46.2
11946	63269	20842	39280	3540	9056	-14340	86.71	46.2
11939	63290	20818	39296	3540	9056	-14340	86.71	46.2
11942	63288	20824	39298	3540	8976	-14232	86.71	46.2
11959	63302	20820	39286	3540	8976	-14232	86.71	46.2
11933	63281	20848	39283	3648	9076	-14168	86.71	46.2
11990	63293	20846	39307	3648	9076	-14168	86.71	46.2
11941	63290	20842	39313	3648	9024	-14184	86.71	46.2
11944	63303	20825	39318	3648	9024	-14184	86.71	46.2
11966	63325	20860	39300	3548	9064	-14276	86.71	46.2
11984	63301	20840	39309	3548	9064	-14276	83.80	44.7
11983	63309	20834	39320	3448	9024	-14312	83.80	44.7
11965	63339	20858	39328	3448	9024	-14312	83.80	44.7
12006	63336	20832	39329	3456	9116	-14244	83.80	44.7
11998	63356	20851	39320	3456	9116	-14244	83.80	44.7
11991	63382	20847	39323	3468	9020	-14084	83.80	44.7
12015	63378	20869	39346	3468	9020	-14084	83.80	44.7
12038	63369	20850	39363	3436	9092	-14240	83.80	44.7
12028	63399	20849	39355	3436	9092	-14240	83.80	44.7
12011	63417	20867	39346	3588	9172	-14192	83.80	44.7
12036	63436	20857	39366	3588	9172	-14192	83.80	44.7
12052	63458	20858	39371	3500	9004	-14220	83.80	44.7
12066	63450	20865	39372	3500	9004	-14220	83.80	44.7
12084	63469	20862	39380	3616	9092	-14356	83.80	44.7
12089	63478	20901	39391	3616	9092	-14356	83.80	44.7
12135	63482	20941	39395	3592	9040	-14268	83.80	44.7
12119	63461	20992	39391	3592	9040	-14268	83.80	44.7
12160	63423	21001	39396	3644	9000	-14172	83.80	44.7
12139	63414	20995	39371	3644	9000	-14172	83.80	44.7
12125	63407	21013	39362	3588	8968	-14144	83.80	44.7
12134	63392	21004	39362	3588	8968	-14144	83.80	44.7
12130	63364	21033	39330	3556	9148	-14376	83.80	44.7
12137	63345	21012	39341	3556	9148	-14376	83.80	44.7
12135	63368	21039	39350	3548	9116	-14180	83.80	44.7
12138	63330	21003	39333	3548	9116	-14180	83.80	44.7
12128	63360	21028	39349	3472	9016	-14272	83.80	44.7
12125	63344	21017	39354	3472	9016	-14272	83.80	44.7
12101	63365	21006	39364	3452	9080	-14212	83.80	44.7
12082	63333	21005	39343	3452	9080	-14212	83.80	44.7
12107	63353	20995	39356	3424	9120	-14212	83.80	44.7
12110	63327	21012	39339	3424	9120	-14212	83.80	44.7
12131	63297	21024	39350	3440	9100	-14336	83.80	44.7
12104	63304	21018	39330	3440	9100	-14336	83.80	44.7
12113	63307	21004	39329	3604	9032	-14148	83.80	44.7
12090	63311	21008	39329	3604	9032	-14148	83.80	44.7
12106	63301	21003	39328	3480	8996	-14256	83.80	44.7
12114	63327	21015	39339	3480	8996	-14256	83.80	44.7
12107	63321	21018	39342	3496	9092	-14192	83.80	44.7
12123	63314	21013	39342	3496	9092	-14192	83.80	44.7
12123	63326	21026	39340	3520	9020	-14132	83.80	44.7
12108	63314	21024	39341	3520	9020	-14132	83.80	44.7
12108	63324	21031	39340	3628	8920	-14236	83.80	44.7
12135	63323	21031	39325	3628	8920	-14236	83.80	44.7
12134	63326	21045	39354	3544	8964	-14300	83.80	44.7
12106	63355	21037	39334	3544	8964	-14300	83.80	44.7
12114	63320	21068	39370	3484	9120	-14124	83.80	44.7
12135	63348	21058	39343	3484	9120	-14124	83.80	44.7
12107	63354	21069	39369	3572	9048	-14252	83.80	44.7
12116	63352	21043	39348	3572	9048	-14252	83.80	44.7
12124	63365	21069	39358	3496	8992	-14260	83.80	44.7
12147	63366	21095	39354	3496	8992	-14260	81.52	46.2
12137	63389	21082	39346	3560	9004	-14232	81.52	46.2
12139	63379	21079	39367	3560	9004	-14232	81.52	46.2
12188	63383	21092	39381	3484	8944	-14252	81.52	46.2
12190	63396	21131	39377	3484	8944	-14252	81.52	46.2
12211	63405	21141	39381	3568	9096	-14308	81.52	46.2
12174	63414	21161	39347	3568	9096	-14308	81.52	46.2
12179	63397	21155	39379	3596	9044	-14180	81.52	46.2
12175	63396	21154	39355	3596	9044	-14180	81.52	46.2
12160	63346	21170	39347	3636	8972	-14184	81.52	46.2
12143	63330	21151	39336	3636	8972	-14184	81.52	46.2
12136	63299	21169	39334	3540	9024	-14248	81.52	46.2
12114	63272	21174	39329	3540	9024	-14248	81.52	46.2
12109	63261	21153	39312	3604	9060	-14284	81.52	46.2
12098	63270	21151	39306	3604	9060	-14284	81.52	46.2
12096	63248	21126	39304	3576	9128	-14252	81.52	46.2
12080	63241	21139	39312	3576	9128	-14252	81.52	46.2
12074	63222	21126	39302	3544	9024	-14168	81.52	46.2
12065	63223	21118	39302	3544	9024	-14168	81.52	46.2
12071	63225	21129	39304	3508	9004	-14184	81.52	46.2
12066	63216	21128	39288	3508	9004	-14184	81.52	46.2
12032	63233	21128	39311	3524	9040	-14136	81.52	46.2
12048	63201	21137	39290	3524	9040	-14136	81.52	46.2
12058	63182	21141	39242	3520	8996	-14160	81.52	46.2
12053	63189	21138	39273	3520	8996	-14160	81.52	46.2
12049	63187	21154	39282	3508	9012	-14144	81.52	46.2
12076	63167	21134	39273	3508	9012	-14144	81.52	46.2
12061	63203	21150	39267	3572	9068	-14192	81.52	46.2
12070	63161	21160	39272	3572	9068	-14192	81.52	46.2
12094	63207	21184	39270	3528	9108	-14352	81.52	46.2
12114	63204	21187	39267	3528	9108	-14352	81.52	46.2
12116	63192	21183	39267	3512	9168	-14224	81.52	46.2
12091	63229	21180	39267	3512	9168	-14224	81.52	46.2
12095	63206	21216	39267	3580	9036	-14328	81.52	46.2
12107	63215	21195	39288	3580	9036	-14328	81.52	46.2
12139	63206	21211	39261	3556	9040	-14220	81.52	46.2
12142	63246	21225	39296	3556	9040	-14220	81.52	46.2
12153	63263	21239	39286	3528	9056	-14344	81.52	46.2
12164	63281	21277	39295	3528	9056	-14344	81.52	46.2
12166	63287	21237	39284	3532	9136	-14188	81.52	46.2
12174	63270	21253	39318	3532	9136	-14188	81.52	46.2
12167	63299	21246	39305	3428	9060	-14388	81.52	46.2
12148	63282	21254	39305	3428	9060	-14388	81.52	46.2
12189	63274	21256	39311	3496	9028	-14340	81.52	46.2
12198	63310	21247	39312	3496	9028	-14340	81.52	46.2
12215	63312	21261	39313	3568	9084	-14300	81.52	46.2
12229	63329	21281	39331	3568	9084	-14300	81.52	46.2
12197	63341	21327	39314	3588	9032	-14368	81.52	46.2
12210	63320	21321	39319	3588	9032	-14368	81.52	46.2
12213	63302	21338	39315	3560	8972	-14152	81.52	46.2
12183	63280	21359	39290	3560	8972	-14152	80.43	50.3
12181	63254	21331	39292	3532	9028	-14248	80.43	50.3
12141	63211	21339	39296	3532	9028	-14248	80.43	50.3
12179	63212	21317	39284	3504	8984	-14160	80.43	50.3
12127	63179	21320	39265	3504	8984	-14160	80.43	50.3
12119	63174	21315	39268	3552	9052	-14264	80.43	50.3
12114	63168	21308	39256	3552	9052	-14264	80.43	50.3
12073	63157	21294	39249	3596	9072	-14312	80.43	50.3
12100	63144	21323	39231	3596	9072	-14312	80.43	50.3
12081	63136	21300	39227	3532	8996	-14132	80.43	50.3
12050	63125	21277	39236	3532	8996	-14132	80.43	50.3
12056	63135	21281	39239	3488	9060	-14300	80.43	50.3
12048	63118	21285	39227	3488	9060	-14300	80.43	50.3
12075	63107	21295	39232	3616	9064	-14292	80.43	50.3
12058	63098	21314	39217	3616	9064	-14292	80.43	50.3
12052	63092	21281	39222	3464	9000	-14068	80.43	50.3
12059	63105	21286	39210	3464	9000	-14068	80.43	50.3
12056	63089	21283	39221	3460	9000	-14280	80.43	50.3
12049	63094	21279	39197	3460	9000	-14280	80.43	50.3
12059	63089	21299	39227	3572	8920	-14192	80.43	50.3
12088	63097	21304	39214	3572	8920	-14192	80.43	50.3
12076	63096	21312	39217	3684	9156	-14388	80.43	50.3
12080	63103	21309	39226	3684	9156	-14388	80.43	50.3
12094	63116	21324	39230	3628	9008	-14188	80.43	50.3
12114	63120	21321	39226	3628	9008	-14188	80.43	50.3
12123	63143	21318	39219	3540	9080	-14260	80.43	50.3
12097	63138	21312	39245	3540	9080	-14260	80.43	50.3
12107	63169	21310	39248	3532	9172	-14156	80.43	50.3
12132	63159	21311	39241	3532	9172	-14156	80.43	50.3
12145	63176	21298	39256	3472	8976	-14116	80.43	50.3
12141	63175	21340	39245	3472	8976	-14116	80.43	50.3
12136	63187	21342	39244	3516	9028	-14320	80.43	50.3
12137	63212	21322	39256	3516	9028	-14320	80.43	50.3
12171	63201	21329	39250	3556	8956	-14176	80.43	50.3
12167	63205	21322	39263	3556	8956	-14176	80.43	50.3
12186	63205	21346	39282	3476	9100	-14160	80.43	50.3
12214	63259	21328	39296	3476	9100	-14160	80.43	50.3
12240	63286	21346	39276	3500	9128	-14324	80.43	50.3
12246	63280	21334	39300	3500	9128	-14324	80.43	50.3
12223	63270	21352	39296	3668	9040	-14240	80.43	50.3
12222	63274	21371	39281	3668	9040	-14240	80.43	50.3
12212	63246	21380	39280	3536	9104	-14256	80.43	50.3
12207	63233	21376	39284	3536	9104	-14256	80.43	50.3
12159	63209	21365	39277	3632	9080	-14116	80.43	50.3
12143	63185	21351	39263	3632	9080	-14116	80.43	50.3
12132	63170	21329	39265	3552	9044	-14264	80.43	50.3
12105	63156	21302	39245	3552	9044	-14264	80.43	50.3
12099	63163	21301	39240	3524	9076	-14372	80.43	50.3
12076	63127	21283	39230	3524	9076	-14372	80.43	50.3
12086	63151	21291	39253	3568	9016	-14136	80.43	50.3
12062	63153	21279	39260	3568	9016	-14136	78.49	51.0
12062	63145	21286	39247	3552	8996	-14332	78.49	51.0
12065	63152	21287	39242	3552	8996	-14332	78.49	51.0
12061	63154	21285	39248	3580	9044	-14372	78.49	51.0
12047	63158	21287	39231	3580	9044	-14372	78.49	51.0
12042	63147	21299	39242	3560	9120	-14212	78.49	51.0
12051	63132	21285	39255	3560	9120	-14212	78.49	51.0
12027	63122	21285	39230	3476	9144	-14192	78.49	51.0
12070	63127	21319	39223	3476	9144	-14192	78.49	51.0
12058	63138	21300	39239	3620	9160	-14260	78.49	51.0
12075	63147	21315	39231	3620	9160	-14260	78.49	51.0
12080	63146	21319	39238	3572	9096	-14188	78.49	51.0
12092	63163	21347	39258	3572	9096	-14188	78.49	51.0
12119	63157	21341	39249	3472	9060	-14168	78.49	51.0
12115	63180	21350	39241	3472	9060	-14168	78.49	51.0
12137	63184	21356	39234	3532	9100	-14240	78.49	51.0
12119	63190	21345	39257	3532	9100	-14240	78.49	51.0
12134	63191	21349	39264	3656	8972	-14204	78.49	51.0
12123	63232	21337	39268	3656	8972	-14204	78.49	51.0
12138	63194	21348	39259	3568	9028	-14340	78.49	51.0
12122	63208	21330	39256	3568	9028	-14340	78.49	51.0
12135	63229	21340	39264	3568	9084	-14264	78.49	51.0
12130	63230	21328	39275	3568	9084	-14264	78.49	51.0
12109	63236	21352	39277	3568	9040	-14216	78.49	51.0
12113	63235	21352	39284	3568	9040	-14216	78.49	51.0
12103	63249	21342	39274	3452	9048	-14236	78.49	51.0
12100	63250	21331	39279	3452	9048	-14236	78.49	51.0
12126	63268	21335	39283	3596	9036	-14144	78.49	51.0
12122	63272	21355	39282	3596	9036	-14144	78.49	51.0
12120	63299	21378	39286	3784	9084	-14208	78.49	51.0
12149	63284	21390	39289	3784	9084	-14208	78.49	51.0
12164	63277	21409	39289	3492	9188	-14224	78.49	51.0
12148	63260	21405	39264	3492	9188	-14224	78.49	51.0
12124	63216	21400	39268	3580	9064	-14312	78.49	51.0
12091	63199	21399	39257	3580	9064	-14312	78.49	51.0
12062	63211	21382	39257	3456	9112	-14172	78.49	51.0
12062	63172	21351	39240	3456	9112	-14172	78.49	51.0
12021	63164	21341	39246	3500	9020	-14188	78.49	51.0
12004	63146	21351	39230	3500	9020	-14188	78.49	51.0
12005	63133	21337	39232	3504	9048	-14208	78.49	51.0
11991	63161	21339	39222	3504	9048	-14208	78.49	51.0
12003	63170	21349	39207	3504	9152	-14240	78.49	51.0
11997	63144	21332	39230	3504	9152	-14240	78.49	51.0
11993	63123	21344	39235	3576	9040	-14064	78.49	51.0
11971	63125	21285	39210	3576	9040	-14064	78.49	51.0
11976	63112	21321	39228	3580	9012	-14308	78.49	51.0
11953	63115	21313	39205	3580	9012	-14308	78.49	51.0
11964	63097	21312	39222	3552	9060	-14316	78.49	51.0
11959	63102	21329	39209	3552	9060	-14316	78.49	51.0
11954	63102	21321	39177	3612	9064	-14080	78.49	51.0
11970	63106	21309	39209	3612	9064	-14080	76.92	46.9
11985	63116	21321	39209	3448	9096	-14088	76.92	46.9
11963	63094	21279	39202	3448	9096	-14088	76.92	46.9
12013	63129	21308	39216	3620	9076	-14300	76.92	46.9
11999	63131	21315	39197	3620	9076	-14300	76.92	46.9
12006	63134	21320	39202	3568	9112	-14164	76.92	46.9
11987	63146	21333	39216	3568	9112	-14164	76.92	46.9
12024	63124	21308	39195	3508	9188	-14268	76.92	46.9
12013	63151	21298	39210	3508	9188	-14268	76.92	46.9
11993	63159	21310	39207	3496	9044	-14308	76.92	46.9
12007	63156	21319	39227	3496	9044	-14308	76.92	46.9
12009	63161	21308	39215	3576	9104	-14260	76.92	46.9
12023	63175	21304	39234	3576	9104	-14260	76.92	46.9
12022	63210	21343	39232	3528	9156	-14320	76.92	46.9
12060	63195	21349	39250	3528	9156	-14320	76.92	46.9
12020	63223	21315	39239	3460	9048	-14328	76.92	46.9
12002	63220	21332	39255	3460	9048	-14328	76.92	46.9
12036	63227	21338	39247	3624	9040	-14208	76.92	46.9
12053	63226	21355	39253	3624	9040	-14208	76.92	46.9
12053	63240	21361	39266	3580	9104	-14168	76.92	46.9
12040	63237	21368	39237	3580	9104	-14168	76.92	46.9
12033	63207	21381	39251	3496	9112	-14232	76.92	46.9
12049	63213	21419	39237	3496	9112	-14232	76.92	46.9
12048	63200	21441	39239	3464	9112	-14384	76.92	46.9
12031	63167	21434	39220	3464	9112	-14384	76.92	46.9
11999	63136	21417	39228	3508	9052	-14168	76.92	46.9
11963	63124	21359	39201	3508	9052	-14168	76.92	46.9
11925	63122	21351	39194	3436	9196	-14212	76.92	46.9
11928	63112	21346	39198	3436	9196	-14212	76.92	46.9
11871	63091	21313	39180	3508	9004	-14332	76.92	46.9
11839	63070	21273	39176	3508	9004	-14332	76.92	46.9
11821	63060	21259	39198	3532	9104	-14344	76.92	46.9
11776	63036	21265	39171	3532	9104	-14344	76.92	46.9
11758	63037	21269	39161	3560	9084	-14280	76.92	46.9
11773	63056	21280	39146	3560	9084	-14280	76.92	46.9
11773	63015	21313	39125	3556	9132	-14276	76.92	46.9
11771	63023	21296	39147	3556	9132	-14276	76.92	46.9
11796	63004	21305	39150	3500	9100	-14268	76.92	46.9
11743	62992	21306	39139	3500	9100	-14268	76.92	46.9
11725	62982	21287	39125	3500	8936	-14132	76.92	46.9
11740	62987	21279	39124	3500	8936	-14132	76.92	46.9
11750	62995	21286	39136	3548	9120	-14332	76.92	46.9
11761	63005	21297	39161	3548	9120	-14332	76.92	46.9
11798	63012	21337	39134	3500	9068	-14340	76.92	46.9
11814	63021	21362	39135	3500	9068	-14340	76.92	46.9
11838	63015	21351	39125	3540	9100	-14228	76.92	46.9
11827	63013	21339	39141	3540	9100	-14228	76.92	46.9
11821	63029	21339	39138	3620	9036	-14140	76.92	46.9
11836	63037	21358	39130	3620	9036	-14140	76.92	46.9
11832	63043	21326	39144	3568	9152	-14120	76.92	46.9
11834	63050	21320	39156	3568	9152	-14120	73.57	38.1
11833	63056	21328	39156	3648	9188	-14316	73.57	38.1
11834	63030	21345	39153	3648	9188	-14316	73.57	38.1
11855	63077	21357	39174	3464	9020	-14264	73.57	38.1
11865	63097	21350	39173	3464	9020	-14264	73.57	38.1
11846	63094	21319	39173	3580	9132	-14072	73.57	38.1
11858	63097	21343	39172	3580	9132	-14072	73.57	38.1
11879	63111	21332	39175	3664	9040	-14216	73.57	38.1
11886	63115	21368	39179	3664	9040	-14216	73.57	38.1
11921	63127	21403	39185	3528	9076	-14148	73.57	38.1
11929	63113	21430	39174	3528	9076	-14148	73.57	38.1
11900	63085	21445	39170	3516	9036	-14200	73.57	38.1
11883	63044	21419	39155	3516	9036	-14200	73.57	38.1
11872	63019	21395	39154	3532	9056	-14168	73.57	38.1
11839	63021	21397	39123	3532	9056	-14168	73.57	38.1
11845	62978	21374	39137	3508	9148	-14256	73.57	38.1
11807	62984	21380	39116	3508	9148	-14256	73.57	38.1
11770	62963	21361	39109	3556	9052	-14280	73.57	38.1
11773	62956	21352	39087	3556	9052	-14280	73.57	38.1
11734	62952	21335	39106	3516	9032	-14300	73.57	38.1
11721	62946	21316	39085	3516	9032	-14300	73.57	38.1
11710	62932	21290	39086	3536	9008	-14220	73.57	38.1
11693	62909	21278	39099	3536	9008	-14220	73.57	38.1
11690	62910	21272	39084	3516	9052	-14112	73.57	38.1
11663	62898	21267	39078	3516	9052	-14112	73.57	38.1
11665	62881	21254	39089	3568	9100	-14264	73.57	38.1
11649	62872	21243	39070	3568	9100	-14264	73.57	38.1
11669	62886	21277	39061	3520	9044	-14296	73.57	38.1
11661	62873	21252	39059	3520	9044	-14296	73.57	38.1
11639	62868	21276	39048	3592	9096	-14180	73.57	38.1
11647	62869	21251	39057	3592	9096	-14180	73.57	38.1
11666	62910	21258	39046	3512	9084	-14168	73.57	38.1
11682	62883	21243	39082	3512	9084	-14168	73.57	38.1
11674	62883	21250	39041	3536	9080	-14304	73.57	38.1
11700	62895	21271	39082	3536	9080	-14304	73.57	38.1
11693	62885	21276	39071	3556	9060	-14400	73.57	38.1
11716	62922	21271	39071	3556	9060	-14400	73.57	38.1
11657	62920	21270	39076	3580	9104	-14224	73.57	38.1
11702	62920	21243	39075	3580	9104	-14224	73.57	38.1
11688	62923	21223	39083	3636	9080	-14136	73.57	38.1
11695	62933	21217	39066	3636	9080	-14136	73.57	38.1
11700	62946	21222	39072	3568	9016	-14292	73.57	38.1
11663	62962	21216	39078	3568	9016	-14292	73.57	38.1
11690	62967	21217	39075	3620	9052	-14192	73.57	38.1
11702	62986	21206	39092	3620	9052	-14192	73.57	38.1
11697	62968	21178	39102	3560	9080	-14320	73.57	38.1
11719	63016	21226	39090	3560	9080	-14320	73.57	38.1
11732	62997	21237	39084	3528	9060	-14228	73.57	38.1
11725	63026	21234	39113	3528	9060	-14228	73.57	38.1
11708	63021	21232	39106	3460	9068	-14084	73.57	38.1
11737	63009	21251	39103	3460	9068	-14084	73.17	33.9
11725	62998	21258	39096	3452	9032	-14156	73.17	33.9
11702	62991	21259	39096	3452	9032	-14156	73.17	33.9
11713	62951	21262	39070	3532	9212	-14336	73.17	33.9
11696	62908	21255	39061	3532	9212	-14336	73.17	33.9
11661	62932	21234	39054	3456	9080	-14148	73.17	33.9
11671	62905	21223	39050	3456	9080	-14148	73.17	33.9
11649	62887	21213	39051	3484	9072	-14364	73.17	33.9
11656	62888	21198	39035	3484	9072	-14364	73.17	33.9
11608	62880	21181	39047	3496	9032	-14284	73.17	33.9
11617	62896	21178	39046	3496	9032	-14284	73.17	33.9
11600	62881	21167	39031	3560	9068	-14232	73.17	33.9
11611	62887	21177	39048	3560	9068	-14232	73.17	33.9
11607	62879	21182	39038	3492	9100	-14244	73.17	33.9
11597	62879	21156	39026	3492	9100	-14244	73.17	33.9
11574	62861	21135	39024	3568	9096	-14268	73.17	33.9
11598	62860	21161	39013	3568	9096	-14268	73.17	33.9
11595	62879	21158	39026	3604	9032	-14244	73.17	33.9
11599	62868	21146	39025	3604	9032	-14244	73.17	33.9
11580	62851	21111	39032	3504	8972	-14272	73.17	33.9
11573	62861	21148	39018	3504	8972	-14272	73.17	33.9
11600	62864	21144	39013	3504	9068	-14372	73.17	33.9
11568	62883	21140	39023	3504	9068	-14372	73.17	33.9
11620	62881	21163	39040	3476	9160	-14336	73.17	33.9
11606	62891	21149	39027	3476	9160	-14336	73.17	33.9
11643	62887	21131	39018	3516	9056	-14264	73.17	33.9
11595	62897	21145	39052	3516	9056	-14264	73.17	33.9
11616	62899	21136	39019	3540	9168	-14164	73.17	33.9
11606	62913	21136	39020	3540	9168	-14164	73.17	33.9
11667	62899	21139	39034	3476	9016	-14176	73.17	33.9
11667	62922	21183	39027	3476	9016	-14176	73.17	33.9
11646	62919	21179	39028	3576	9092	-14396	73.17	33.9
11668	62927	21176	39018	3576	9092	-14396	73.17	33.9
11631	62929	21168	39051	3560	9024	-14280	73.17	33.9
11640	62935	21142	39046	3560	9024	-14280	73.17	33.9
11659	62957	21187	39061	3512	9044	-14300	73.17	33.9
11700	62942	21179	39033	3512	9044	-14300	73.17	33.9
11678	62973	21178	39049	3540	9000	-14332	73.17	33.9
11720	62994	21171	39065	3540	9000	-14332	73.17	33.9
11683	62974	21215	39042	3492	9072	-14276	73.17	33.9
11699	62977	21239	39041	3492	9072	-14276	73.17	33.9
11687	62929	21233	39025	3524	9064	-14132	73.17	33.9
11648	62907	21221	39015	3524	9064	-14132	73.17	33.9
11617	62886	21196	38993	3516	9040	-14004	73.17	33.9
11602	62855	21186	38973	3516	9040	-14004	73.17	33.9
11616	62841	21196	38987	3544	9164	-14232	73.17	33.9
11570	62818	21167	38977	3544	9164	-14232	73.17	33.9
11585	62806	21138	38974	3480	9012	-14264	73.17	33.9
11572	62819	21182	38964	3480	9012	-14264	73.17	33.9
11604	62822	21188	38966	3624	9084	-14224	73.17	33.9
11568	62807	21165	38970	3624	9084	-14224	73.17	28.3
11553	62791	21172	38973	3556	8968	-14192	73.17	28.3
11584	62802	21174	38961	3556	8968	-14192	73.17	28.3
11581	62787	21182	38950	3620	9028	-14140	73.17	28.3
11598	62788	21160	38944	3620	9028	-14140	73.17	28.3
11572	62753	21140	38927	3536	9072	-14248	73.17	28.3
11560	62771	21164	38950	3536	9072	-14248	73.17	28.3
11566	62747	21166	38930	3640	8956	-14276	73.17	28.3
11591	62769	21170	38925	3640	8956	-14276	73.17	28.3
11574	62755	21168	38936	3516	8960	-14292	73.17	28.3
11616	62750	21175	38947	3516	8960	-14292	73.17	28.3
11569	62746	21190	38962	3472	9096	-14160	73.17	28.3
11594	62779	21176	38944	3472	9096	-14160	73.17	28.3
11597	62792	21189	38929	3524	9076	-14252	73.17	28.3
11619	62788	21193	38944	3524	9076	-14252	73.17	28.3
11612	62781	21168	38945	3448	9092	-14152	73.17	28.3
11604	62791	21175	38947	3448	9092	-14152	73.17	28.3
11646	62781	21172	38955	3584	9096	-14204	73.17	28.3
11647	62805	21195	38942	3584	9096	-14204	73.17	28.3
11625	62819	21171	38948	3544	9100	-14308	73.17	28.3
11610	62811	21187	38955	3544	9100	-14308	73.17	28.3
11621	62835	21189	38954	3548	9148	-14288	73.17	28.3
11650	62828	21212	38965	3548	9148	-14288	73.17	28.3
11620	62820	21168	38968	3592	9020	-14156	73.17	28.3
11623	62841	21182	38965	3592	9020	-14156	73.17	28.3
11679	62859	21190	38967	3528	9028	-14260	73.17	28.3
11656	62862	21210	38976	3528	9028	-14260	73.17	28.3
11647	62864	21197	38976	3444	9016	-14196	73.17	28.3
11656	62864	21207	38976	3444	9016	-14196	73.17	28.3
11683	62852	21229	38961	3472	9020	-14352	73.17	28.3
11657	62845	21246	38949	3472	9020	-14352	73.17	28.3
11667	62790	21265	38923	3552	9052	-14192	73.17	28.3
11607	62773	21233	38939	3552	9052	-14192	73.17	28.3
11590	62740	21198	38929	3480	9048	-14300	73.17	28.3
11547	62738	21197	38913	3480	9048	-14300	73.17	28.3
11553	62725	21175	38896	3512	9076	-14176	73.17	28.3
11544	62706	21177	38895	3512	9076	-14176	73.17	28.3
11524	62686	21173	38911	3576	9044	-14224	73.17	28.3
11532	62687	21170	38888	3576	9044	-14224	73.17	28.3
11517	62688	21165	38881	3560	9060	-14360	73.17	28.3
11484	62669	21150	38868	3560	9060	-14360	73.17	28.3
11501	62690	21156	38870	3596	9084	-14252	73.17	28.3
11503	62671	21167	38884	3596	9084	-14252	73.17	28.3
11500	62660	21165	38874	3676	9100	-14184	73.17	28.3
11486	62641	21170	38868	3676	9100	-14184	73.17	28.3
11492	62647	21157	38862	3568	8992	-14128	73.17	28.3
11493	62646	21164	38873	3568	8992	-14128	73.17	28.3
11451	62647	21136	38866	3528	9036	-14288	73.17	28.3
11481	62649	21121	38851	3528	9036	-14288	73.17	28.3
11489	62652	21131	38852	3552	9160	-14260	73.17	28.3
11490	62658	21155	38864	3552	9160	-14260	74.59	21.2
11514	62663	21150	38858	3528	9012	-14220	74.59	21.2
11520	62661	21164	38860	3528	9012	-14220	74.59	21.2
11527	62665	21166	38895	3556	9160	-14160	74.59	21.2
11535	62684	21157	38871	3556	9160	-14160	74.59	21.2
11558	62704	21143	38866	3456	9068	-14072	74.59	21.2
11555	62692	21170	38890	3456	9068	-14072	74.59	21.2
11561	62695	21168	38879	3428	8984	-14264	74.59	21.2
11570	62733	21205	38901	3428	8984	-14264	74.59	21.2
11581	62739	21203	38903	3548	9076	-14408	74.59	21.2
11607	62747	21197	38913	3548	9076	-14408	74.59	21.2
11624	62746	21214	38888	3532	9092	-14244	74.59	21.2
11663	62776	21225	38910	3532	9092	-14244	74.59	21.2
11638	62771	21250	38919	3604	9100	-14220	74.59	21.2
11641	62781	21213	38919	3604	9100	-14220	74.59	21.2
11649	62785	21244	38915	3700	9096	-14308	74.59	21.2
11705	62822	21249	38914	3700	9096	-14308	74.59	21.2
11707	62830	21250	38936	3560	9056	-14164	74.59	21.2
11731	62838	21264	38930	3560	9056	-14164	74.59	21.2
11713	62864	21284	38945	3560	9044	-14264	74.59	21.2
11690	62831	21307	38934	3560	9044	-14264	74.59	21.2
11693	62818	21304	38902	3468	9104	-14332	74.59	21.2
11698	62802	21286	38926	3468	9104	-14332	74.59	21.2
11655	62774	21250	38917	3548	9072	-14136	74.59	21.2
11638	62738	21263	38892	3548	9072	-14136	74.59	21.2
11624	62738	21249	38864	3560	9088	-14156	74.59	21.2
11577	62721	21222	38883	3560	9088	-14156	74.59	21.2
11557	62702	21176	38867	3560	9028	-14420	74.59	21.2
11532	62702	21163	38890	3560	9028	-14420	74.59	21.2
11569	62677	21175	38868	3528	9048	-14156	74.59	21.2
11544	62700	21143	38869	3528	9048	-14156	74.59	21.2
11545	62697	21151	38861	3440	9064	-14256	74.59	21.2
11514	62682	21155	38860	3440	9064	-14256	74.59	21.2
11532	62691	21144	38873	3600	9132	-14304	74.59	21.2
11528	62687	21123	38845	3600	9132	-14304	74.59	21.2
11537	62655	21130	38840	3572	9072	-14204	74.59	21.2
11510	62669	21117	38850	3572	9072	-14204	74.59	21.2
11536	62673	21105	38846	3544	9032	-14304	74.59	21.2
11534	62681	21116	38853	3544	9032	-14304	74.59	21.2
11515	62686	21136	38850	3512	9080	-14336	74.59	21.2
11535	62674	21110	38851	3512	9080	-14336	74.59	21.2
11558	62687	21130	38865	3508	9152	-14304	74.59	21.2
11549	62700	21118	38843	3508	9152	-14304	74.59	21.2
11586	62706	21128	38870	3520	9036	-14216	74.59	21.2
11604	62708	21131	38874	3520	9036	-14216	74.59	21.2
11625	62726	21106	38880	3556	9020	-14160	74.59	21.2
11601	62738	21131	38881	3556	9020	-14160	74.59	21.2
11613	62746	21118	38879	3496	9120	-14192	74.59	21.2
11624	62744	21111	38906	3496	9120	-14192	74.59	21.2
11624	62757	21131	38901	3564	9028	-14268	74.59	21.2
11637	62786	21108	38889	3564	9028	-14268	74.18	27.4
11662	62793	21119	38885	3560	9076	-14108	74.18	27.4
11652	62807	21122	38904	3560	9076	-14108	74.18	27.4
11675	62820	21131	38908	3552	9024	-14288	74.18	27.4
11688	62848	21145	38916	3552	9024	-14288	74.18	27.4
11694	62857	21145	38928	3492	9048	-14164	74.18	27.4
11707	62857	21124	38929	3492	9048	-14164	74.18	27.4
11705	62878	21141	38934	3508	9096	-14324	74.18	27.4
11706	62894	21121	38943	3508	9096	-14324	74.18	27.4
11726	62915	21138	38957	3512	9080	-14160	74.18	27.4
11735	62929	21154	38957	3512	9080	-14160	74.18	27.4
11762	62934	21162	38962	3456	9132	-14156	74.18	27.4
11760	62945	21150	38951	3456	9132	-14156	74.18	27.4
11794	62944	21180	38968	3528	9136	-14352	74.18	27.4
11743	62943	21218	38957	3528	9136	-14352	74.18	27.4
11749	62924	21228	38932	3588	9004	-14252	74.18	27.4
11709	62900	21202	38946	3588	9004	-14252	74.18	27.4
11719	62868	21194	38939	3580	8932	-14268	74.18	27.4
11677	62843	21165	38934	3580	8932	-14268	74.18	27.4
11654	62865	21142	38910	3564	9152	-14392	74.18	27.4
11637	62850	21126	38914	3564	9152	-14392	74.18	27.4
11589	62818	21111	38920	3520	9024	-14228	74.18	27.4
11619	62819	21125	38925	3520	9024	-14228	74.18	27.4
11612	62824	21125	38925	3384	9140	-14268	74.18	27.4
11579	62829	21100	38910	3384	9140	-14268	74.18	27.4
11567	62842	21081	38914	3520	9080	-14084	74.18	27.4
11564	62833	21096	38924	3520	9080	-14084	74.18	27.4
11554	62807	21090	38909	3596	8992	-14300	74.18	27.4
11553	62792	21071	38910	3596	8992	-14300	74.18	27.4
11556	62816	21072	38906	3456	8980	-14272	74.18	27.4
11531	62763	21068	38898	3456	8980	-14272	74.18	27.4
11556	62780	21068	38891	3428	9044	-14344	74.18	27.4
11542	62770	21068	38883	3428	9044	-14344	74.18	27.4
11556	62783	21076	38898	3492	9124	-14284	74.18	27.4
11554	62795	21037	38890	3492	9124	-14284	74.18	27.4
11559	62800	21056	38911	3492	8948	-14308	74.18	27.4
11568	62801	21061	38909	3492	8948	-14308	74.18	27.4
11583	62803	21089	38902	3484	9048	-14220	74.18	27.4
11588	62802	21064	38896	3484	9048	-14220	74.18	27.4
11601	62812	21068	38923	3588	9016	-14228	74.18	27.4
11597	62838	21061	38907	3588	9016	-14228	74.18	27.4
11608	62830	21068	38907	3612	9112	-14360	74.18	27.4
11623	62829	21059	38913	3612	9112	-14360	74.18	27.4
11631	62852	21066	38929	3688	9068	-14200	74.18	27.4
11655	62867	21064	38909	3688	9068	-14200	74.18	27.4
11641	62865	21083	38937	3524	8896	-14212	74.18	27.4
11653	62860	21085	38931	3524	8896	-14212	74.18	27.4
11665	62883	21095	38941	3528	9088	-14168	74.18	27.4
11666	62884	21095	38913	3528	9088	-14168	74.18	27.4
11672	62893	21098	38933	3488	9100	-14244	74.18	27.4
11691	62910	21108	38943	3488	9100	-14244	73.77	30.0
11706	62923	21108	38950	3520	9024	-14080	73.77	30.0
11671	62926	21118	38951	3520	9024	-14080	73.77	30.0
11710	62922	21114	38970	3536	9116	-14304	73.77	30.0
11729	62948	21142	38966	3536	9116	-14304	73.77	30.0
11738	62930	21183	38955	3488	9132	-14340	73.77	30.0
11725	62925	21184	38947	3488	9132	-14340	73.77	30.0
11735	62882	21190	38949	3452	9076	-14352	73.77	30.0
11706	62867	21159	38926	3452	9076	-14352	73.77	30.0
11681	62860	21173	38914	3448	9076	-14276	73.77	30.0
11672	62831	21149	38913	3448	9076	-14276	73.77	30.0
11651	62818	21145	38901	3524	9020	-14248	73.77	30.0
11610	62804	21106	38892	3524	9020	-14248	73.77	30.0
11655	62807	21106	38886	3660	9056	-14324	73.77	30.0
11592	62787	21123	38878	3660	9056	-14324	73.77	30.0
11601	62797	21109	38892	3640	9132	-14340	73.77	30.0
11607	62801	21102	38884	3640	9132	-14340	73.77	30.0
11583	62783	21090	38885	3676	9104	-14328	73.77	30.0
11591	62781	21111	38893	3676	9104	-14328	73.77	30.0
11613	62776	21102	38891	3512	8988	-14060	73.77	30.0
11571	62772	21097	38878	3512	8988	-14060	73.77	30.0
11564	62763	21078	38878	3576	9040	-14128	73.77	30.0
11539	62757	21072	38877	3576	9040	-14128	73.77	30.0
11534	62775	21075	38871	3496	9212	-14296	73.77	30.0
11581	62754	21060	38878	3496	9212	-14296	73.77	30.0
11580	62745	21075	38858	3464	9156	-14208	73.77	30.0
11578	62767	21077	38876	3464	9156	-14208	73.77	30.0
11587	62783	21079	38889	3424	9092	-14264	73.77	30.0
11607	62781	21076	38878	3424	9092	-14264	73.77	30.0
11602	62768	21110	38895	3552	9092	-14076	73.77	30.0
11638	62797	21095	38894	3552	9092	-14076	73.77	30.0
11608	62803	21093	38873	3564	9088	-14180	73.77	30.0
11608	62802	21079	38881	3564	9088	-14180	73.77	30.0
11645	62819	21096	38896	3492	9036	-14032	73.77	30.0
11656	62827	21087	38899	3492	9036	-14032	73.77	30.0
11671	62829	21118	38907	3604	9160	-14192	73.77	30.0
11655	62841	21139	38919	3604	9160	-14192	73.77	30.0
11693	62859	21144	38919	3544	9040	-14364	73.77	30.0
11718	62859	21127	38942	3544	9040	-14364	73.77	30.0
11718	62871	21148	38923	3524	9064	-14284	73.77	30.0
11726	62878	21151	38942	3524	9064	-14284	73.77	30.0
11739	62888	21147	38932	3584	9076	-13960	73.77	30.0
11734	62902	21173	38938	3584	9076	-13960	73.77	30.0
11778	62916	21163	38934	3420	9012	-14208	73.77	30.0
11787	62950	21173	38940	3420	9012	-14208	73.77	30.0
11761	62953	21208	38939	3492	9148	-14296	73.77	30.0
11801	62944	21202	38956	3492	9148	-14296	73.77	30.0
11810	62945	21246	38955	3560	9124	-14336	73.77	30.0
11802	62914	21247	38950	3560	9124	-14336	73.77	30.0
11783	62890	21218	38945	3636	8996	-14288	73.77	30.0
11749	62874	21229	38935	3636	8996	-14288	73.97	36.1
11742	62841	21190	38918	3488	9080	-14148	73.97	36.1
11728	62833	21180	38913	3488	9080	-14148	73.97	36.1
11680	62839	21145	38913	3496	9068	-14024	73.97	36.1
11663	62817	21125	38872	3496	9068	-14024	73.97	36.1
11635	62818	21157	38890	3644	9056	-14236	73.97	36.1
11631	62796	21140	38894	3644	9056	-14236	73.97	36.1
11656	62779	21123	38887	3476	9004	-14320	73.97	36.1
11607	62808	21108	38887	3476	9004	-14320	73.97	36.1
11630	62799	21113	38881	3480	9112	-14156	73.97	36.1
11642	62782	21114	38890	3480	9112	-14156	73.97	36.1
11622	62772	21096	38867	3540	9056	-14368	73.97	36.1
11602	62759	21099	38876	3540	9056	-14368	73.97	36.1
11601	62761	21078	38856	3440	9104	-14372	73.97	36.1
11604	62755	21061	38874	3440	9104	-14372	73.97	36.1
11578	62755	21043	38874	3516	9056	-14160	73.97	36.1
11591	62755	21039	38867	3516	9056	-14160	73.97	36.1
11626	62758	21031	38881	3512	9148	-14248	73.97	36.1
11616	62752	21041	38856	3512	9148	-14248	73.97	36.1
11639	62776	21054	38875	3500	9080	-14256	73.97	36.1
11634	62785	21050	38876	3500	9080	-14256	73.97	36.1
11655	62784	21045	38894	3552	9128	-14212	73.97	36.1
11657	62806	21037	38891	3552	9128	-14212	73.97	36.1
11655	62803	21030	38912	3436	9124	-14192	73.97	36.1
11662	62828	21036	38902	3436	9124	-14192	73.97	36.1
11680	62828	21052	38891	3552	9120	-14384	73.97	36.1
11692	62850	21042	38900	3552	9120	-14384	73.97	36.1
11695	62834	21042	38924	3420	9068	-14192	73.97	36.1
11707	62861	21051	38913	3420	9068	-14192	73.97	36.1
11706	62868	21044	38928	3476	9056	-14200	73.97	36.1
11710	62879	21052	38932	3476	9056	-14200	73.97	36.1
11734	62896	21066	38938	3448	9104	-14216	73.97	36.1
11750	62898	21044	38951	3448	9104	-14216	73.97	36.1
11752	62895	21059	38935	3560	9028	-14184	73.97	36.1
11772	62929	21068	38957	3560	9028	-14184	73.97	36.1
11791	62952	21066	38957	3440	9100	-14160	73.97	36.1
11814	62960	21064	38968	3440	9100	-14160	73.97	36.1
11832	62982	21085	38998	3476	9124	-14520	73.97	36.1
11839	62998	21106	38995	3476	9124	-14520	73.97	36.1
11848	62987	21138	38989	3556	9084	-14284	73.97	36.1
11809	62965	21129	38973	3556	9084	-14284	73.97	36.1
11797	62939	21130	38959	3540	9112	-14108	73.97	36.1
11745	62929	21080	38944	3540	9112	-14108	73.97	36.1
11727	62899	21077	38945	3524	9168	-14260	73.97	36.1
11695	62888	21043	38940	3524	9168	-14260	73.97	36.1
11681	62884	21027	38932	3516	9040	-14380	73.97	36.1
11642	62876	21006	38930	3516	9040	-14380	73.97	36.1
11651	62898	21008	38924	3504	9004	-14224	73.97	36.1
11618	62864	20991	38928	3504	9004	-14224	73.97	36.1
11619	62890	20992	38923	3488	9032	-14224	73.97	36.1
11587	62854	20979	38925	3488	9032	-14224	73.62	37.8
11606	62885	20971	38929	3560	9080	-14224	73.62	37.8
11602	62859	20969	38923	3560	9080	-14224	73.62	37.8
11583	62863	20946	38920	3564	9152	-14260	73.62	37.8
11580	62867	20949	38920	3564	9152	-14260	73.62	37.8
11564	62871	20931	38932	3540	9108	-14144	73.62	37.8
11545	62851	20937	38928	3540	9108	-14144	73.62	37.8
11538	62844	20914	38946	3492	9112	-14084	73.62	37.8
11523	62866	20948	38930	3492	9112	-14084	73.62	37.8
11519	62851	20937	38906	3544	9072	-14284	73.62	37.8
11555	62871	20931	38936	3544	9072	-14284	73.62	37.8
11513	62857	20915	38929	3500	9104	-14096	73.62	37.8
11566	62880	20926	38932	3500	9104	-14096	73.62	37.8
11570	62885	20946	38944	3424	9080	-14176	73.62	37.8
11552	62913	20955	38947	3424	9080	-14176	73.62	37.8
11598	62902	20923	38940	3540	9084	-14180	73.62	37.8
11575	62882	20928	38967	3540	9084	-14180	73.62	37.8
11578	62897	20951	38952	3468	9048	-14156	73.62	37.8
11578	62908	20941	38953	3468	9048	-14156	73.62	37.8
11590	62912	20946	38952	3476	9112	-14212	73.62	37.8
11561	62903	20941	38952	3476	9112	-14212	73.62	37.8
11593	62930	20949	38955	3472	9132	-14284	73.62	37.8
11603	62939	20933	38940	3472	9132	-14284	73.62	37.8
11640	62959	20953	38972	3576	9124	-14396	73.62	37.8
11633	62959	20978	38970	3576	9124	-14396	73.62	37.8
11657	62966	21002	38961	3596	9076	-14220	73.62	37.8
11668	62978	21006	38969	3596	9076	-14220	73.62	37.8
11682	62993	20997	38982	3576	8980	-14092	73.62	37.8
11678	62978	21020	38983	3576	8980	-14092	73.62	37.8
11700	62993	21072	38980	3468	9168	-14152	73.62	37.8
11690	62992	21055	38969	3468	9168	-14152	73.62	37.8
11676	62970	21080	38958	3468	9180	-14360	73.62	37.8
11632	62940	21040	38954	3468	9180	-14360	73.62	37.8
11610	62906	21018	38939	3460	9084	-14348	73.62	37.8
11602	62899	20998	38923	3460	9084	-14348	73.62	37.8
11561	62866	21004	38937	3536	9068	-14240	73.62	37.8
11542	62872	20942	38919	3536	9068	-14240	73.62	37.8
11503	62885	20961	38934	3568	9140	-14324	73.62	37.8
11517	62866	20960	38898	3568	9140	-14324	73.62	37.8
11524	62865	20947	38924	3576	9088	-14208	73.62	37.8
11530	62865	20927	38916	3576	9088	-14208	73.62	37.8
11546	62870	20963	38913	3460	9164	-14248	73.62	37.8
11510	62848	20955	38918	3460	9164	-14248	73.62	37.8
11521	62833	20960	38897	3428	9156	-14232	73.62	37.8
11526	62842	20937	38895	3428	9156	-14232	73.62	37.8
11490	62831	20924	38891	3572	9148	-14268	73.62	37.8
11476	62839	20934	38898	3572	9148	-14268	73.62	37.8
11511	62837	20899	38901	3516	9028	-14280	73.62	37.8
11504	62813	20934	38891	3516	9028	-14280	73.62	37.8
11482	62837	20907	38891	3500	9008	-14192	73.62	37.8
11458	62822	20907	38899	3500	9008	-14192	72.73	37.8
11464	62826	20875	38905	3440	9048	-14208	72.73	37.8
11472	62832	20888	38892	3440	9048	-14208	72.73	37.8
11497	62828	20881	38906	3460	9048	-14168	72.73	37.8
11463	62838	20901	38913	3460	9048	-14168	72.73	37.8
11472	62854	20906	38887	3544	9156	-14280	72.73	37.8
11502	62849	20888	38892	3544	9156	-14280	72.73	37.8
11502	62864	20902	38907	3552	9120	-14332	72.73	37.8
11486	62862	20892	38899	3552	9120	-14332	72.73	37.8
11484	62862	20904	38912	3616	9124	-14196	72.73	37.8
11500	62869	20911	38913	3616	9124	-14196	72.73	37.8
11512	62885	20916	38921	3632	9080	-14348	72.73	37.8
11513	62883	20929	38911	3632	9080	-14348	72.73	37.8
11487	62913	20886	38917	3512	9076	-14208	72.73	37.8
11532	62903	20900	38921	3512	9076	-14208	72.73	37.8
11524	62912	20896	38936	3488	9088	-14144	72.73	37.8
11569	62925	20921	38933	3488	9088	-14144	72.73	37.8
11556	62930	20936	38921	3532	9044	-14144	72.73	37.8
11569	62925	20947	38929	3532	9044	-14144	72.73	37.8
11570	62901	20991	38920	3476	9116	-14296	72.73	37.8
11541	62871	20956	38915	3476	9116	-14296	72.73	37.8
11512	62851	20944	38898	3480	9164	-14180	72.73	37.8
11495	62829	20926	38891	3480	9164	-14180	72.73	37.8
11439	62820	20912	38898	3440	9088	-14236	72.73	37.8
11424	62790	20881	38864	3440	9088	-14236	72.73	37.8
11390	62783	20860	38858	3532	9104	-14128	72.73	37.8
11382	62798	20860	38859	3532	9104	-14128	72.73	37.8
11392	62767	20875	38849	3484	9084	-14308	72.73	37.8
11368	62743	20879	38839	3484	9084	-14308	72.73	37.8
11416	62758	20859	38847	3540	9092	-14244	72.73	37.8
11389	62757	20849	38839	3540	9092	-14244	72.73	37.8
11368	62744	20850	38837	3604	9072	-14436	72.73	37.8
11390	62735	20846	38836	3604	9072	-14436	72.73	37.8
11395	62723	20876	38822	3496	8996	-14204	72.73	37.8
11388	62729	20873	38840	3496	8996	-14204	72.73	37.8
11369	62706	20847	38836	3640	9020	-14224	72.73	37.8
11384	62703	20872	38845	3640	9020	-14224	72.73	37.8
11396	62706	20875	38836	3524	9192	-14344	72.73	37.8
11378	62717	20842	38813	3524	9192	-14344	72.73	37.8
11387	62717	20846	38838	3456	9148	-14240	72.73	37.8
11419	62735	20848	38834	3456	9148	-14240	72.73	37.8
11407	62714	20874	38824	3432	9068	-14240	72.73	37.8
11429	62735	20876	38822	3432	9068	-14240	72.73	37.8
11424	62740	20883	38834	3484	9052	-14176	72.73	37.8
11464	62752	20900	38819	3484	9052	-14176	72.73	37.8
11459	62735	20896	38814	3500	9212	-14368	72.73	37.8
11463	62757	20872	38850	3500	9212	-14368	72.73	37.8
11478	62772	20887	38846	3540	9048	-14292	72.73	37.8
11490	62781	20896	38862	3540	9048	-14292	72.73	37.8
11507	62763	20905	38829	3508	9016	-14176	72.73	37.8
11518	62789	20919	38850	3508	9016	-14176	73.17	41.8
11519	62760	20906	38863	3588	9092	-14064	73.17	41.8
11538	62784	20907	38861	3588	9092	-14064	73.17	41.8
11572	62792	20931	38850	3416	9076	-14232	73.17	41.8
11551	62837	20910	38851	3416	9076	-14232	73.17	41.8
11547	62839	20914	38844	3624	9164	-14420	73.17	41.8
11568	62818	20941	38863	3624	9164	-14420	73.17	41.8
11580	62789	20977	38865	3536	8972	-14228	73.17	41.8
11567	62790	21001	38846	3536	8972	-14228	73.17	41.8
11542	62757	20983	38843	3520	9104	-14224	73.17	41.8
11507	62736	20945	38822	3520	9104	-14224	73.17	41.8
11471	62732	20928	38813	3504	9048	-14184	73.17	41.8
11447	62715	20898	38815	3504	9048	-14184	73.17	41.8
11438	62705	20879	38805	3376	9180	-14304	73.17	41.8
11431	62697	20843	38800	3376	9180	-14304	73.17	41.8
11393	62694	20870	38781	3516	9132	-14324	73.17	41.8
11380	62674	20861	38794	3516	9132	-14324	73.17	41.8
11383	62669	20841	38792	3416	9132	-14232	73.17	41.8
11369	62670	20801	38805	3416	9132	-14232	73.17	41.8
11363	62682	20807	38795	3432	9156	-14148	73.17	41.8
11379	62681	20835	38800	3432	9156	-14148	73.17	41.8
11372	62671	20820	38788	3516	9044	-14244	73.17	41.8
11406	62654	20828	38773	3516	9044	-14244	73.17	41.8
11362	62670	20809	38784	3488	9080	-14284	73.17	41.8
11348	62678	20770	38784	3488	9080	-14284	73.17	41.8
11342	62682	20761	38799	3492	9084	-14236	73.17	41.8
11361	62675	20755	38786	3492	9084	-14236	73.17	41.8
11379	62690	20765	38786	3468	9084	-14240	73.17	41.8
11377	62681	20768	38787	3468	9084	-14240	73.17	41.8
11391	62677	20795	38804	3584	9040	-14228	73.17	41.8
11435	62695	20783	38797	3584	9040	-14228	73.17	41.8
11396	62695	20791	38817	3468	9048	-14040	73.17	41.8
11439	62729	20780	38818	3468	9048	-14040	73.17	41.8
11439	62730	20802	38801	3592	9152	-14248	73.17	41.8
11474	62753	20786	38798	3592	9152	-14248	73.17	41.8
11457	62745	20791	38792	3532	9092	-14180	73.17	41.8
11461	62759	20784	38821	3532	9092	-14180	73.17	41.8
11479	62763	20793	38815	3716	9180	-14196	73.17	41.8
11485	62766	20800	38841	3716	9180	-14196	73.17	41.8
11492	62781	20794	38824	3488	9156	-14268	73.17	41.8
11480	62792	20788	38844	3488	9156	-14268	73.17	41.8
11514	62802	20783	38843	3508	9084	-14204	73.17	41.8
11503	62827	20781	38834	3508	9084	-14204	73.17	41.8
11508	62837	20771	38840	3396	9064	-14208	73.17	41.8
11544	62826	20777	38865	3396	9064	-14208	73.17	41.8
11516	62810	20775	38828	3464	9172	-14256	73.17	41.8
11517	62795	20803	38833	3464	9172	-14256	73.17	41.8
11502	62766	20784	38833	3600	9104	-14260	73.17	41.8
11454	62755	20769	38808	3600	9104	-14260	73.17	41.8
11457	62730	20737	38805	3556	9008	-14128	73.17	41.8
11420	62710	20743	38799	3556	9008	-14128	73.57	43.6
11370	62696	20689	38794	3452	9144	-14384	73.57	43.6
11367	62682	20673	38792	3452	9144	-14384	73.57	43.6
11317	62678	20658	38770	3460	9144	-14356	73.57	43.6
11306	62676	20657	38776	3460	9144	-14356	73.57	43.6
11310	62686	20626	38767	3604	9056	-14164	73.57	43.6
11271	62670	20616	38791	3604	9056	-14164	73.57	43.6
11281	62677	20613	38761	3376	9060	-14236	73.57	43.6
11279	62667	20611	38768	3376	9060	-14236	73.57	43.6
11248	62660	20629	38755	3392	9036	-14192	73.57	43.6
11243	62641	20610	38773	3392	9036	-14192	73.57	43.6
11226	62640	20582	38765	3384	9008	-14152	73.57	43.6
11216	62634	20562	38745	3384	9008	-14152	73.57	43.6
11221	62628	20571	38724	3548	9108	-14328	73.57	43.6
11265	62630	20571	38746	3548	9108	-14328	73.57	43.6
11231	62631	20570	38745	3480	9072	-14296	73.57	43.6
11246	62643	20581	38753	3480	9072	-14296	73.57	43.6
11264	62653	20593	38750	3548	9092	-14012	73.57	43.6
11272	62657	20596	38757	3548	9092	-14012	73.57	43.6
11286	62650	20617	38752	3532	9148	-14048	73.57	43.6
11279	62645	20606	38738	3532	9148	-14048	73.57	43.6
11293	62645	20594	38767	3452	9044	-14184	73.57	43.6
11318	62663	20610	38757	3452	9044	-14184	73.57	43.6
11260	62672	20584	38772	3448	9080	-14340	73.57	43.6
11303	62676	20594	38748	3448	9080	-14340	73.57	43.6
11319	62681	20617	38748	3512	9128	-14204	73.57	43.6
11313	62696	20598	38752	3512	9128	-14204	73.57	43.6
11334	62688	20601	38759	3376	9084	-14352	73.57	43.6
11332	62699	20591	38774	3376	9084	-14352	73.57	43.6
11353	62710	20616	38785	3436	9124	-14404	73.57	43.6
11336	62721	20611	38770	3436	9124	-14404	73.57	43.6
11357	62718	20603	38771	3492	9076	-14204	73.57	43.6
11366	62709	20655	38763	3492	9076	-14204	73.57	43.6
11342	62685	20628	38775	3460	9052	-14260	73.57	43.6
11349	62670	20645	38759	3460	9052	-14260	73.57	43.6
11314	62663	20643	38738	3480	9104	-14212	73.57	43.6
11296	62629	20616	38733	3480	9104	-14212	73.57	43.6
11258	62626	20616	38715	3396	9056	-14284	73.57	43.6
11214	62605	20585	38714	3396	9056	-14284	73.57	43.6
11230	62583	20558	38706	3560	9140	-14380	73.57	43.6
11200	62567	20531	38722	3560	9140	-14380	73.57	43.6
11196	62585	20529	38706	3488	9064	-14264	73.57	43.6
11196	62571	20512	38719	3488	9064	-14264	73.57	43.6
11201	62573	20518	38701	3420	9096	-14104	73.57	43.6
11183	62567	20511	38704	3420	9096	-14104	73.57	43.6
11214	62562	20511	38697	3516	9112	-14192	73.57	43.6
11187	62558	20502	38704	3516	9112	-14192	73.57	43.6
11226	62550	20491	38695	3460	9160	-14300	73.57	43.6
11200	62552	20509	38688	3460	9160	-14300	73.57	43.6
11188	62551	20489	38689	3516	9060	-14272	73.57	43.6
11172	62546	20486	38689	3516	9060	-14272	73.85	38.5
11185	62539	20517	38684	3568	8976	-14132	73.85	38.5
11197	62538	20518	38691	3568	8976	-14132	73.85	38.5
11201	62558	20521	38674	3496	9024	-14292	73.85	38.5
11208	62556	20517	38688	3496	9024	-14292	73.85	38.5
11217	62568	20518	38712	3684	9116	-14292	73.85	38.5
11208	62557	20519	38685	3684	9116	-14292	73.85	38.5
11239	62566	20531	38693	3440	9040	-14344	73.85	38.5
11260	62567	20536	38704	3440	9040	-14344	73.85	38.5
11281	62585	20531	38679	3480	9068	-14184	73.85	38.5
11269	62593	20561	38696	3480	9068	-14184	73.85	38.5
11304	62608	20539	38696	3480	9084	-14236	73.85	38.5
11313	62596	20562	38705	3480	9084	-14236	73.85	38.5
11303	62604	20575	38714	3524	9168	-14384	73.85	38.5
11327	62625	20575	38741	3524	9168	-14384	73.85	38.5
11338	62640	20562	38705	3472	9228	-14384	73.85	38.5
11344	62657	20570	38720	3472	9228	-14384	73.85	38.5
11347	62662	20597	38734	3480	9016	-14096	73.85	38.5
11363	62679	20602	38734	3480	9016	-14096	73.85	38.5
11393	62674	20610	38745	3472	9056	-14076	73.85	38.5
11379	62684	20617	38739	3472	9056	-14076	73.85	38.5
11411	62683	20648	38752	3476	8984	-14204	73.85	38.5
11418	62654	20648	38736	3476	8984	-14204	73.85	38.5
11368	62649	20646	38743	3580	9080	-14336	73.85	38.5
11373	62625	20636	38727	3580	9080	-14336	73.85	38.5
11303	62615	20614	38715	3524	9116	-14208	73.85	38.5
11281	62615	20595	38729	3524	9116	-14208	73.85	38.5
11240	62567	20576	38699	3496	9100	-14216	73.85	38.5
11203	62558	20549	38710	3496	9100	-14216	73.85	38.5
11212	62548	20514	38712	3492	8996	-14208	73.85	38.5
11206	62562	20526	38686	3492	8996	-14208	73.85	38.5
11170	62542	20504	38687	3388	9128	-14220	73.85	38.5
11170	62539	20524	38677	3388	9128	-14220	73.85	38.5
11174	62546	20486	38703	3556	9088	-14252	73.85	38.5
11139	62530	20511	38693	3556	9088	-14252	73.85	38.5
11158	62550	20489	38672	3484	9092	-14224	73.85	38.5
11136	62503	20528	38688	3484	9092	-14224	73.85	38.5
11152	62533	20518	38679	3508	9084	-14160	73.85	38.5
11148	62506	20482	38677	3508	9084	-14160	73.85	38.5
11124	62514	20493	38677	3532	9152	-14328	73.85	38.5
11143	62515	20480	38693	3532	9152	-14328	73.85	38.5
11144	62521	20490	38666	3428	9116	-14320	73.85	38.5
11138	62532	20493	38697	3428	9116	-14320	73.85	38.5
11130	62528	20512	38667	3484	8884	-14144	73.85	38.5
11165	62545	20490	38682	3484	8884	-14144	73.85	38.5
11179	62551	20482	38690	3544	9008	-14256	73.85	38.5
11155	62552	20493	38697	3544	9008	-14256	73.85	38.5
11207	62551	20485	38703	3464	9036	-14136	73.85	38.5
11192	62559	20515	38692	3464	9036	-14136	73.85	38.5
11206	62580	20511	38700	3548	9052	-14280	73.85	38.5
11217	62583	20505	38713	3548	9052	-14280	75.42	36.7
11206	62603	20485	38728	3412	9016	-14252	75.42	36.7
11222	62599	20499	38712	3412	9016	-14252	75.42	36.7
11205	62624	20510	38735	3508	8976	-14232	75.42	36.7
11234	62631	20488	38729	3508	8976	-14232	75.42	36.7
11248	62648	20487	38740	3484	9096	-14320	75.42	36.7
11278	62646	20495	38744	3484	9096	-14320	75.42	36.7
11280	62668	20506	38752	3492	9112	-14176	75.42	36.7
11314	62674	20551	38764	3492	9112	-14176	75.42	36.7
11329	62694	20538	38767	3568	9124	-14180	75.42	36.7
11342	62699	20548	38779	3568	9124	-14180	75.42	36.7
11371	62710	20558	38774	3484	9040	-14336	75.42	36.7
11394	62721	20584	38762	3484	9040	-14336	75.42	36.7
11392	62744	20617	38779	3592	9068	-14240	75.42	36.7
11417	62721	20628	38780	3592	9068	-14240	75.42	36.7
11429	62707	20636	38808	3452	8960	-14152	75.42	36.7
11369	62675	20609	38767	3452	8960	-14152	75.42	36.7
11329	62669	20609	38763	3540	8988	-14184	75.42	36.7
11326	62649	20571	38763	3540	8988	-14184	75.42	36.7
11285	62641	20550	38742	3576	9076	-14192	75.42	36.7
11233	62629	20509	38752	3576	9076	-14192	75.42	36.7
11228	62650	20494	38734	3512	9064	-14144	75.42	36.7
11221	62612	20465	38747	3512	9064	-14144	75.42	36.7
11212	62622	20500	38742	3472	9072	-14332	75.42	36.7
11192	62636	20468	38755	3472	9072	-14332	75.42	36.7
11205	62626	20473	38760	3388	9208	-14120	75.42	36.7
11205	62639	20454	38743	3388	9208	-14120	75.42	36.7
11209	62627	20476	38741	3528	8976	-14212	75.42	36.7
11222	62627	20489	38748	3528	8976	-14212	75.42	36.7
11245	62624	20499	38749	3596	9076	-14468	75.42	36.7
11234	62618	20506	38751	3596	9076	-14468	75.42	36.7
11253	62629	20495	38759	3484	9068	-14272	75.42	36.7
11224	62614	20473	38774	3484	9068	-14272	75.42	36.7
11235	62627	20475	38755	3472	8940	-14268	75.42	36.7
11248	62633	20494	38768	3472	8940	-14268	75.42	36.7
11238	62677	20491	38748	3468	9104	-14304	75.42	36.7
11259	62653	20467	38794	3468	9104	-14304	75.42	36.7
11223	62670	20465	38776	3444	9088	-14204	75.42	36.7
11262	62677	20472	38786	3444	9088	-14204	75.42	36.7
11272	62667	20479	38790	3480	9072	-14336	75.42	36.7
11276	62693	20462	38799	3480	9072	-14336	75.42	36.7
11299	62695	20477	38802	3540	9052	-14184	75.42	36.7
11276	62701	20467	38798	3540	9052	-14184	75.42	36.7
11272	62714	20454	38815	3424	9108	-14304	75.42	36.7
11290	62731	20476	38803	3424	9108	-14304	75.42	36.7
11304	62751	20463	38833	3548	9088	-14160	75.42	36.7
11312	62733	20485	38825	3548	9088	-14160	75.42	36.7
11345	62773	20522	38841	3452	9184	-14308	75.42	36.7
11334	62771	20524	38840	3452	9184	-14308	75.42	36.7
11340	62792	20506	38833	3412	9080	-14332	75.42	36.7
11377	62770	20523	38854	3412	9080	-14332	75.21	38.7
11364	62795	20525	38857	3488	9044	-14300	75.21	38.7
11417	62825	20519	38865	3488	9044	-14300	75.21	38.7
11407	62819	20546	38862	3520	9036	-14224	75.21	38.7
11385	62853	20548	38888	3520	9036	-14224	75.21	38.7
11439	62857	20530	38875	3536	9112	-14112	75.21	38.7
11433	62873	20570	38908	3536	9112	-14112	75.21	38.7
11429	62873	20582	38875	3456	9092	-14176	75.21	38.7
11414	62854	20588	38886	3456	9092	-14176	75.21	38.7
11391	62856	20596	38865	3572	8996	-14284	75.21	38.7
11377	62797	20571	38843	3572	8996	-14284	75.21	38.7
11331	62813	20540	38873	3528	9088	-14268	75.21	38.7
11282	62802	20529	38866	3528	9088	-14268	75.21	38.7
11263	62804	20502	38863	3480	9064	-14164	75.21	38.7
11273	62793	20491	38865	3480	9064	-14164	75.21	38.7
11220	62801	20508	38858	3464	9012	-14288	75.21	38.7
11226	62795	20501	38867	3464	9012	-14288	75.21	38.7
11196	62792	20494	38878	3460	9096	-14164	75.21	38.7
11211	62784	20482	38864	3460	9096	-14164	75.21	38.7
11224	62806	20503	38850	3484	9072	-14244	75.21	38.7
11220	62797	20517	38874	3484	9072	-14244	75.21	38.7
11216	62798	20520	38880	3492	9032	-14224	75.21	38.7
11208	62805	20480	38887	3492	9032	-14224	75.21	38.7
11226	62789	20492	38872	3412	9104	-14276	75.21	38.7
11209	62783	20504	38884	3412	9104	-14276	75.21	38.7
11216	62801	20484	38896	3532	9180	-14344	75.21	38.7
11192	62793	20479	38870	3532	9180	-14344	75.21	38.7
11220	62788	20489	38885	3516	9044	-14236	75.21	38.7
11241	62806	20510	38879	3516	9044	-14236	75.21	38.7
11202	62810	20503	38867	3472	9040	-14028	75.21	38.7
11206	62834	20519	38880	3472	9040	-14028	75.21	38.7
11244	62831	20544	38903	3472	9024	-14316	75.21	38.7
11260	62838	20514	38904	3472	9024	-14316	75.21	38.7
11255	62864	20520	38891	3452	9108	-14296	75.21	38.7
11265	62854	20518	38885	3452	9108	-14296	75.21	38.7
11257	62856	20523	38927	3436	9116	-14248	75.21	38.7
11263	62880	20523	38923	3436	9116	-14248	75.21	38.7
11294	62874	20530	38921	3496	9068	-14172	75.21	38.7
11306	62879	20573	38920	3496	9068	-14172	75.21	38.7
11319	62901	20560	38931	3392	9096	-14280	75.21	38.7
11310	62913	20559	38938	3392	9096	-14280	75.21	38.7
11325	62916	20559	38949	3536	9032	-14272	75.21	38.7
11310	62945	20575	38952	3536	9032	-14272	75.21	38.7
11317	62946	20543	38926	3604	9156	-14292	75.21	38.7
11347	62945	20564	38943	3604	9156	-14292	75.21	38.7
11389	62975	20587	38975	3420	9032	-14236	75.21	38.7
11371	62977	20590	38971	3420	9032	-14236	75.21	38.7
11378	62974	20602	38967	3508	9064	-14236	75.21	38.7
11399	62976	20642	38993	3508	9064	-14236	75.21	38.7
11389	62981	20650	38981	3464	9108	-14312	75.21	38.7
11417	62946	20680	38978	3464	9108	-14312	74.79	40.6
11395	62951	20671	38954	3572	9036	-14232	74.79	40.6
11342	62933	20627	38977	3572	9036	-14232	74.79	40.6
11334	62926	20626	38973	3536	9076	-14180	74.79	40.6
11272	62912	20596	38959	3536	9076	-14180	74.79	40.6
11265	62901	20563	38946	3544	9052	-14096	74.79	40.6
11274	62901	20584	38956	3544	9052	-14096	74.79	40.6
11228	62912	20570	38945	3520	9140	-14256	74.79	40.6
11243	62893	20561	38966	3520	9140	-14256	74.79	40.6
11238	62886	20572	38978	3528	9072	-14300	74.79	40.6
11246	62911	20565	38940	3528	9072	-14300	74.79	40.6
11237	62901	20550	38972	3460	9112	-14248	74.79	40.6
11237	62899	20566	38951	3460	9112	-14248	74.79	40.6
11244	62884	20561	38938	3464	9112	-14288	74.79	40.6
11244	62893	20570	38954	3464	9112	-14288	74.79	40.6
11246	62899	20564	38963	3472	9156	-14224	74.79	40.6
11250	62897	20570	38965	3472	9156	-14224	74.79	40.6
11252	62893	20564	38968	3588	9072	-14432	74.79	40.6
11264	62921	20592	38978	3588	9072	-14432	74.79	40.6
11281	62923	20599	38968	3560	9076	-14416	74.79	40.6
11282	62908	20593	38981	3560	9076	-14416	74.79	40.6
11289	62945	20607	38994	3440	9040	-14268	74.79	40.6
11292	62964	20581	38991	3440	9040	-14268	74.79	40.6
11325	62964	20636	38992	3432	9084	-14348	74.79	40.6
11315	62973	20615	38991	3432	9084	-14348	74.79	40.6
11309	62959	20619	38997	3460	9072	-14272	74.79	40.6
11326	62993	20624	39001	3460	9072	-14272	74.79	40.6
11348	62990	20645	39024	3532	9008	-14340	74.79	40.6
11356	63017	20650	39019	3532	9008	-14340	74.79	40.6
11376	63009	20647	39045	3460	9072	-14300	74.79	40.6
11396	63017	20662	39022	3460	9072	-14300	74.79	40.6
11381	63047	20668	39033	3568	9008	-14208	74.79	40.6
11384	63043	20701	39031	3568	9008	-14208	74.79	40.6
11404	63052	20716	39045	3512	9124	-14160	74.79	40.6
11398	63076	20691	39030	3512	9124	-14160	74.79	40.6
11410	63089	20697	39064	3488	8976	-14400	74.79	40.6
11435	63105	20694	39068	3488	8976	-14400	74.79	40.6
11455	63123	20716	39083	3488	9044	-14240	74.79	40.6
11485	63138	20715	39083	3488	9044	-14240	74.79	40.6
11495	63163	20748	39103	3568	9124	-14348	74.79	40.6
11506	63157	20759	39090	3568	9124	-14348	74.79	40.6
11491	63148	20800	39088	3532	9132	-14436	74.79	40.6
11453	63125	20769	39094	3532	9132	-14436	74.79	40.6
11410	63124	20741	39096	3544	8944	-14232	74.79	40.6
11388	63125	20720	39082	3544	8944	-14232	74.79	40.6
11348	63098	20695	39083	3476	9152	-14344	74.79	40.6
11323	63091	20685	39077	3476	9152	-14344	74.79	40.6
11298	63104	20653	39091	3440	9076	-14232	74.79	40.6
11327	63088	20649	39089	3440	9076	-14232	74.79	40.6
11322	63101	20645	39090	3508	9056	-14236	74.79	40.6
11282	63094	20634	39083	3508	9056	-14236	75.42	44.7
11272	63106	20615	39111	3504	9048	-14232	75.42	44.7
11280	63092	20611	39112	3504	9048	-14232	75.42	44.7
11317	63107	20634	39087	3500	9108	-14184	75.42	44.7
11310	63100	20623	39101	3500	9108	-14184	75.42	44.7
11292	63097	20615	39091	3504	9092	-14340	75.42	44.7
11266	63105	20590	39104	3504	9092	-14340	75.42	44.7
11244	63117	20584	39096	3404	9124	-14264	75.42	44.7
11274	63116	20577	39113	3404	9124	-14264	75.42	44.7
11271	63116	20594	39106	3372	9092	-14352	75.42	44.7
11229	63138	20579	39135	3372	9092	-14352	75.42	44.7
11263	63140	20579	39137	3412	9176	-14196	75.42	44.7
11259	63157	20582	39123	3412	9176	-14196	75.42	44.7
11275	63166	20576	39134	3492	9088	-14152	75.42	44.7
11257	63151	20559	39148	3492	9088	-14152	75.42	44.7
11270	63186	20588	39155	3508	9020	-14392	75.42	44.7
11292	63208	20574	39146	3508	9020	-14392	75.42	44.7
11279	63207	20589	39158	3468	9016	-14192	75.42	44.7
11289	63205	20600	39179	3468	9016	-14192	75.42	44.7
11323	63229	20623	39171	3596	9052	-14236	75.42	44.7
11310	63247	20609	39177	3596	9052	-14236	75.42	44.7
11323	63256	20615	39189	3492	9132	-14372	75.42	44.7
11318	63286	20617	39214	3492	9132	-14372	75.42	44.7
11335	63281	20620	39204	3532	9036	-14204	75.42	44.7
11333	63303	20613	39211	3532	9036	-14204	75.42	44.7
11320	63330	20602	39221	3508	9104	-14264	75.42	44.7
11315	63341	20612	39214	3508	9104	-14264	75.42	44.7
11344	63333	20617	39231	3560	8988	-14240	75.42	44.7
11343	63343	20626	39233	3560	8988	-14240	75.42	44.7
11367	63366	20595	39237	3488	9024	-14220	75.42	44.7
11368	63398	20628	39255	3488	9024	-14220	75.42	44.7
11364	63408	20659	39273	3560	9004	-14180	75.42	44.7
11362	63371	20664	39244	3560	9004	-14180	75.42	44.7
11309	63365	20670	39258	3452	9004	-14316	75.42	44.7
11231	63341	20630	39252	3452	9004	-14316	75.42	44.7
11252	63365	20632	39238	3468	9084	-14348	75.42	44.7
11179	63350	20589	39263	3468	9084	-14348	75.42	44.7
11157	63339	20558	39253	3484	8972	-14172	75.42	44.7
11131	63338	20542	39247	3484	8972	-14172	75.42	44.7
11163	63339	20556	39252	3508	9108	-14260	75.42	44.7
11191	63371	20577	39246	3508	9108	-14260	75.42	44.7
11173	63352	20580	39244	3516	9088	-14136	75.42	44.7
11173	63362	20594	39261	3516	9088	-14136	75.42	44.7
11171	63362	20601	39275	3540	9104	-14128	75.42	44.7
11193	63368	20612	39283	3540	9104	-14128	75.42	44.7
11202	63374	20608	39258	3572	9052	-14328	75.42	44.7
11182	63378	20597	39273	3572	9052	-14328	75.42	44.7
11156	63374	20567	39284	3452	9028	-14228	75.42	44.7
11138	63392	20586	39288	3452	9028	-14228	75.42	44.7
11141	63389	20592	39293	3500	9088	-14256	75.42	44.7
11144	63396	20618	39283	3500	9088	-14256	74.30	50.1
11154	63385	20610	39276	3548	9132	-14312	74.30	50.1
11146	63383	20615	39286	3548	9132	-14312	74.30	50.1
11125	63400	20600	39273	3560	9092	-14300	74.30	50.1
11132	63390	20604	39296	3560	9092	-14300	74.30	50.1
11158	63424	20623	39283	3364	9044	-14196	74.30	50.1
11153	63428	20614	39304	3364	9044	-14196	74.30	50.1
11150	63418	20609	39311	3472	8996	-14260	74.30	50.1
11170	63441	20642	39296	3472	8996	-14260	74.30	50.1
11228	63447	20648	39312	3452	9096	-14172	74.30	50.1
11232	63471	20677	39322	3452	9096	-14172	74.30	50.1
11255	63476	20710	39331	3516	9064	-14168	74.30	50.1
11268	63479	20722	39336	3516	9064	-14168	74.30	50.1
11248	63483	20709	39320	3496	9048	-14172	74.30	50.1
11257	63495	20719	39336	3496	9048	-14172	74.30	50.1
11269	63510	20706	39329	3528	9080	-14148	74.30	50.1
11269	63516	20713	39341	3528	9080	-14148	74.30	50.1
11261	63511	20712	39349	3476	9040	-14344	74.30	50.1
11294	63536	20737	39357	3476	9040	-14344	74.30	50.1
11286	63531	20725	39354	3652	8996	-14152	74.30	50.1
11288	63547	20763	39361	3652	8996	-14152	74.30	50.1
11340	63546	20797	39374	3600	9024	-14312	74.30	50.1
11294	63554	20782	39351	3600	9024	-14312	74.30	50.1
11285	63535	20791	39348	3464	9104	-14240	74.30	50.1
11215	63513	20782	39337	3464	9104	-14240	74.30	50.1
11193	63501	20737	39347	3480	9076	-14172	74.30	50.1
11136	63477	20712	39345	3480	9076	-14172	74.30	50.1
11096	63473	20684	39334	3504	9096	-14216	74.30	50.1
11099	63466	20688	39326	3504	9096	-14216	74.30	50.1
11091	63465	20688	39335	3508	9016	-14020	74.30	50.1
11066	63468	20665	39310	3508	9016	-14020	74.30	50.1
11072	63477	20659	39331	3440	9028	-14348	74.30	50.1
11070	63464	20619	39326	3440	9028	-14348	74.30	50.1
11050	63463	20671	39331	3504	9068	-14312	74.30	50.1
11061	63487	20662	39338	3504	9068	-14312	74.30	50.1
11050	63486	20694	39332	3480	9016	-14188	74.30	50.1
11078	63460	20664	39329	3480	9016	-14188	74.30	50.1
11054	63474	20673	39325	3500	9084	-14192	74.30	50.1
11075	63471	20661	39329	3500	9084	-14192	74.30	50.1
11088	63451	20670	39328	3560	9052	-14380	74.30	50.1
11091	63474	20700	39319	3560	9052	-14380	74.30	50.1
11125	63495	20707	39333	3536	9076	-14184	74.30	50.1
11150	63486	20708	39346	3536	9076	-14184	74.30	50.1
11142	63493	20752	39351	3508	9080	-14136	74.30	50.1
11142	63495	20731	39363	3508	9080	-14136	74.30	50.1
11169	63500	20748	39347	3416	9092	-14092	74.30	50.1
11171	63531	20771	39341	3416	9092	-14092	74.30	50.1
11207	63536	20764	39339	3560	9068	-14300	74.30	50.1
11204	63510	20782	39354	3560	9068	-14300	74.30	50.1
11234	63538	20789	39355	3504	9004	-14072	74.30	50.1
11236	63553	20793	39373	3504	9004	-14072	73.97	51.5
11252	63553	20794	39365	3424	9092	-14128	73.97	51.5
11220	63559	20807	39387	3424	9092	-14128	73.97	51.5
11241	63570	20822	39382	3460	9076	-14096	73.97	51.5
11243	63571	20806	39391	3460	9076	-14096	73.97	51.5
11257	63611	20800	39387	3536	9100	-14360	73.97	51.5
11285	63600	20822	39392	3536	9100	-14360	73.97	51.5
11303	63591	20872	39397	3488	9056	-14256	73.97	51.5
11317	63589	20906	39393	3488	9056	-14256	73.97	51.5
11297	63600	20910	39389	3436	8912	-14068	73.97	51.5
11278	63567	20893	39382	3436	8912	-14068	73.97	51.5
11262	63552	20894	39367	3500	9052	-14304	73.97	51.5
11219	63524	20854	39366	3500	9052	-14304	73.97	51.5
11220	63509	20838	39354	3464	8980	-14236	73.97	51.5
11161	63503	20804	39371	3464	8980	-14236	73.97	51.5
11160	63522	20797	39365	3528	8964	-14312	73.97	51.5
11136	63495	20789	39359	3528	8964	-14312	73.97	51.5
11138	63475	20780	39324	3544	9064	-14348	73.97	51.5
11107	63457	20750	39340	3544	9064	-14348	73.97	51.5
11096	63483	20776	39349	3488	8980	-14268	73.97	51.5
11094	63477	20782	39361	3488	8980	-14268	73.97	51.5
11078	63483	20796	39335	3444	9100	-14328	73.97	51.5
11081	63475	20789	39349	3444	9100	-14328	73.97	51.5
11111	63453	20792	39342	3584	8984	-14308	73.97	51.5
11116	63460	20803	39349	3584	8984	-14308	73.97	51.5
11098	63459	20810	39352	3464	9064	-14260	73.97	51.5
11113	63459	20811	39337	3464	9064	-14260	73.97	51.5
11118	63446	20812	39331	3452	9092	-14176	73.97	51.5
11123	63451	20810	39357	3452	9092	-14176	73.97	51.5
11122	63459	20839	39336	3508	9068	-14280	73.97	51.5
11140	63469	20836	39348	3508	9068	-14280	73.97	51.5
11160	63485	20852	39332	3412	9080	-14360	73.97	51.5
11182	63473	20872	39345	3412	9080	-14360	73.97	51.5
11206	63473	20879	39350	3472	9072	-14288	73.97	51.5
11229	63486	20876	39352	3472	9072	-14288	73.97	51.5
11235	63505	20916	39348	3468	9116	-14236	73.97	51.5
11241	63495	20915	39373	3468	9116	-14236	73.97	51.5
11288	63514	20932	39361	3424	9124	-14204	73.97	51.5
11293	63507	20938	39363	3424	9124	-14204	73.97	51.5
11317	63524	20938	39366	3544	9072	-14308	73.97	51.5
11323	63535	20971	39359	3544	9072	-14308	73.97	51.5
11369	63546	20994	39376	3508	9028	-14368	73.97	51.5
11406	63547	20999	39364	3508	9028	-14368	73.97	51.5
11443	63561	21044	39378	3488	9036	-14292	73.97	51.5
11440	63552	21052	39394	3488	9036	-14292	73.97	51.5
11441	63526	21055	39358	3476	9124	-14280	73.97	51.5
11431	63537	21094	39381	3476	9124	-14280	73.97	51.5
11419	63508	21093	39376	3572	9196	-14256	73.97	51.5
11380	63494	21052	39382	3572	9196	-14256	73.97	51.5
11368	63485	21059	39356	3460	9088	-14284	73.97	51.5
11353	63470	21052	39365	3460	9088	-14284	74.18	58.3
11331	63457	21011	39336	3456	8988	-14252	74.18	58.3
11266	63456	21002	39333	3456	8988	-14252	74.18	58.3
11252	63416	20999	39343	3456	9024	-14188	74.18	58.3
11235	63406	20954	39320	3456	9024	-14188	74.18	58.3
11237	63397	20982	39330	3544	8984	-14280	74.18	58.3
11225	63384	20972	39342	3544	8984	-14280	74.18	58.3
11218	63388	20953	39320	3476	9040	-14284	74.18	58.3
11189	63384	20953	39326	3476	9040	-14284	74.18	58.3
11200	63369	20967	39317	3524	8992	-14088	74.18	58.3
11234	63376	20985	39325	3524	8992	-14088	74.18	58.3
11187	63367	20965	39319	3468	9124	-14436	74.18	58.3
11186	63365	20943	39323	3468	9124	-14436	74.18	58.3
11183	63359	20957	39327	3564	9016	-14292	74.18	58.3
11198	63375	20938	39330	3564	9016	-14292	74.18	58.3
11165	63362	20940	39302	3604	9076	-14140	74.18	58.3
11217	63383	20955	39323	3604	9076	-14140	74.18	58.3
11204	63381	20941	39334	3380	9188	-14228	74.18	58.3
11213	63379	20954	39316	3380	9188	-14228	74.18	58.3
11216	63379	20963	39327	3528	9152	-14340	74.18	58.3
11236	63399	20974	39332	3528	9152	-14340	74.18	58.3
11244	63401	20975	39317	3424	9036	-14280	74.18	58.3
11253	63414	20977	39344	3424	9036	-14280	74.18	58.3
11271	63420	20988	39351	3456	9100	-14332	74.18	58.3
11288	63428	20980	39348	3456	9100	-14332	74.18	58.3
11290	63461	20993	39357	3380	9100	-14360	74.18	58.3
11316	63450	20993	39362	3380	9100	-14360	74.18	58.3
11330	63474	21007	39359	3592	9112	-14208	74.18	58.3
11312	63472	20985	39362	3592	9112	-14208	74.18	58.3
11317	63475	20986	39381	3528	9036	-14416	74.18	58.3
11353	63472	20983	39376	3528	9036	-14416	74.18	58.3
11360	63487	21006	39415	3620	8964	-14252	74.18	58.3
11374	63524	21008	39389	3620	8964	-14252	74.18	58.3
11382	63545	21021	39390	3484	9084	-14144	74.18	58.3
11440	63524	21041	39402	3484	9084	-14144	74.18	58.3
11396	63519	21053	39394	3480	9096	-14208	74.18	58.3
11388	63498	21073	39397	3480	9096	-14208	74.18	58.3
11373	63467	21060	39369	3496	9012	-14288	74.18	58.3
11329	63474	21032	39382	3496	9012	-14288	74.18	58.3
11286	63446	21000	39361	3440	9040	-14284	74.18	58.3
11256	63458	20990	39368	3440	9040	-14284	74.18	58.3
11235	63430	20949	39382	3580	9072	-14256	74.18	58.3
11211	63451	20931	39383	3580	9072	-14256	74.18	58.3
11193	63440	20939	39364	3536	9024	-14060	74.18	58.3
11195	63437	20921	39374	3536	9024	-14060	74.18	58.3
11152	63421	20890	39368	3460	9120	-14144	74.18	58.3
11169	63430	20911	39373	3460	9120	-14144	74.18	58.3
11131	63404	20857	39363	3592	9080	-14196	74.18	58.3
11154	63437	20887	39372	3592	9080	-14196	74.18	58.3
11127	63415	20885	39397	3564	9156	-14188	74.18	58.3
11144	63412	20871	39374	3564	9156	-14188	74.30	60.9
11151	63424	20875	39375	3600	9008	-14200	74.30	60.9
11119	63425	20881	39370	3600	9008	-14200	74.30	60.9
11138	63422	20893	39367	3544	9004	-14220	74.30	60.9
11156	63421	20885	39370	3544	9004	-14220	74.30	60.9
11157	63455	20874	39387	3480	9104	-14336	74.30	60.9
11177	63451	20892	39394	3480	9104	-14336	74.30	60.9
11186	63458	20916	39372	3560	9112	-14316	74.30	60.9
11175	63465	20904	39398	3560	9112	-14316	74.30	60.9
11202	63475	20900	39408	3484	9044	-14144	74.30	60.9
11229	63480	20906	39416	3484	9044	-14144	74.30	60.9
11212	63495	20917	39410	3488	9072	-14184	74.30	60.9
11206	63528	20943	39420	3488	9072	-14184	74.30	60.9
11223	63504	20947	39438	3456	9012	-14216	74.30	60.9
11229	63543	20933	39446	3456	9012	-14216	74.30	60.9
11235	63539	20959	39433	3428	9092	-14204	74.30	60.9
11258	63557	20965	39432	3428	9092	-14204	74.30	60.9
11267	63570	20970	39456	3468	9060	-14220	74.30	60.9
11282	63566	20937	39462	3468	9060	-14220	74.30	60.9
11278	63576	20974	39455	3404	9068	-14364	74.30	60.9
11302	63587	20969	39451	3404	9068	-14364	74.30	60.9
11296	63596	20979	39463	3612	9196	-14172	74.30	60.9
11322	63593	20972	39458	3612	9196	-14172	74.30	60.9
11318	63628	20973	39466	3464	9116	-14132	74.30	60.9
11338	63649	20988	39476	3464	9116	-14132	74.30	60.9
11334	63644	21031	39492	3444	8972	-14164	74.30	60.9
11342	63644	21046	39487	3444	8972	-14164	74.30	60.9
11335	63621	21071	39490	3552	9168	-14216	74.30	60.9
11306	63617	21070	39469	3552	9168	-14216	74.30	60.9
11294	63599	21039	39464	3540	9136	-14268	74.30	60.9
11234	63584	21014	39461	3540	9136	-14268	74.30	60.9
11226	63567	20987	39443	3516	9104	-14228	74.30	60.9
11185	63558	21000	39462	3516	9104	-14228	74.30	60.9
11159	63568	20975	39439	3552	9128	-14188	74.30	60.9
11163	63548	20966	39455	3552	9128	-14188	74.30	60.9
11170	63557	20952	39435	3504	9008	-14196	74.30	60.9
11140	63530	20964	39445	3504	9008	-14196	74.30	60.9
11132	63553	20956	39448	3604	9100	-14412	74.30	60.9
11138	63542	20962	39447	3604	9100	-14412	74.30	60.9
11144	63550	20961	39448	3484	9124	-14324	74.30	60.9
11131	63544	20968	39454	3484	9124	-14324	74.30	60.9
11139	63535	20945	39450	3372	9120	-14172	74.30	60.9
11133	63539	20931	39430	3372	9120	-14172	74.30	60.9
11118	63529	20934	39446	3472	9080	-14304	74.30	60.9
11146	63533	20947	39441	3472	9080	-14304	74.30	60.9
11141	63520	20977	39444	3588	9084	-14264	74.30	60.9
11146	63542	20974	39461	3588	9084	-14264	74.30	60.9
11158	63533	20982	39437	3552	9104	-14108	74.30	60.9
11149	63547	20963	39455	3552	9104	-14108	74.30	60.9
11192	63553	20983	39442	3540	9072	-14136	74.30	60.9
11191	63556	21001	39450	3540	9072	-14136	74.59	59.6
11216	63564	21004	39464	3512	9056	-14132	74.59	59.6
11211	63573	21016	39462	3512	9056	-14132	74.59	59.6
11242	63576	21023	39467	3456	9128	-14248	74.59	59.6
11240	63571	21044	39466	3456	9128	-14248	74.59	59.6
11246	63597	21043	39463	3548	8988	-14268	74.59	59.6
11269	63614	21051	39474	3548	8988	-14268	74.59	59.6
11284	63616	21054	39494	3468	9088	-14296	74.59	59.6
11310	63640	21061	39506	3468	9088	-14296	74.59	59.6
11338	63626	21109	39496	3464	8944	-14332	74.59	59.6
11365	63657	21127	39501	3464	8944	-14332	74.59	59.6
11388	63632	21138	39501	3376	9140	-14140	74.59	59.6
11417	63666	21145	39497	3376	9140	-14140	74.59	59.6
11413	63680	21121	39502	3468	9036	-14152	74.59	59.6
11463	63682	21126	39516	3468	9036	-14152	74.59	59.6
11506	63691	21164	39500	3524	9040	-14276	74.59	59.6
11552	63728	21218	39529	3524	9040	-14276	74.59	59.6
11573	63736	21210	39541	3632	9120	-14252	74.59	59.6
11574	63736	21277	39532	3632	9120	-14252	74.59	59.6
11582	63709	21289	39545	3532	9052	-14256	74.59	59.6
11576	63706	21267	39510	3532	9052	-14256	74.59	59.6
11564	63684	21276	39529	3592	9168	-14108	74.59	59.6
11553	63678	21266	39519	3592	9168	-14108	74.59	59.6
11496	63672	21242	39529	3424	9012	-14124	74.59	59.6
11455	63660	21235	39495	3424	9012	-14124	74.59	59.6
11454	63648	21215	39502	3444	9116	-14332	74.59	59.6
11453	63655	21211	39502	3444	9116	-14332	74.59	59.6
11439	63655	21193	39506	3476	9048	-14224	74.59	59.6
11455	63656	21196	39495	3476	9048	-14224	74.59	59.6
11453	63650	21183	39529	3452	9068	-14296	74.59	59.6
11426	63653	21182	39506	3452	9068	-14296	74.59	59.6
11442	63657	21196	39502	3444	9152	-14276	74.59	59.6
11450	63654	21204	39496	3444	9152	-14276	74.59	59.6
11428	63664	21213	39499	3492	9060	-14240	74.59	59.6
11448	63667	21207	39513	3492	9060	-14240	74.59	59.6
11443	63648	21190	39512	3484	9096	-14172	74.59	59.6
11453	63667	21209	39511	3484	9096	-14172	74.59	59.6
11468	63662	21215	39517	3492	9068	-14192	74.59	59.6
11468	63670	21199	39517	3492	9068	-14192	74.59	59.6
11484	63676	21211	39530	3456	9008	-14248	74.59	59.6
11460	63694	21197	39522	3456	9008	-14248	74.59	59.6
11503	63705	21234	39537	3456	9072	-14300	74.59	59.6
11483	63700	21203	39539	3456	9072	-14300	74.59	59.6
11512	63724	21216	39522	3600	9048	-14332	74.59	59.6
11514	63715	21241	39533	3600	9048	-14332	74.59	59.6
11539	63729	21233	39557	3492	8956	-14324	74.59	59.6
11531	63755	21240	39537	3492	8956	-14324	74.59	59.6
11573	63763	21248	39549	3540	9028	-14396	74.59	59.6
11601	63773	21267	39545	3540	9028	-14396	74.59	59.6
11597	63780	21284	39566	3456	9152	-14256	74.59	59.6
11629	63807	21287	39566	3456	9152	-14256	74.79	53.9
11628	63800	21283	39577	3508	9068	-14168	74.79	53.9
11653	63791	21290	39574	3508	9068	-14168	74.79	53.9
11630	63812	21310	39579	3512	9104	-14396	74.79	53.9
11698	63829	21297	39600	3512	9104	-14396	74.79	53.9
11694	63871	21302	39583	3444	9016	-14200	74.79	53.9
11682	63869	21313	39596	3444	9016	-14200	74.79	53.9
11730	63887	21316	39614	3420	9056	-14172	74.79	53.9
11744	63894	21357	39613	3420	9056	-14172	74.79	53.9
11756	63896	21388	39601	3512	9168	-14144	74.79	53.9
11747	63895	21390	39614	3512	9168	-14144	74.79	53.9
11762	63852	21422	39585	3460	9120	-14140	74.79	53.9
11720	63873	21394	39597	3460	9120	-14140	74.79	53.9
11706	63875	21376	39613	3536	9000	-14196	74.79	53.9
11676	63849	21356	39620	3536	9000	-14196	74.79	53.9
11678	63868	21361	39600	3492	9148	-14168	74.79	53.9
11670	63851	21362	39597	3492	9148	-14168	74.79	53.9
11657	63850	21343	39595	3512	9068	-14168	74.79	53.9
11674	63869	21326	39621	3512	9068	-14168	74.79	53.9
11653	63857	21349	39589	3508	9052	-14180	74.79	53.9
11632	63844	21332	39601	3508	9052	-14180	74.79	53.9
11647	63856	21311	39593	3572	9076	-14332	74.79	53.9
11655	63849	21303	39606	3572	9076	-14332	74.79	53.9
11637	63838	21317	39616	3420	8968	-14224	74.79	53.9
11630	63844	21339	39595	3420	8968	-14224	74.79	53.9
11631	63832	21313	39610	3388	9040	-14280	74.79	53.9
11642	63853	21295	39604	3388	9040	-14280	74.79	53.9
11610	63860	21312	39606	3548	9192	-14152	74.79	53.9
11625	63863	21288	39606	3548	9192	-14152	74.79	53.9
11602	63857	21270	39615	3476	9072	-14200	74.79	53.9
11614	63858	21288	39609	3476	9072	-14200	74.79	53.9
11605	63860	21291	39612	3524	8992	-14112	74.79	53.9
11646	63883	21306	39620	3524	8992	-14112	74.79	53.9
11678	63891	21308	39624	3356	9136	-14340	74.79	53.9
11678	63904	21308	39631	3356	9136	-14340	74.79	53.9
11704	63902	21309	39613	3540	9052	-14152	74.79	53.9
11713	63907	21331	39631	3540	9052	-14152	74.79	53.9
11712	63933	21338	39629	3452	9104	-14256	74.79	53.9
11739	63941	21359	39646	3452	9104	-14256	74.79	53.9
11749	63961	21346	39648	3496	9028	-14104	74.79	53.9
11739	63967	21371	39661	3496	9028	-14104	74.79	53.9
11757	63986	21381	39663	3492	9052	-14196	74.79	53.9
11763	63985	21378	39674	3492	9052	-14196	74.79	53.9
11836	64003	21410	39679	3504	9036	-14336	74.79	53.9
11806	64005	21405	39684	3504	9036	-14336	74.79	53.9
11815	64041	21403	39709	3452	9124	-14296	74.79	53.9
11823	64041	21411	39694	3452	9124	-14296	74.79	53.9
11855	64055	21418	39706	3420	9136	-14260	74.79	53.9
11848	64066	21456	39705	3420	9136	-14260	74.79	53.9
11875	64053	21464	39708	3472	9104	-14284	74.79	53.9
11841	64061	21486	39708	3472	9104	-14284	74.59	50.0
11858	64048	21498	39695	3512	9104	-14248	74.59	50.0
11830	64028	21489	39715	3512	9104	-14248	74.59	50.0
11794	64033	21462	39697	3356	9132	-14260	74.59	50.0
11784	64024	21437	39693	3356	9132	-14260	74.59	50.0
11750	64029	21432	39697	3552	9048	-14212	74.59	50.0
11761	64018	21414	39682	3552	9048	-14212	74.59	50.0
11718	64028	21411	39701	3584	9012	-14192	74.59	50.0
11754	64028	21398	39688	3584	9012	-14192	74.59	50.0
11726	64026	21367	39699	3540	8984	-14272	74.59	50.0
11718	64045	21372	39705	3540	8984	-14272	74.59	50.0
11729	64049	21371	39711	3516	9100	-14124	74.59	50.0
11719	64028	21366	39721	3516	9100	-14124	74.59	50.0
11723	64039	21376	39708	3488	9092	-14232	74.59	50.0
11733	64060	21359	39716	3488	9092	-14232	74.59	50.0
11740	64060	21342	39739	3408	9068	-14132	74.59	50.0
11707	64063	21340	39722	3408	9068	-14132	74.59	50.0
11689	64087	21324	39728	3540	9104	-14204	74.59	50.0
11707	64060	21328	39743	3540	9104	-14204	74.59	50.0
11700	64082	21338	39736	3460	9028	-14028	74.59	50.0
11722	64091	21319	39729	3460	9028	-14028	74.59	50.0
11740	64092	21344	39746	3540	9036	-14168	74.59	50.0
11757	64099	21323	39730	3540	9036	-14168	74.59	50.0
11762	64122	21319	39763	3408	9084	-14284	74.59	50.0
11763	64151	21330	39762	3408	9084	-14284	74.59	50.0
11767	64142	21345	39764	3508	9140	-14224	74.59	50.0
11784	64145	21337	39786	3508	9140	-14224	74.59	50.0
11778	64177	21317	39775	3540	9092	-14084	74.59	50.0
11803	64186	21355	39791	3540	9092	-14084	74.59	50.0
11813	64191	21336	39787	3540	9072	-14252	74.59	50.0
11800	64198	21344	39806	3540	9072	-14252	74.59	50.0
11816	64222	21339	39801	3496	9180	-14256	74.59	50.0
11828	64234	21337	39816	3496	9180	-14256	74.59	50.0
11832	64257	21331	39793	3468	9128	-14184	74.59	50.0
11832	64263	21367	39819	3468	9128	-14184	74.59	50.0
11862	64264	21387	39835	3404	9104	-14300	74.59	50.0
11855	64266	21402	39827	3404	9104	-14300	74.59	50.0
11847	64262	21419	39824	3500	9008	-14240	74.59	50.0
11829	64268	21379	39809	3500	9008	-14240	74.59	50.0
11797	64243	21384	39804	3496	9060	-14140	74.59	50.0
11791	64231	21356	39819	3496	9060	-14140	74.59	50.0
11764	64235	21337	39804	3608	9040	-14296	74.59	50.0
11709	64224	21325	39805	3608	9040	-14296	74.59	50.0
11704	64235	21335	39790	3464	9064	-14160	74.59	50.0
11688	64236	21311	39822	3464	9064	-14160	74.59	50.0
11694	64249	21323	39844	3540	9060	-14296	74.59	50.0
11660	64255	21293	39809	3540	9060	-14296	74.59	50.0
11677	64255	21317	39799	3516	9096	-14364	74.59	50.0
11692	64223	21292	39829	3516	9096	-14364	74.59	50.0
11688	64223	21319	39802	3332	9036	-14216	74.59	50.0
11681	64240	21293	39814	3332	9036	-14216	75.42	47.4
11669	64231	21308	39809	3496	9076	-14148	75.42	47.4
11678	64245	21309	39821	3496	9076	-14148	75.42	47.4
11695	64226	21309	39798	3496	9096	-14212	75.42	47.4
11683	64250	21312	39818	3496	9096	-14212	75.42	47.4
11696	64262	21324	39814	3428	9048	-14248	75.42	47.4
11703	64292	21362	39821	3428	9048	-14248	75.42	47.4
11729	64270	21337	39828	3508	9072	-14168	75.42	47.4
11756	64289	21352	39837	3508	9072	-14168	75.42	47.4
11726	64280	21342	39824	3396	9084	-14120	75.42	47.4
11739	64288	21359	39834	3396	9084	-14120	75.42	47.4
11761	64278	21351	39834	3448	9072	-14328	75.42	47.4
11756	64289	21370	39858	3448	9072	-14328	75.42	47.4
11769	64314	21388	39825	3500	9148	-14224	75.42	47.4
11778	64316	21380	39844	3500	9148	-14224	75.42	47.4
11786	64330	21378	39857	3516	9148	-14348	75.42	47.4
11792	64327	21388	39871	3516	9148	-14348	75.42	47.4
11783	64334	21377	39860	3536	9016	-14168	75.42	47.4
11783	64352	21386	39855	3536	9016	-14168	75.42	47.4
11801	64348	21428	39848	3436	9096	-14236	75.42	47.4
11822	64339	21465	39853	3436	9096	-14236	75.42	47.4
11808	64341	21480	39859	3404	9056	-14260	75.42	47.4
11786	64308	21462	39862	3404	9056	-14260	75.42	47.4
11750	64296	21476	39827	3436	9044	-14188	75.42	47.4
11753	64304	21429	39839	3436	9044	-14188	75.42	47.4
11722	64290	21415	39854	3484	9120	-14148	75.42	47.4
11711	64310	21397	39842	3484	9120	-14148	75.42	47.4
11708	64298	21381	39859	3560	9092	-14180	75.42	47.4
11727	64310	21387	39840	3560	9092	-14180	75.42	47.4
11724	64343	21391	39840	3468	8972	-14012	75.42	47.4
11741	64320	21432	39833	3468	8972	-14012	75.42	47.4
11745	64314	21441	39863	3520	9040	-14056	75.42	47.4
11756	64318	21459	39839	3520	9040	-14056	75.42	47.4
11746	64326	21459	39849	3592	9180	-14264	75.42	47.4
11759	64302	21431	39859	3592	9180	-14264	75.42	47.4
11692	64313	21386	39848	3468	9076	-14184	75.42	47.4
11701	64307	21368	39844	3468	9076	-14184	75.42	47.4
11685	64312	21343	39843	3404	9144	-14228	75.42	47.4
11647	64284	21332	39850	3404	9144	-14228	75.42	47.4
11669	64317	21342	39848	3316	9112	-14236	75.42	47.4
11676	64323	21333	39840	3316	9112	-14236	75.42	47.4
11683	64323	21343	39849	3588	9088	-14180	75.42	47.4
11689	64342	21320	39832	3588	9088	-14180	75.42	47.4
11689	64332	21297	39853	3484	9012	-14340	75.42	47.4
11712	64344	21350	39849	3484	9012	-14340	75.42	47.4
11701	64357	21369	39836	3480	9080	-14280	75.42	47.4
11749	64347	21379	39848	3480	9080	-14280	75.42	47.4
11776	64374	21399	39873	3508	9072	-14204	75.42	47.4
11784	64372	21411	39863	3508	9072	-14204	75.42	47.4
11781	64361	21406	39876	3492	9104	-14144	75.42	47.4
11811	64381	21447	39871	3492	9104	-14144	77.81	44.2
11798	64417	21437	39871	3532	9108	-14324	77.81	44.2
11840	64417	21425	39876	3532	9108	-14324	77.81	44.2
11877	64416	21443	39884	3580	9080	-14256	77.81	44.2
11868	64441	21454	39878	3580	9080	-14256	77.81	44.2
11860	64417	21492	39885	3504	9088	-14248	77.81	44.2
11892	64419	21489	39891	3504	9088	-14248	77.81	44.2
11883	64427	21493	39886	3504	9112	-14176	77.81	44.2
11853	64394	21492	39868	3504	9112	-14176	77.81	44.2
11839	64402	21466	39865	3664	9132	-14144	77.81	44.2
11796	64385	21463	39865	3664	9132	-14144	77.81	44.2
11762	64357	21429	39855	3556	9088	-14200	77.81	44.2
11757	64371	21414	39841	3556	9088	-14200	77.81	44.2
11756	64345	21418	39844	3424	9120	-14176	77.81	44.2
11746	64363	21412	39833	3424	9120	-14176	77.81	44.2
11733	64366	21406	39862	3400	9208	-14168	77.81	44.2
11748	64346	21406	39850	3400	9208	-14168	77.81	44.2
11724	64328	21401	39866	3636	9100	-14072	77.81	44.2
11761	64324	21381	39853	3636	9100	-14072	77.81	44.2
11759	64338	21409	39860	3412	9028	-14248	77.81	44.2
11759	64357	21386	39850	3412	9028	-14248	77.81	44.2
11745	64322	21375	39848	3496	9072	-14164	77.81	44.2
11748	64331	21371	39850	3496	9072	-14164	77.81	44.2
11728	64339	21388	39853	3404	9076	-14176	77.81	44.2
11754	64327	21365	39851	3404	9076	-14176	77.81	44.2
11741	64364	21365	39853	3464	9148	-14136	77.81	44.2
11745	64353	21344	39837	3464	9148	-14136	77.81	44.2
11740	64350	21341	39865	3544	9068	-14276	77.81	44.2
11757	64369	21347	39867	3544	9068	-14276	77.81	44.2
11768	64358	21361	39853	3568	9060	-14224	77.81	44.2
11787	64377	21352	39859	3568	9060	-14224	77.81	44.2
11819	64375	21355	39863	3536	9032	-14316	77.81	44.2
11807	64374	21365	39858	3536	9032	-14316	77.81	44.2
11824	64396	21356	39865	3528	9076	-14144	77.81	44.2
11839	64410	21362	39846	3528	9076	-14144	77.81	44.2
11844	64415	21367	39887	3616	9088	-14336	77.81	44.2
11856	64421	21371	39874	3616	9088	-14336	77.81	44.2
11879	64422	21385	39877	3368	9088	-14232	77.81	44.2
11870	64433	21380	39886	3368	9088	-14232	77.81	44.2
11908	64461	21375	39876	3436	9152	-14188	77.81	44.2
11911	64459	21383	39896	3436	9152	-14188	77.81	44.2
11944	64466	21373	39897	3548	9084	-14112	77.81	44.2
11939	64488	21399	39916	3548	9084	-14112	77.81	44.2
11940	64489	21406	39902	3500	9088	-14284	77.81	44.2
11953	64467	21442	39895	3500	9088	-14284	77.81	44.2
11985	64475	21449	39907	3480	9048	-14112	77.81	44.2
11945	64442	21443	39878	3480	9048	-14112	77.81	44.2
11926	64453	21407	39891	3544	9132	-14304	77.81	44.2
11897	64443	21413	39879	3544	9132	-14304	77.81	44.2
11879	64394	21369	39869	3572	9044	-14256	77.81	44.2
11824	64419	21343	39883	3572	9044	-14256	77.59	52.0
11808	64419	21336	39875	3508	9112	-14268	77.59	52.0
11849	64409	21311	39879	3508	9112	-14268	77.59	52.0
11832	64427	21331	39874	3460	9044	-14308	77.59	52.0
11811	64409	21280	39882	3460	9044	-14308	77.59	52.0
11792	64425	21265	39888	3484	9048	-14224	77.59	52.0
11836	64419	21282	39876	3484	9048	-14224	77.59	52.0
11827	64416	21265	39866	3456	9100	-14088	77.59	52.0
11876	64404	21273	39869	3456	9100	-14088	77.59	52.0
11828	64392	21264	39879	3488	9072	-14240	77.59	52.0
11821	64395	21266	39888	3488	9072	-14240	77.59	52.0
11813	64402	21255	39876	3536	9112	-14240	77.59	52.0
11784	64409	21246	39873	3536	9112	-14240	77.59	52.0
11801	64407	21240	39883	3468	9088	-14264	77.59	52.0
11795	64419	21242	39870	3468	9088	-14264	77.59	52.0
11842	64412	21244	39866	3512	9060	-14208	77.59	52.0
11820	64416	21271	39861	3512	9060	-14208	77.59	52.0
11836	64423	21270	39862	3480	9080	-14204	77.59	52.0
11830	64422	21259	39845	3480	9080	-14204	77.59	52.0
11831	64436	21222	39854	3452	9104	-14208	77.59	52.0
11836	64430	21233	39851	3452	9104	-14208	77.59	52.0
11843	64418	21244	39876	3464	9036	-14348	77.59	52.0
11868	64426	21236	39880	3464	9036	-14348	77.59	52.0
11857	64432	21240	39851	3492	9036	-14172	77.59	52.0
11871	64434	21261	39874	3492	9036	-14172	77.59	52.0
11860	64433	21235	39871	3492	9052	-14028	77.59	52.0
11849	64441	21227	39873	3492	9052	-14028	77.59	52.0
11868	64433	21229	39868	3544	9020	-14072	77.59	52.0
11835	64427	21239	39856	3544	9020	-14072	77.59	52.0
11854	64434	21223	39873	3464	9204	-14280	77.59	52.0
11873	64454	21220	39873	3464	9204	-14280	77.59	52.0
11861	64461	21211	39861	3452	9100	-14240	77.59	52.0
11872	64457	21229	39870	3452	9100	-14240	77.59	52.0
11865	64448	21234	39873	3428	9072	-14132	77.59	52.0
11824	64416	21232	39864	3428	9072	-14132	77.59	52.0
11808	64398	21187	39863	3596	8976	-14072	77.59	52.0
11762	64377	21180	39846	3596	8976	-14072	77.59	52.0
11726	64355	21177	39826	3416	9080	-14364	77.59	52.0
11728	64327	21126	39827	3416	9080	-14364	77.59	52.0
11646	64328	21114	39829	3480	9036	-14240	77.59	52.0
11629	64319	21076	39828	3480	9036	-14240	77.59	52.0
11635	64328	21074	39794	3428	9128	-14232	77.59	52.0
11643	64311	21091	39809	3428	9128	-14232	77.59	52.0
11641	64309	21070	39791	3408	9016	-14292	77.59	52.0
11645	64312	21095	39817	3408	9016	-14292	77.59	52.0
11631	64302	21076	39803	3552	8972	-14164	77.59	52.0
11667	64308	21090	39791	3552	8972	-14164	77.59	52.0
11635	64304	21087	39795	3492	9056	-14208	77.59	52.0
11671	64296	21102	39788	3492	9056	-14208	77.59	52.0
11640	64294	21093	39775	3544	8992	-14196	77.59	52.0
11620	64281	21106	39793	3544	8992	-14196	77.36	48.0
11637	64286	21107	39769	3420	9160	-14332	77.36	48.0
11656	64290	21099	39776	3420	9160	-14332	77.36	48.0
11667	64280	21098	39768	3456	9064	-14152	77.36	48.0
11713	64300	21101	39776	3456	9064	-14152	77.36	48.0
11699	64290	21110	39772	3444	9068	-14260	77.36	48.0
11722	64273	21113	39782	3444	9068	-14260	77.36	48.0
11726	64297	21135	39776	3340	9160	-14192	77.36	48.0
11727	64299	21137	39789	3340	9160	-14192	77.36	48.0
11780	64309	21122	39760	3392	9084	-14336	77.36	48.0
11761	64313	21157	39779	3392	9084	-14336	77.36	48.0
11828	64314	21143	39776	3496	9112	-14256	77.36	48.0
11792	64318	21168	39793	3496	9112	-14256	77.36	48.0
11806	64333	21173	39783	3520	9112	-14208	77.36	48.0
11805	64326	21167	39781	3520	9112	-14208	77.36	48.0
11827	64337	21167	39780	3484	9032	-14136	77.36	48.0
11840	64330	21181	39788	3484	9032	-14136	77.36	48.0
11859	64331	21198	39802	3508	9120	-14216	77.36	48.0
11878	64348	21204	39789	3508	9120	-14216	77.36	48.0
11844	64370	21191	39804	3516	9152	-14264	77.36	48.0
11854	64354	21194	39794	3516	9152	-14264	77.36	48.0
11913	64351	21229	39793	3452	9108	-14112	77.36	48.0
11878	64316	21233	39794	3452	9108	-14112	77.36	48.0
11873	64310	21234	39772	3472	9096	-14324	77.36	48.0
11830	64284	21202	39740	3472	9096	-14324	77.36	48.0
11796	64270	21206	39743	3576	9120	-14344	77.36	48.0
11761	64240	21186	39735	3576	9120	-14344	77.36	48.0
11745	64238	21157	39729	3572	9136	-14196	77.36	48.0
11706	64223	21157	39741	3572	9136	-14196	77.36	48.0
11709	64229	21137	39718	3552	9128	-14264	77.36	48.0
11727	64218	21148	39706	3552	9128	-14264	77.36	48.0
11697	64215	21108	39715	3528	9020	-14312	77.36	48.0
11732	64200	21100	39703	3528	9020	-14312	77.36	48.0
11726	64205	21120	39711	3596	9104	-14352	77.36	48.0
11733	64202	21135	39716	3596	9104	-14352	77.36	48.0
11740	64209	21125	39702	3408	9064	-14124	77.36	48.0
11730	64202	21133	39706	3408	9064	-14124	77.36	48.0
11753	64185	21147	39689	3556	9096	-14152	77.36	48.0
11701	64182	21118	39693	3556	9096	-14152	77.36	48.0
11725	64163	21110	39690	3464	9100	-14272	77.36	48.0
11725	64174	21122	39685	3464	9100	-14272	77.36	48.0
11742	64167	21113	39688	3456	9140	-14268	77.36	48.0
11744	64175	21154	39674	3456	9140	-14268	77.36	48.0
11786	64157	21149	39664	3488	9012	-14312	77.36	48.0
11773	64190	21160	39700	3488	9012	-14312	77.36	48.0
11765	64194	21174	39698	3452	9052	-14356	77.36	48.0
11805	64176	21168	39687	3452	9052	-14356	77.36	48.0
11836	64200	21158	39684	3540	9000	-14316	77.36	48.0
11817	64192	21156	39702	3540	9000	-14316	77.36	48.0
11861	64195	21196	39694	3500	9120	-14352	77.36	48.0
11864	64206	21190	39691	3500	9120	-14352	78.49	46.9
11874	64219	21219	39706	3488	9064	-14176	78.49	46.9
11914	64219	21230	39712	3488	9064	-14176	78.49	46.9
11903	64239	21249	39696	3516	9036	-14320	78.49	46.9
11923	64238	21217	39690	3516	9036	-14320	78.49	46.9
11952	64230	21250	39701	3460	9092	-14308	78.49	46.9
11972	64255	21263	39700	3460	9092	-14308	78.49	46.9
11971	64261	21258	39687	3480	9112	-14172	78.49	46.9
11987	64260	21241	39707	3480	9112	-14172	78.49	46.9
12017	64263	21291	39696	3460	9016	-14028	78.49	46.9
12042	64233	21302	39680	3460	9016	-14028	78.49	46.9
12001	64240	21329	39672	3480	9136	-14264	78.49	46.9
11981	64214	21295	39679	3480	9136	-14264	78.49	46.9
11950	64197	21269	39667	3548	9096	-14356	78.49	46.9
11893	64176	21242	39659	3548	9096	-14356	78.49	46.9
11883	64150	21195	39645	3444	9104	-14348	78.49	46.9
11885	64156	21174	39649	3444	9104	-14348	78.49	46.9
11854	64158	21206	39647	3448	9084	-14084	78.49	46.9
11855	64156	21165	39633	3448	9084	-14084	78.49	46.9
11872	64141	21153	39639	3452	9028	-14288	78.49	46.9
11858	64138	21159	39650	3452	9028	-14288	78.49	46.9
11855	64137	21153	39642	3348	9204	-14188	78.49	46.9
11833	64118	21191	39619	3348	9204	-14188	78.49	46.9
11879	64132	21183	39633	3472	9060	-14260	78.49	46.9
11856	64127	21152	39621	3472	9060	-14260	78.49	46.9
11875	64122	21158	39598	3424	9060	-14268	78.49	46.9
11850	64111	21151	39625	3424	9060	-14268	78.49	46.9
11819	64125	21148	39612	3368	9060	-14060	78.49	46.9
11842	64117	21132	39615	3368	9060	-14060	78.49	46.9
11869	64109	21149	39640	3464	9100	-14184	78.49	46.9
11863	64127	21156	39623	3464	9100	-14184	78.49	46.9
11898	64135	21145	39626	3448	9072	-14224	78.49	46.9
11920	64136	21140	39625	3448	9072	-14224	78.49	46.9
11905	64137	21134	39624	3500	9096	-14304	78.49	46.9
11907	64128	21150	39638	3500	9096	-14304	78.49	46.9
11918	64155	21137	39632	3448	8988	-14244	78.49	46.9
11912	64167	21148	39614	3448	8988	-14244	78.49	46.9
11930	64157	21153	39632	3504	8988	-14264	78.49	46.9
11944	64154	21136	39632	3504	8988	-14264	78.49	46.9
11936	64171	21157	39634	3480	9072	-14128	78.49	46.9
11934	64169	21141	39637	3480	9072	-14128	78.49	46.9
11950	64173	21137	39637	3464	9208	-14120	78.49	46.9
11938	64158	21140	39632	3464	9208	-14120	78.49	46.9
11939	64169	21125	39640	3480	9100	-14284	78.49	46.9
11935	64169	21151	39646	3480	9100	-14284	78.49	46.9
11952	64188	21174	39625	3496	8992	-14304	78.49	46.9
11967	64189	21157	39642	3496	8992	-14304	78.49	46.9
11945	64178	21170	39655	3432	9040	-14176	78.49	46.9
11949	64156	21200	39627	3432	9040	-14176	78.49	46.9
11960	64141	21192	39629	3588	9048	-14220	78.49	46.9
11915	64114	21174	39609	3588	9048	-14220	79.18	46.9
11851	64097	21157	39617	3552	9056	-14224	79.18	46.9
11845	64078	21120	39594	3552	9056	-14224	79.18	46.9
11791	64077	21096	39579	3428	9120	-14256	79.18	46.9
11763	64051	21056	39581	3428	9120	-14256	79.18	46.9
11734	64042	21041	39563	3524	9112	-14260	79.18	46.9
11734	64057	21050	39577	3524	9112	-14260	79.18	46.9
11726	64055	21049	39586	3448	9140	-14280	79.18	46.9
11734	64049	21039	39580	3448	9140	-14280	79.18	46.9
11721	64034	21021	39549	3424	9136	-14216	79.18	46.9
11720	64009	21040	39559	3424	9136	-14216	79.18	46.9
11706	64016	21043	39557	3592	9112	-14248	79.18	46.9
11744	64017	21039	39549	3592	9112	-14248	79.18	46.9
11724	64006	21053	39543	3516	9120	-14192	79.18	46.9
11737	63997	21060	39545	3516	9120	-14192	79.18	46.9
11735	63995	21070	39549	3428	8920	-14260	79.18	46.9
11738	63980	21048	39545	3428	8920	-14260	79.18	46.9
11739	63986	21050	39530	3432	9092	-14216	79.18	46.9
11755	63962	21061	39540	3432	9092	-14216	79.18	46.9
11774	63989	21058	39550	3516	9104	-14240	79.18	46.9
11777	63998	21089	39546	3516	9104	-14240	79.18	46.9
11778	64005	21077	39548	3508	9144	-14196	79.18	46.9
11839	64008	21076	39539	3508	9144	-14196	79.18	46.9
11833	64002	21095	39557	3444	9140	-14308	79.18	46.9
11846	63998	21100	39534	3444	9140	-14308	79.18	46.9
11870	64026	21105	39563	3480	9068	-14176	79.18	46.9
11838	64022	21109	39538	3480	9068	-14176	79.18	46.9
11859	64024	21130	39550	3572	9084	-14276	79.18	46.9
11902	64025	21135	39542	3572	9084	-14276	79.18	46.9
11888	64013	21103	39536	3388	9024	-14136	79.18	46.9
11914	64028	21117	39550	3388	9024	-14136	79.18	46.9
11923	64031	21126	39548	3500	9184	-14308	79.18	46.9
11922	64031	21126	39534	3500	9184	-14308	79.18	46.9
11951	64040	21151	39558	3512	9080	-14176	79.18	46.9
11967	64038	21176	39555	3512	9080	-14176	79.18	46.9
11998	64013	21185	39534	3480	9008	-14156	79.18	46.9
11936	64014	21194	39547	3480	9008	-14156	79.18	46.9
11950	64007	21181	39539	3404	8984	-14348	79.18	46.9
11911	63966	21176	39533	3404	8984	-14348	79.18	46.9
11911	63941	21148	39520	3448	9116	-14264	79.18	46.9
11860	63941	21116	39504	3448	9116	-14264	79.18	46.9
11853	63921	21071	39489	3628	9088	-14256	79.18	46.9
11838	63907	21055	39495	3628	9088	-14256	79.18	46.9
11788	63926	21037	39487	3448	8992	-14184	79.18	46.9
11814	63906	21026	39476	3448	8992	-14184	79.18	46.9
11802	63898	21028	39477	3468	9112	-14252	79.18	46.9
11815	63901	21018	39478	3468	9112	-14252	79.18	46.9
11813	63887	21020	39480	3420	9116	-14264	79.18	46.9
11816	63890	21017	39467	3420	9116	-14264	79.18	46.9
11855	63882	21044	39473	3536	8964	-14188	79.18	46.9
11830	63873	21034	39460	3536	8964	-14188	80.12	46.9
11845	63865	21028	39459	3516	9004	-14196	80.12	46.9
11844	63876	21050	39464	3516	9004	-14196	80.12	46.9
11829	63847	21041	39478	3400	9204	-14200	80.12	46.9
11857	63846	21046	39453	3400	9204	-14200	80.12	46.9
11840	63858	21010	39443	3456	9000	-14208	80.12	46.9
11894	63849	21034	39451	3456	9000	-14208	80.12	46.9
11892	63855	21045	39438	3408	9120	-14132	80.12	46.9
11893	63853	21053	39461	3408	9120	-14132	80.12	46.9
11934	63849	21053	39436	3524	9028	-14256	80.12	46.9
11956	63863	21057	39474	3524	9028	-14256	80.12	46.9
11947	63866	21077	39435	3468	9060	-14248	80.12	46.9
11960	63866	21071	39464	3468	9060	-14248	80.12	46.9
11993	63870	21053	39457	3492	9112	-14216	80.12	46.9
11980	63878	21042	39476	3492	9112	-14216	80.12	46.9
12001	63877	21058	39469	3440	9128	-14296	80.12	46.9
12034	63912	21062	39467	3440	9128	-14296	80.12	46.9
12045	63893	21078	39458	3456	9064	-14332	80.12	46.9
12085	63920	21074	39480	3456	9064	-14332	80.12	46.9
12090	63927	21098	39481	3448	9104	-14276	80.12	46.9
12102	63924	21112	39465	3448	9104	-14276	80.12	46.9
12134	63939	21091	39484	3560	9088	-14280	80.12	46.9
12142	63931	21111	39458	3560	9088	-14280	80.12	46.9
12145	63935	21153	39493	3524	9084	-14156	80.12	46.9
12152	63912	21167	39487	3524	9084	-14156	80.12	46.9
12132	63910	21135	39467	3460	9132	-14216	80.12	46.9
12113	63892	21119	39455	3460	9132	-14216	80.12	46.9
12084	63859	21098	39460	3516	9060	-14192	80.12	46.9
12065	63862	21053	39451	3516	9060	-14192	80.12	46.9
12037	63848	21048	39446	3620	9152	-14244	80.12	46.9
12004	63845	21006	39445	3620	9152	-14244	80.12	46.9
12015	63822	20976	39431	3456	9044	-14344	80.12	46.9
11987	63841	20985	39439	3456	9044	-14344	80.12	46.9
11973	63826	20966	39432	3468	9088	-14272	80.12	46.9
11979	63834	20957	39434	3468	9088	-14272	80.12	46.9
11964	63817	20974	39430	3556	9156	-14228	80.12	46.9
12017	63816	20973	39431	3556	9156	-14228	80.12	46.9
11967	63810	20958	39445	3488	9156	-14148	80.12	46.9
11983	63814	20955	39433	3488	9156	-14148	80.12	46.9
11985	63828	20932	39428	3404	9124	-14288	80.12	46.9
11958	63805	20936	39418	3404	9124	-14288	80.12	46.9
11993	63819	20951	39427	3484	9108	-14216	80.12	46.9
11983	63815	20935	39426	3484	9108	-14216	80.12	46.9
11991	63813	20947	39424	3460	9140	-14356	80.12	46.9
12002	63820	20934	39435	3460	9140	-14356	80.12	46.9
12040	63836	20955	39435	3556	9144	-14280	80.12	46.9
12010	63840	20935	39436	3556	9144	-14280	80.12	46.9
12033	63859	20945	39435	3480	9084	-14280	80.12	46.9
12055	63855	20949	39433	3480	9084	-14280	80.12	46.9
12070	63866	20932	39455	3484	9136	-14224	80.12	46.9
12064	63864	20957	39457	3484	9136	-14224	80.00	43.2
12085	63881	20979	39442	3376	9092	-14224	80.00	43.2
12098	63880	20954	39453	3376	9092	-14224	80.00	43.2
12089	63887	20961	39472	3628	9012	-14220	80.00	43.2
12114	63881	20941	39459	3628	9012	-14220	80.00	43.2
12089	63886	20934	39462	3484	9080	-14360	80.00	43.2
12121	63895	20965	39457	3484	9080	-14360	80.00	43.2
12113	63900	20942	39469	3512	9036	-14276	80.00	43.2
12142	63911	20939	39465	3512	9036	-14276	80.00	43.2
12150	63928	20931	39485	3444	9048	-14208	80.00	43.2
12148	63919	20964	39480	3444	9048	-14208	80.00	43.2
12164	63916	20968	39478	3436	9136	-14348	80.00	43.2
12185	63909	20998	39473	3436	9136	-14348	80.00	43.2
12155	63908	20983	39476	3488	9092	-14272	80.00	43.2
12085	63874	20948	39463	3488	9092	-14272	80.00	43.2
12080	63839	20926	39451	3540	8992	-14236	80.00	43.2
12024	63838	20907	39442	3540	8992	-14236	80.00	43.2
11965	63834	20874	39417	3456	9008	-14156	80.00	43.2
11953	63815	20828	39437	3456	9008	-14156	80.00	43.2
11931	63807	20826	39423	3428	9044	-14280	80.00	43.2
11961	63805	20826	39430	3428	9044	-14280	80.00	43.2
11930	63818	20792	39408	3496	9092	-14272	80.00	43.2
11900	63792	20783	39445	3496	9092	-14272	80.00	43.2
11901	63807	20791	39414	3524	8972	-14184	80.00	43.2
11931	63805	20799	39418	3524	8972	-14184	80.00	43.2
11886	63800	20793	39419	3520	9044	-14280	80.00	43.2
11906	63796	20775	39413	3520	9044	-14280	80.00	43.2
11887	63775	20773	39409	3408	9088	-14184	80.00	43.2
11855	63776	20752	39411	3408	9088	-14184	80.00	43.2
11874	63763	20768	39401	3436	9084	-14356	80.00	43.2
11889	63771	20772	39403	3436	9084	-14356	80.00	43.2
11878	63772	20740	39401	3504	9004	-14256	80.00	43.2
11868	63786	20770	39394	3504	9004	-14256	80.00	43.2
11883	63801	20792	39405	3452	9060	-14264	80.00	43.2
11924	63775	20790	39408	3452	9060	-14264	80.00	43.2
11940	63794	20787	39400	3452	9040	-14232	80.00	43.2
11936	63792	20774	39409	3452	9040	-14232	80.00	43.2
11954	63781	20790	39408	3480	9076	-14120	80.00	43.2
11989	63805	20778	39406	3480	9076	-14120	80.00	43.2
11971	63786	20788	39414	3512	9100	-14304	80.00	43.2
11978	63818	20791	39415	3512	9100	-14304	80.00	43.2
11985	63807	20816	39390	3512	9072	-14116	80.00	43.2
12007	63816	20804	39420	3512	9072	-14116	80.00	43.2
12024	63830	20793	39439	3448	9072	-14100	80.00	43.2
12025	63829	20822	39419	3448	9072	-14100	80.00	43.2
12032	63810	20831	39437	3516	9144	-14304	80.00	43.2
12044	63819	20817	39444	3516	9144	-14304	80.00	43.2
12072	63838	20837	39432	3560	9016	-14300	80.00	43.2
12101	63832	20872	39462	3560	9016	-14300	80.00	43.2
12111	63846	20920	39422	3564	9044	-14308	80.00	43.2
12084	63809	20918	39415	3564	9044	-14308	78.72	22.4
12054	63818	20887	39412	3412	9036	-14236	78.72	22.4
12024	63781	20848	39417	3412	9036	-14236	78.72	22.4
11995	63772	20832	39414	3516	9156	-14212	78.72	22.4
11978	63768	20824	39390	3516	9156	-14212	78.72	22.4
11944	63763	20789	39408	3496	9068	-14104	78.72	22.4
11937	63747	20778	39387	3496	9068	-14104	78.72	22.4
11944	63730	20779	39401	3440	9120	-14140	78.72	22.4
11922	63727	20772	39378	3440	9120	-14140	78.72	22.4
11911	63735	20752	39385	3560	9028	-14228	78.72	22.4
11886	63760	20734	39367	3560	9028	-14228	78.72	22.4
11919	63724	20740	39392	3488	9036	-14216	78.72	22.4
11905	63727	20762	39379	3488	9036	-14216	78.72	22.4
11893	63738	20730	39391	3496	9152	-14176	78.72	22.4
11900	63736	20718	39383	3496	9152	-14176	78.72	22.4
11907	63718	20709	39379	3472	9200	-14268	78.72	22.4
11899	63712	20709	39382	3472	9200	-14268	78.72	22.4
11916	63712	20732	39367	3384	9112	-14144	78.72	22.4
11880	63725	20680	39370	3384	9112	-14144	78.72	22.4
11952	63747	20705	39373	3488	9052	-14224	78.72	22.4
11942	63741	20703	39383	3488	9052	-14224	78.72	22.4
11944	63742	20699	39386	3464	9056	-14220	78.72	22.4
11965	63731	20720	39404	3464	9056	-14220	78.72	22.4
11970	63751	20741	39395	3516	9096	-14220	78.72	22.4
11984	63761	20721	39390	3516	9096	-14220	78.72	22.4
12007	63771	20732	39389	3428	9096	-14140	78.72	22.4
11972	63774	20711	39398	3428	9096	-14140	78.72	22.4
12023	63796	20698	39410	3472	9144	-14172	78.72	22.4
12003	63801	20696	39425	3472	9144	-14172	78.72	22.4
12024	63831	20696	39416	3592	9136	-14120	78.72	22.4
12036	63834	20708	39414	3592	9136	-14120	78.72	22.4
12058	63818	20689	39419	3504	9132	-14152	78.72	22.4
12086	63825	20716	39429	3504	9132	-14152	78.72	22.4
12105	63849	20748	39422	3508	9112	-14232	78.72	22.4
12114	63859	20753	39433	3508	9112	-14232	78.72	22.4
12103	63876	20731	39445	3540	9096	-14116	78.72	22.4
12137	63891	20754	39458	3540	9096	-14116	78.72	22.4
12150	63887	20779	39440	3532	9108	-14332	78.72	22.4
12177	63881	20801	39447	3532	9108	-14332	78.72	22.4
12149	63893	20804	39458	3532	9192	-14212	78.72	22.4
12121	63864	20800	39453	3532	9192	-14212	78.72	22.4
12110	63852	20753	39459	3520	9040	-14220	78.72	22.4
12063	63844	20707	39438	3520	9040	-14220	78.72	22.4
12016	63835	20649	39450	3448	9084	-14168	78.72	22.4
11966	63820	20631	39436	3448	9084	-14168	78.72	22.4
11959	63809	20638	39444	3432	9100	-14192	78.72	22.4
11963	63810	20616	39424	3432	9100	-14192	78.72	22.4
11919	63812	20594	39429	3472	9076	-14104	78.72	22.4
11928	63825	20581	39427	3472	9076	-14104	78.72	22.4
11894	63806	20568	39407	3508	9120	-14196	78.72	22.4
11899	63800	20578	39420	3508	9120	-14196	78.72	25.5
11921	63797	20584	39428	3524	9108	-14152	78.72	25.5
11865	63809	20542	39409	3524	9108	-14152	78.72	25.5
11834	63773	20539	39428	3548	9060	-14204	78.72	25.5
11836	63780	20547	39403	3548	9060	-14204	78.72	25.5
11846	63784	20536	39398	3408	9108	-14380	78.72	25.5
11861	63798	20496	39427	3408	9108	-14380	78.72	25.5
11846	63769	20523	39409	3504	9148	-14324	78.72	25.5
11832	63777	20538	39430	3504	9148	-14324	78.72	25.5
11834	63781	20514	39410	3372	9012	-14352	78.72	25.5
11859	63792	20525	39418	3372	9012	-14352	78.72	25.5
11848	63788	20515	39418	3576	9052	-14200	78.72	25.5
11886	63783	20513	39411	3576	9052	-14200	78.72	25.5
11918	63798	20535	39410	3544	9112	-14168	78.72	25.5
11918	63809	20515	39429	3544	9112	-14168	78.72	25.5
11867	63830	20519	39444	3496	9084	-14256	78.72	25.5
11911	63807	20510	39413	3496	9084	-14256	78.72	25.5
11916	63823	20533	39445	3484	9036	-14168	78.72	25.5
11937	63845	20535	39422	3484	9036	-14168	78.72	25.5
11944	63845	20555	39435	3448	9092	-14268	78.72	25.5
11979	63870	20558	39453	3448	9092	-14268	78.72	25.5
11984	63865	20589	39451	3420	9068	-14224	78.72	25.5
11992	63868	20597	39465	3420	9068	-14224	78.72	25.5
12014	63871	20587	39459	3528	9052	-14308	78.72	25.5
12018	63905	20593	39467	3528	9052	-14308	78.72	25.5
12011	63890	20633	39459	3504	9044	-14240	78.72	25.5
12051	63893	20644	39463	3504	9044	-14240	78.72	25.5
12004	63862	20642	39454	3528	9048	-14372	78.72	25.5
12006	63842	20584	39455	3528	9048	-14372	78.72	25.5
11975	63864	20590	39435	3476	9068	-14184	78.72	25.5
11909	63832	20549	39424	3476	9068	-14184	78.72	25.5
11892	63819	20508	39448	3592	9124	-14260	78.72	25.5
11832	63800	20496	39441	3592	9124	-14260	78.72	25.5
11810	63824	20497	39415	3480	9184	-14312	78.72	25.5
11828	63794	20459	39417	3480	9184	-14312	78.72	25.5
11808	63796	20482	39419	3464	8972	-14152	78.72	25.5
11827	63802	20459	39421	3464	8972	-14152	78.72	25.5
11806	63808	20472	39411	3392	9124	-14228	78.72	25.5
11852	63800	20479	39402	3392	9124	-14228	78.72	25.5
11867	63791	20481	39403	3576	9076	-14204	78.72	25.5
11871	63795	20492	39423	3576	9076	-14204	78.72	25.5
11871	63813	20489	39425	3464	9184	-14324	78.72	25.5
11833	63783	20488	39418	3464	9184	-14324	78.72	25.5
11859	63789	20485	39414	3504	9008	-14348	78.72	25.5
11897	63792	20488	39415	3504	9008	-14348	78.72	25.5
11872	63783	20465	39428	3532	8972	-14208	78.72	25.5
11878	63791	20477	39402	3532	8972	-14208	78.72	25.5
11890	63792	20488	39424	3520	9112	-14272	78.72	25.5
11911	63811	20497	39427	3520	9112	-14272	78.72	25.5
11952	63814	20499	39418	3536	9104	-14140	78.72	25.5
11966	63815	20514	39440	3536	9104	-14140	78.53	36.5
11964	63815	20513	39425	3472	9084	-14036	78.53	36.5
11973	63822	20561	39452	3472	9084	-14036	78.53	36.5
12017	63836	20577	39420	3400	9096	-14144	78.53	36.5
12034	63850	20558	39432	3400	9096	-14144	78.53	36.5
12086	63865	20588	39434	3532	9028	-14176	78.53	36.5
12096	63857	20608	39446	3532	9028	-14176	78.53	36.5
12107	63884	20636	39426	3472	9176	-14264	78.53	36.5
12139	63871	20624	39453	3472	9176	-14264	78.53	36.5
12153	63893	20634	39463	3484	9100	-14156	78.53	36.5
12190	63892	20642	39466	3484	9100	-14156	78.53	36.5
12199	63898	20649	39445	3424	9072	-14216	78.53	36.5
12209	63930	20669	39468	3424	9072	-14216	78.53	36.5
12259	63931	20678	39490	3544	9072	-14156	78.53	36.5
12241	63945	20699	39474	3544	9072	-14156	78.53	36.5
12254	63932	20705	39487	3484	9080	-14164	78.53	36.5
12264	63915	20702	39490	3484	9080	-14164	78.53	36.5
12216	63890	20706	39454	3520	9048	-14376	78.53	36.5
12225	63893	20675	39442	3520	9048	-14376	78.53	36.5
12183	63869	20657	39448	3532	9168	-14240	78.53	36.5
12156	63870	20651	39440	3532	9168	-14240	78.53	36.5
12127	63853	20629	39438	3520	9040	-14176	78.53	36.5
12124	63831	20611	39439	3520	9040	-14176	78.53	36.5
12094	63824	20595	39442	3472	9180	-14392	78.53	36.5
12084	63835	20603	39453	3472	9180	-14392	78.53	36.5
12059	63840	20562	39446	3532	9108	-14200	78.53	36.5
12061	63845	20560	39430	3532	9108	-14200	78.53	36.5
12036	63820	20531	39439	3460	9108	-14340	78.53	36.5
12035	63806	20538	39438	3460	9108	-14340	78.53	36.5
12006	63838	20558	39449	3588	9088	-14180	78.53	36.5
12039	63807	20559	39426	3588	9088	-14180	78.53	36.5
12054	63849	20541	39434	3488	9024	-14244	78.53	36.5
12046	63827	20525	39423	3488	9024	-14244	78.53	36.5
12056	63828	20527	39428	3568	8988	-14040	78.53	36.5
12048	63859	20538	39431	3568	8988	-14040	78.53	36.5
12068	63835	20528	39440	3488	9196	-14116	78.53	36.5
12074	63848	20547	39441	3488	9196	-14116	78.53	36.5
12090	63866	20570	39451	3624	9044	-14224	78.53	36.5
12127	63882	20584	39448	3624	9044	-14224	78.53	36.5
12164	63861	20608	39448	3516	9044	-14120	78.53	36.5
12183	63865	20642	39472	3516	9044	-14120	78.53	36.5
12209	63897	20664	39443	3496	9176	-14168	78.53	36.5
12246	63905	20688	39455	3496	9176	-14168	78.53	36.5
12282	63915	20689	39468	3496	9204	-14368	78.53	36.5
12283	63896	20700	39453	3496	9204	-14368	78.53	36.5
12297	63914	20708	39468	3440	9164	-14296	78.53	36.5
12332	63926	20736	39471	3440	9164	-14296	78.53	36.5
12328	63915	20747	39479	3564	8956	-14312	78.53	36.5
12314	63952	20705	39506	3564	8956	-14312	78.53	36.5
12336	63962	20715	39484	3388	9144	-14272	78.53	36.5
12314	63952	20712	39496	3388	9144	-14272	78.26	43.0
12303	63960	20706	39485	3416	9052	-14120	78.26	43.0
12343	63989	20704	39505	3416	9052	-14120	78.26	43.0
12372	63994	20706	39511	3520	9120	-14172	78.26	43.0
12359	63993	20709	39518	3520	9120	-14172	78.26	43.0
12391	64014	20706	39517	3516	8980	-14312	78.26	43.0
12384	64019	20717	39526	3516	8980	-14312	78.26	43.0
12384	64003	20751	39536	3492	9092	-14320	78.26	43.0
12395	63994	20758	39513	3492	9092	-14320	78.26	43.0
12414	64011	20754	39523	3424	9140	-14180	78.26	43.0
12407	63969	20746	39509	3424	9140	-14180	78.26	43.0
12382	63967	20734	39504	3480	9092	-14200	78.26	43.0
12347	63960	20727	39508	3480	9092	-14200	78.26	43.0
12311	63947	20717	39479	3500	8916	-14384	78.26	43.0
12298	63945	20698	39497	3500	8916	-14384	78.26	43.0
12302	63942	20677	39487	3448	9096	-14272	78.26	43.0
12276	63944	20651	39495	3448	9096	-14272	78.26	43.0
12262	63943	20622	39522	3504	9096	-14196	78.26	43.0
12245	63929	20596	39487	3504	9096	-14196	78.26	43.0
12273	63940	20606	39490	3544	9072	-14276	78.26	43.0
12234	63936	20587	39488	3544	9072	-14276	78.26	43.0
12208	63942	20586	39508	3528	9168	-14164	78.26	43.0
12228	63941	20532	39488	3528	9168	-14164	78.26	43.0
12196	63913	20530	39491	3524	9084	-14264	78.26	43.0
12195	63907	20541	39492	3524	9084	-14264	78.26	43.0
12207	63936	20530	39502	3484	9056	-14268	78.26	43.0
12214	63951	20527	39484	3484	9056	-14268	78.26	43.0
12221	63931	20555	39504	3464	9032	-14224	78.26	43.0
12257	63940	20569	39508	3464	9032	-14224	78.26	43.0
12263	63948	20585	39505	3444	9104	-14304	78.26	43.0
12289	63954	20592	39509	3444	9104	-14304	78.26	43.0
12298	63962	20592	39514	3400	9104	-14272	78.26	43.0
12298	63975	20604	39525	3400	9104	-14272	78.26	43.0
12300	63971	20601	39514	3392	9196	-14204	78.26	43.0
12322	63974	20602	39514	3392	9196	-14204	78.26	43.0
12347	63962	20594	39516	3456	9040	-14192	78.26	43.0
12332	63987	20595	39531	3456	9040	-14192	78.26	43.0
12358	63981	20553	39523	3484	8988	-14428	78.26	43.0
12349	63998	20580	39532	3484	8988	-14428	78.26	43.0
12351	63990	20586	39548	3408	9040	-14176	78.26	43.0
12404	64016	20639	39543	3408	9040	-14176	78.26	43.0
12475	64013	20797	39542	3488	9032	-14136	78.26	43.0
12628	64060	20978	39558	3488	9032	-14136	78.26	43.0
12828	64109	21263	39560	3460	9028	-14320	78.26	43.0
13097	64167	21561	39599	3460	9028	-14320	78.26	43.0
13328	64219	21837	39595	3508	9208	-14380	78.26	43.0
13588	64260	22051	39627	3508	9208	-14380	78.26	43.0
13809	64306	22352	39638	3508	9024	-14084	78.26	43.0
14068	64340	22643	39643	3508	9024	-14084	78.26	43.0
14331	64385	22911	39633	3524	9080	-14236	78.26	43.0
14524	64425	23152	39667	3524	9080	-14236	77.81	43.0
14708	64444	23275	39675	3552	9104	-14104	77.81	43.0
14789	64460	23349	39659	3552	9104	-14104	77.81	43.0
14850	64472	23387	39686	3516	9068	-14244	77.81	43.0
14870	64492	23363	39680	3516	9068	-14244	77.81	43.0
14847	64487	23354	39685	3544	9132	-14200	77.81	43.0
14856	64485	23331	39687	3544	9132	-14200	77.81	43.0
14860	64493	23278	39698	3496	9116	-14356	77.81	43.0
14846	64495	23235	39686	3496	9116	-14356	77.81	43.0
14796	64460	23193	39686	3488	9092	-14276	77.81	43.0
14775	64472	23139	39695	3488	9092	-14276	77.81	43.0
14723	64454	23081	39699	3416	9148	-14220	77.81	43.0
14701	64453	23041	39701	3416	9148	-14220	77.81	43.0
14687	64419	22977	39682	3464	9056	-14272	77.81	43.0
14635	64428	22910	39680	3464	9056	-14272	77.81	43.0
14617	64435	22870	39705	3516	9040	-14172	77.81	43.0
14568	64410	22809	39710	3516	9040	-14172	77.81	43.0
14525	64411	22765	39708	3496	9116	-14340	77.81	43.0
14490	64414	22719	39698	3496	9116	-14340	77.81	43.0
14490	64394	22636	39686	3424	9088	-14240	77.81	43.0
14393	64409	22603	39699	3424	9088	-14240	77.81	43.0
14380	64377	22537	39708	3524	9128	-14208	77.81	43.0
14309	64367	22467	39684	3524	9128	-14208	77.81	43.0
14305	64375	22447	39699	3520	9124	-14148	77.81	43.0
14254	64360	22396	39690	3520	9124	-14148	77.81	43.0
14213	64363	22336	39704	3576	9068	-14208	77.81	43.0
14221	64364	22339	39710	3576	9068	-14208	77.81	43.0
14219	64357	22368	39702	3460	9136	-14148	77.81	43.0
14266	64375	22353	39705	3460	9136	-14148	77.81	43.0
14267	64390	22396	39716	3508	9220	-14404	77.81	43.0
14275	64400	22396	39728	3508	9220	-14404	77.81	43.0
14307	64394	22426	39719	3500	9132	-14116	77.81	43.0
14341	64414	22431	39743	3500	9132	-14116	77.81	43.0
14365	64413	22437	39744	3596	9112	-14232	77.81	43.0
14369	64428	22460	39751	3596	9112	-14232	77.81	43.0
14386	64448	22473	39761	3552	9080	-14236	77.81	43.0
14378	64474	22475	39752	3552	9080	-14236	77.81	43.0
14408	64489	22508	39780	3468	9140	-14296	77.81	43.0
14460	64489	22540	39788	3468	9140	-14296	77.81	43.0
14448	64485	22554	39780	3484	9188	-14396	77.81	43.0
14441	64487	22565	39765	3484	9188	-14396	77.81	43.0
14424	64466	22551	39778	3508	9108	-14172	77.81	43.0
14353	64451	22503	39787	3508	9108	-14172	77.81	43.0
14335	64440	22436	39753	3516	9024	-14084	77.81	43.0
14284	64410	22381	39755	3516	9024	-14084	77.81	43.0
14263	64401	22325	39765	3540	9124	-14428	77.81	43.0
14195	64406	22272	39764	3540	9124	-14428	77.81	43.0
14129	64403	22234	39761	3492	9160	-14156	77.81	43.0
14046	64399	22135	39785	3492	9160	-14156	77.81	43.0
14035	64377	22064	39755	3532	9100	-14420	77.81	43.0
13973	64363	22012	39742	3532	9100	-14420	75.42	60.0
13926	64347	21973	39748	3484	9020	-14248	75.42	60.0
13877	64328	21909	39736	3484	9020	-14248	75.42	60.0
13847	64352	21890	39748	3540	9076	-14280	75.42	60.0
13820	64335	21817	39759	3540	9076	-14280	75.42	60.0
13732	64305	21757	39728	3568	9160	-14168	75.42	60.0
13701	64300	21745	39754	3568	9160	-14168	75.42	60.0
13664	64303	21720	39729	3560	9056	-14092	75.42	60.0
13643	64276	21683	39726	3560	9056	-14092	75.42	60.0
13606	64284	21661	39732	3548	9092	-14172	75.42	60.0
13595	64287	21650	39730	3548	9092	-14172	75.42	60.0
13597	64289	21649	39729	3580	9116	-14228	75.42	60.0
13591	64289	21646	39722	3580	9116	-14228	75.42	60.0
13600	64296	21621	39743	3568	9060	-14252	75.42	60.0
13586	64291	21619	39731	3568	9060	-14252	75.42	60.0
13610	64303	21608	39719	3536	9056	-14348	75.42	60.0
13609	64320	21629	39737	3536	9056	-14348	75.42	60.0
13612	64299	21619	39731	3576	9144	-14236	75.42	60.0
13610	64303	21638	39742	3576	9144	-14236	75.42	60.0
13615	64308	21612	39762	3532	9012	-14272	75.42	60.0
13597	64312	21607	39742	3532	9012	-14272	75.42	60.0
13618	64321	21599	39736	3540	9004	-14324	75.42	60.0
13625	64314	21587	39749	3540	9004	-14324	75.42	60.0
13591	64324	21591	39759	3472	9024	-14288	75.42	60.0
13610	64306	21597	39767	3472	9024	-14288	75.42	60.0
13620	64338	21618	39741	3476	9064	-14264	75.42	60.0
13653	64336	21650	39759	3476	9064	-14264	75.42	60.0
13713	64363	21676	39766	3488	9060	-14176	75.42	60.0
13711	64352	21718	39795	3488	9060	-14176	75.42	60.0
13780	64341	21784	39754	3528	9084	-14356	75.42	60.0
13758	64337	21824	39759	3528	9084	-14356	75.42	60.0
13753	64332	21797	39739	3472	9132	-14240	75.42	60.0
13681	64289	21764	39737	3472	9132	-14240	75.42	60.0
13663	64272	21697	39732	3432	9104	-14376	75.42	60.0
13629	64247	21645	39734	3432	9104	-14376	75.42	60.0
13593	64254	21634	39725	3456	9100	-14312	75.42	60.0
13558	64245	21611	39726	3456	9100	-14312	75.42	60.0
13536	64209	21569	39732	3488	9168	-14248	75.42	60.0
13495	64223	21530	39725	3488	9168	-14248	75.42	60.0
13482	64214	21480	39723	3432	9052	-14296	75.42	60.0
13406	64215	21452	39721	3432	9052	-14296	75.42	60.0
13410	64186	21444	39711	3500	9056	-14292	75.42	60.0
13404	64180	21428	39684	3500	9056	-14292	75.42	60.0
13369	64166	21380	39715	3524	9084	-14280	75.42	60.0
13311	64143	21338	39696	3524	9084	-14280	75.42	60.0
13263	64156	21286	39707	3464	9192	-14264	75.42	60.0
13240	64133	21269	39678	3464	9192	-14264	75.42	60.0
13253	64111	21227	39680	3496	9108	-14188	75.42	60.0
13220	64121	21203	39684	3496	9108	-14188	75.42	60.0
13161	64113	21155	39693	3460	8976	-14256	75.42	60.0
13131	64105	21132	39687	3460	8976	-14256	75.84	103.9
13144	64104	21129	39687	3492	9060	-14332	75.84	103.9
13155	64089	21117	39681	3492	9060	-14332	75.84	103.9
13152	64099	21119	39673	3420	9092	-14248	75.84	103.9
13153	64088	21116	39673	3420	9092	-14248	75.84	103.9
13161	64108	21088	39692	3456	9136	-14132	75.84	103.9
13156	64105	21095	39678	3456	9136	-14132	75.84	103.9
13130	64083	21100	39686	3520	9184	-14256	75.84	103.9
13145	64092	21078	39669	3520	9184	-14256	75.84	103.9
13059	64074	21007	39653	3576	9168	-14220	75.84	103.9
13069	64076	20985	39678	3576	9168	-14220	75.84	103.9
13121	64088	21015	39680	3448	9084	-14172	75.84	103.9
13150	64093	21040	39686	3448	9084	-14172	75.84	103.9
13182	64092	21096	39672	3492	9032	-14316	75.84	103.9
13240	64113	21159	39695	3492	9032	-14316	75.84	103.9
13246	64125	21164	39700	3516	9156	-14256	75.84	103.9
13256	64134	21157	39680	3516	9156	-14256	75.84	103.9
13267	64107	21164	39689	3440	8988	-14300	75.84	103.9
13227	64094	21159	39677	3440	8988	-14300	75.84	103.9
13222	64090	21169	39671	3496	9144	-14236	75.84	103.9
13242	64062	21159	39668	3496	9144	-14236	75.84	103.9
13232	64053	21158	39663	3412	9068	-14204	75.84	103.9
13232	64045	21185	39655	3412	9068	-14204	75.84	103.9
13202	64032	21168	39660	3384	9084	-14236	75.84	103.9
13250	64028	21160	39648	3384	9084	-14236	75.84	103.9
13252	64045	21172	39666	3468	8992	-14192	75.84	103.9
13230	64029	21151	39661	3468	8992	-14192	75.84	103.9
13260	64031	21138	39656	3524	9148	-14216	75.84	103.9
13256	64023	21142	39656	3524	9148	-14216	75.84	103.9
13248	64019	21091	39657	3492	9096	-14416	75.84	103.9
13252	64026	21107	39651	3492	9096	-14416	75.84	103.9
13286	64024	21111	39656	3476	9068	-14276	75.84	103.9
13260	64009	21085	39668	3476	9068	-14276	75.84	103.9
13259	64007	21060	39668	3532	9092	-14152	75.84	103.9
13249	64018	21043	39655	3532	9092	-14152	75.84	103.9
13258	64015	21032	39636	3544	9048	-14288	75.84	103.9
13244	64023	21012	39659	3544	9048	-14288	75.84	103.9
13215	64001	21025	39669	3560	9036	-14264	75.84	103.9
13266	64030	21004	39653	3560	9036	-14264	75.84	103.9
13215	64017	20999	39644	3424	9088	-14160	75.84	103.9
13264	64051	20984	39675	3424	9088	-14160	75.84	103.9
13259	64026	21010	39658	3496	9048	-14260	75.84	103.9
13257	64048	21002	39662	3496	9048	-14260	75.84	103.9
13279	64052	21008	39666	3468	9088	-14056	75.84	103.9
13291	64043	21020	39660	3468	9088	-14056	75.84	103.9
13299	64042	21015	39669	3464	9140	-14208	75.84	103.9
13287	64063	21009	39682	3464	9140	-14208	75.84	103.9
13284	64055	20998	39665	3480	9152	-14328	75.84	103.9
13269	64064	20979	39677	3480	9152	-14328	75.84	103.9
13289	64083	20978	39706	3504	9008	-14228	75.84	103.9
13280	64082	20981	39670	3504	9008	-14228	75.47	112.1
13250	64092	20943	39708	3464	9148	-14252	75.47	112.1
13271	64071	20932	39708	3464	9148	-14252	75.47	112.1
13273	64097	20953	39694	3488	9076	-14200	75.47	112.1
13268	64097	20961	39696	3488	9076	-14200	75.47	112.1
13275	64077	20948	39699	3484	9028	-14324	75.47	112.1
13237	64086	20960	39684	3484	9028	-14324	75.47	112.1
13232	64068	20947	39691	3472	9012	-14304	75.47	112.1
13188	64044	20890	39678	3472	9012	-14304	75.47	112.1
13197	64038	20885	39686	3460	9108	-14412	75.47	112.1
13166	64034	20830	39697	3460	9108	-14412	75.47	112.1
13186	64032	20869	39680	3492	8916	-14304	75.47	112.1
13175	64027	20821	39686	3492	8916	-14304	75.47	112.1
13171	64018	20795	39661	3472	9136	-14108	75.47	112.1
13145	64008	20777	39681	3472	9136	-14108	75.47	112.1
13163	64000	20779	39678	3468	9064	-14216	75.47	112.1
13149	64009	20764	39682	3468	9064	-14216	75.47	112.1
13135	64012	20750	39656	3584	9128	-14312	75.47	112.1
13094	64001	20734	39678	3584	9128	-14312	75.47	112.1
13104	63991	20721	39682	3516	9108	-14168	75.47	112.1
13099	63973	20686	39665	3516	9108	-14168	75.47	112.1
13084	63980	20677	39671	3480	9120	-14160	75.47	112.1
13100	63996	20705	39667	3480	9120	-14160	75.47	112.1
13110	63988	20704	39667	3504	9092	-14280	75.47	112.1
13133	64003	20713	39660	3504	9092	-14280	75.47	112.1
13115	63994	20712	39668	3376	9092	-14288	75.47	112.1
13095	64006	20710	39671	3376	9092	-14288	75.47	112.1
13086	63999	20736	39681	3500	9052	-14128	75.47	112.1
13111	63995	20727	39689	3500	9052	-14128	75.47	112.1
13119	64002	20763	39682	3504	9036	-14216	75.47	112.1
13131	64009	20769	39687	3504	9036	-14216	75.47	112.1
13133	64018	20766	39675	3524	9116	-14268	75.47	112.1
13149	64009	20747	39660	3524	9116	-14268	75.47	112.1
13102	63980	20728	39669	3492	9152	-14280	75.47	112.1
13120	64009	20746	39683	3492	9152	-14280	75.47	112.1
13140	64033	20784	39678	3444	9064	-14268	75.47	112.1
13155	64023	20792	39689	3444	9064	-14268	75.47	112.1
13186	64037	20789	39692	3520	9044	-14188	75.47	112.1
13162	64029	20823	39689	3520	9044	-14188	75.47	112.1
13139	64008	20839	39684	3480	9084	-14164	75.47	112.1
13137	64021	20851	39684	3480	9084	-14164	75.47	112.1
13146	63986	20850	39686	3532	9072	-14256	75.47	112.1
13122	63951	20793	39655	3532	9072	-14256	75.47	112.1
13099	63938	20800	39643	3600	9016	-14168	75.47	112.1
13077	63918	20786	39638	3600	9016	-14168	75.47	112.1
13085	63925	20792	39641	3372	9128	-14328	75.47	112.1
13069	63919	20769	39639	3372	9128	-14328	75.47	112.1
13068	63922	20786	39640	3412	9108	-14216	75.47	112.1
13089	63916	20746	39651	3412	9108	-14216	75.47	112.1
13044	63898	20749	39625	3444	9100	-14052	75.47	112.1
13036	63893	20755	39627	3444	9100	-14052	67.42	293.5
13048	63881	20754	39631	3516	9068	-14184	67.42	293.5
13032	63869	20740	39616	3516	9068	-14184	67.42	293.5
13026	63873	20759	39631	3524	9048	-14296	67.42	293.5
13044	63861	20751	39624	3524	9048	-14296	67.42	293.5
13030	63847	20731	39613	3496	9044	-14320	67.42	293.5
13030	63862	20758	39594	3496	9044	-14320	67.42	293.5
13081	63871	20745	39623	3400	9040	-14172	67.42	293.5
13039	63850	20760	39610	3400	9040	-14172	67.42	293.5
13065	63861	20806	39612	3480	9144	-14168	67.42	293.5
13076	63861	20787	39612	3480	9144	-14168	67.42	293.5
13078	63871	20791	39614	3532	9040	-14344	67.42	293.5
13113	63848	20808	39627	3532	9040	-14344	67.42	293.5
13096	63872	20815	39622	3444	9048	-14220	67.42	293.5
13150	63861	20817	39613	3444	9048	-14220	67.42	293.5
13116	63871	20820	39626	3440	9152	-14180	67.42	293.5
13133	63874	20812	39614	3440	9152	-14180	67.42	293.5
13156	63878	20804	39617	3596	9132	-14340	67.42	293.5
13161	63876	20826	39619	3596	9132	-14340	67.42	293.5
13156	63875	20848	39631	3512	9084	-14280	67.42	293.5
13137	63885	20835	39623	3512	9084	-14280	67.42	293.5
13156	63904	20832	39617	3404	9068	-14324	67.42	293.5
13156	63895	20833	39628	3404	9068	-14324	67.42	293.5
13148	63911	20835	39622	3448	9036	-14236	67.42	293.5
13177	63880	20868	39639	3448	9036	-14236	67.42	293.5
13150	63893	20871	39634	3520	9132	-14136	67.42	293.5
13134	63854	20895	39611	3520	9132	-14136	67.42	293.5
13113	63824	20866	39597	3540	9096	-14248	67.42	293.5
13116	63819	20844	39595	3540	9096	-14248	67.42	293.5
13073	63793	20850	39592	3400	9080	-14128	67.42	293.5
13059	63810	20844	39594	3400	9080	-14128	67.42	293.5
13068	63776	20826	39583	3484	9048	-14216	67.42	293.5
13092	63762	20828	39576	3484	9048	-14216	67.42	293.5
13074	63744	20838	39565	3480	9092	-14304	67.42	293.5
13061	63760	20829	39568	3480	9092	-14304	67.42	293.5
13092	63756	20825	39583	3416	9084	-14200	67.42	293.5
13065	63751	20833	39576	3416	9084	-14200	67.42	293.5
13067	63758	20833	39557	3540	9112	-14164	67.42	293.5
13093	63752	20825	39554	3540	9112	-14164	67.42	293.5
13099	63745	20815	39566	3516	9056	-14176	67.42	293.5
13078	63737	20818	39563	3516	9056	-14176	67.42	293.5
13082	63729	20812	39553	3460	9084	-14308	67.42	293.5
13075	63721	20800	39542	3460	9084	-14308	67.42	293.5
13086	63726	20793	39559	3396	9108	-14232	67.42	293.5
13100	63723	20798	39550	3396	9108	-14232	67.42	293.5
13093	63748	20791	39561	3412	9060	-14064	67.42	293.5
13092	63727	20765	39554	3412	9060	-14064	67.42	293.5
13096	63756	20768	39551	3488	8952	-14200	67.42	293.5
13101	63744	20766	39551	3488	8952	-14200	67.42	293.5
13095	63744	20787	39565	3468	9140	-14200	67.42	293.5
13110	63741	20763	39558	3468	9140	-14200	69.95	398.9
13101	63747	20736	39560	3540	9056	-14156	69.95	398.9
13094	63755	20726	39564	3540	9056	-14156	69.95	398.9
13068	63759	20710	39554	3552	9152	-14196	69.95	398.9
13093	63766	20694	39566	3552	9152	-14196	69.95	398.9
13068	63764	20683	39569	3552	9064	-14280	69.95	398.9
13085	63781	20685	39592	3552	9064	-14280	69.95	398.9
13099	63786	20695	39585	3492	8976	-14116	69.95	398.9
13088	63804	20713	39602	3492	8976	-14116	69.95	398.9
13116	63813	20710	39598	3452	9124	-14332	69.95	398.9
13117	63818	20726	39598	3452	9124	-14332	69.95	398.9
13107	63813	20728	39601	3436	8996	-14324	69.95	398.9
13116	63807	20754	39593	3436	8996	-14324	69.95	398.9
13106	63807	20759	39598	3384	9148	-14240	69.95	398.9
13113	63783	20775	39596	3384	9148	-14240	69.95	398.9
13098	63752	20744	39565	3436	9100	-14080	69.95	398.9
13068	63763	20732	39570	3436	9100	-14080	69.95	398.9
13044	63774	20710	39583	3500	9152	-14408	69.95	398.9
13057	63755	20702	39572	3500	9152	-14408	69.95	398.9
13043	63763	20706	39589	3476	9012	-14228	69.95	398.9
13030	63733	20720	39585	3476	9012	-14228	69.95	398.9
13049	63739	20736	39573	3452	9108	-14228	69.95	398.9
13079	63735	20713	39574	3452	9108	-14228	69.95	398.9
13017	63743	20715	39565	3524	9036	-14164	69.95	398.9
13036	63742	20745	39569	3524	9036	-14164	69.95	398.9
13054	63749	20721	39584	3440	9072	-14136	69.95	398.9
13038	63732	20721	39554	3440	9072	-14136	69.95	398.9
13021	63738	20691	39567	3424	9120	-14140	69.95	398.9
12995	63733	20679	39554	3424	9120	-14140	69.95	398.9
13000	63741	20671	39569	3552	9060	-14188	69.95	398.9
12978	63719	20691	39558	3552	9060	-14188	69.95	398.9
12997	63742	20680	39573	3400	9080	-14220	69.95	398.9
12988	63747	20677	39589	3400	9080	-14220	69.95	398.9
12985	63744	20683	39579	3576	9080	-14208	69.95	398.9
13012	63753	20676	39580	3576	9080	-14208	69.95	398.9
12978	63754	20667	39581	3428	9168	-14184	69.95	398.9
13009	63763	20695	39580	3428	9168	-14184	69.95	398.9
13016	63764	20710	39589	3472	9096	-14216	69.95	398.9
13006	63760	20694	39587	3472	9096	-14216	69.95	398.9
13010	63784	20696	39570	3524	9104	-14396	69.95	398.9
13037	63789	20692	39592	3524	9104	-14396	69.95	398.9
13017	63821	20679	39594	3504	9128	-14364	69.95	398.9
13045	63823	20706	39594	3504	9128	-14364	69.95	398.9
13041	63821	20707	39621	3564	9016	-14132	69.95	398.9
13055	63826	20699	39619	3564	9016	-14132	69.95	398.9
13055	63842	20696	39627	3476	9072	-14248	69.95	398.9
13047	63834	20705	39600	3476	9072	-14248	69.95	398.9
13065	63846	20713	39625	3508	9132	-14244	69.95	398.9
13065	63872	20717	39626	3508	9132	-14244	69.95	398.9
13057	63884	20720	39619	3352	8984	-14216	69.95	398.9
13098	63883	20729	39626	3352	8984	-14216	69.16	426.0
13107	63875	20782	39630	3460	9028	-14276	69.16	426.0
13081	63873	20789	39617	3460	9028	-14276	69.16	426.0
13034	63869	20772	39611	3476	9200	-14360	69.16	426.0
13015	63842	20762	39623	3476	9200	-14360	69.16	426.0
12991	63817	20739	39602	3440	9044	-14220	69.16	426.0
12984	63824	20734	39606	3440	9044	-14220	69.16	426.0
12950	63821	20729	39606	3456	9092	-14196	69.16	426.0
12966	63815	20704	39628	3456	9092	-14196	69.16	426.0
12974	63797	20711	39601	3476	9124	-14300	69.16	426.0
12955	63805	20739	39597	3476	9124	-14300	69.16	426.0
12946	63815	20746	39605	3520	9012	-14076	69.16	426.0
12960	63803	20715	39602	3520	9012	-14076	69.16	426.0
12952	63817	20715	39614	3488	9044	-14236	69.16	426.0
12946	63807	20727	39622	3488	9044	-14236	69.16	426.0
12956	63801	20725	39602	3456	9092	-14260	69.16	426.0
12981	63802	20719	39596	3456	9092	-14260	69.16	426.0
12978	63807	20725	39597	3508	9112	-14312	69.16	426.0
12998	63805	20719	39610	3508	9112	-14312	69.16	426.0
12986	63803	20731	39604	3512	9112	-14236	69.16	426.0
12995	63788	20734	39618	3512	9112	-14236	69.16	426.0
13019	63811	20745	39607	3468	9056	-14288	69.16	426.0
13048	63823	20780	39591	3468	9056	-14288	69.16	426.0
13035	63834	20767	39606	3636	9120	-14112	69.16	426.0
13046	63844	20787	39609	3636	9120	-14112	69.16	426.0
13030	63842	20773	39628	3540	9192	-14228	69.16	426.0
13047	63844	20788	39624	3540	9192	-14228	69.16	426.0
13048	63841	20787	39620	3472	9148	-14248	69.16	426.0
13083	63859	20794	39625	3472	9148	-14248	69.16	426.0
13085	63848	20780	39625	3520	8988	-14112	69.16	426.0
13066	63868	20787	39624	3520	8988	-14112	69.16	426.0
13095	63882	20791	39636	3528	9128	-14284	69.16	426.0
13099	63862	20810	39638	3528	9128	-14284	69.16	426.0
13106	63885	20793	39637	3508	9076	-14268	69.16	426.0
13131	63893	20825	39629	3508	9076	-14268	69.16	426.0
13182	63901	20850	39659	3420	9160	-14272	69.16	426.0
13201	63938	20863	39647	3420	9160	-14272	69.16	426.0
13216	63938	20873	39654	3560	9092	-14216	69.16	426.0
13227	63956	20872	39647	3560	9092	-14216	69.16	426.0
13232	63966	20895	39662	3436	8984	-14280	69.16	426.0
13226	63970	20904	39662	3436	8984	-14280	69.16	426.0
13261	63980	20914	39681	3424	9056	-14212	69.16	426.0
13306	63993	20947	39690	3424	9056	-14212	69.16	426.0
13314	64007	20963	39678	3512	9180	-14300	69.16	426.0
13295	63999	20998	39692	3512	9180	-14300	69.16	426.0
13299	64005	20990	39678	3524	9012	-14180	69.16	426.0
13287	63996	20989	39682	3524	9012	-14180	69.16	426.0
13228	63956	20975	39680	3504	9092	-14208	69.16	426.0
13259	63952	20950	39686	3504	9092	-14208	69.16	426.0
13227	63930	20934	39685	3552	9116	-14352	69.16	426.0
13188	63931	20917	39652	3552	9116	-14352	69.57	423.9
13182	63926	20917	39654	3500	9032	-14256	69.57	423.9
13163	63910	20907	39644	3500	9032	-14256	69.57	423.9
13139	63901	20916	39631	3404	9076	-14192	69.57	423.9
13127	63887	20893	39651	3404	9076	-14192	69.57	423.9
13133	63893	20895	39657	3552	9144	-14208	69.57	423.9
13123	63882	20872	39632	3552	9144	-14208	69.57	423.9
13118	63888	20898	39634	3516	9080	-14232	69.57	423.9
13127	63892	20910	39645	3516	9080	-14232	69.57	423.9
13160	63878	20895	39637	3540	9016	-14228	69.57	423.9
13136	63890	20903	39631	3540	9016	-14228	69.57	423.9
13123	63873	20906	39644	3568	9128	-14084	69.57	423.9
13138	63877	20888	39628	3568	9128	-14084	69.57	423.9
13103	63871	20909	39625	3520	9076	-14280	69.57	423.9
13130	63885	20887	39643	3520	9076	-14280	69.57	423.9
13132	63888	20893	39664	3456	9116	-14288	69.57	423.9
13147	63901	20879	39644	3456	9116	-14288	69.57	423.9
13153	63907	20881	39659	3488	8984	-14292	69.57	423.9
13141	63911	20887	39657	3488	8984	-14292	69.57	423.9
13129	63896	20878	39652	3436	9024	-14112	69.57	423.9
13148	63911	20890	39651	3436	9024	-14112	69.57	423.9
13141	63893	20899	39648	3496	9100	-14344	69.57	423.9
13169	63930	20899	39660	3496	9100	-14344	69.57	423.9
13165	63932	20914	39657	3528	9024	-14180	69.57	423.9
13141	63933	20923	39666	3528	9024	-14180	69.57	423.9
13167	63966	20914	39676	3552	9072	-14216	69.57	423.9
13193	63969	20919	39668	3552	9072	-14216	69.57	423.9
13216	63969	20926	39678	3372	9128	-14232	69.57	423.9
13231	63966	20931	39673	3372	9128	-14232	69.57	423.9
13226	63979	20944	39680	3464	9056	-14248	69.57	423.9
13252	63989	20933	39681	3464	9056	-14248	69.57	423.9
13236	63998	20936	39691	3468	9000	-14264	69.57	423.9
13243	63999	20936	39691	3468	9000	-14264	69.57	423.9
13284	64024	20937	39704	3472	9012	-14308	69.57	423.9
13285	64028	20953	39712	3472	9012	-14308	69.57	423.9
13311	64043	20972	39711	3492	9068	-14216	69.57	423.9
13307	64050	20957	39716	3492	9068	-14216	69.57	423.9
13337	64042	20960	39728	3480	9012	-14376	69.57	423.9
13313	64094	20988	39734	3480	9012	-14376	69.57	423.9
13333	64083	20980	39732	3416	9044	-14208	69.57	423.9
13325	64085	20974	39736	3416	9044	-14208	69.57	423.9
13316	64063	20988	39740	3532	9048	-14196	69.57	423.9
13311	64061	21006	39706	3532	9048	-14196	69.57	423.9
13304	64049	20969	39713	3424	9108	-14364	69.57	423.9
13239	64025	20942	39713	3424	9108	-14364	69.57	423.9
13226	64040	20883	39727	3524	9032	-14352	69.57	423.9
13167	64011	20823	39703	3524	9032	-14352	69.57	423.9
13175	64014	20796	39710	3516	9036	-14280	69.57	423.9
13117	64016	20794	39699	3516	9036	-14280	69.57	423.9
13131	64005	20792	39704	3532	8992	-14084	69.57	423.9
13146	63986	20802	39722	3532	8992	-14084	61.76	624.0
13153	64001	20799	39705	3516	8984	-14328	61.76	624.0
13127	63994	20771	39708	3516	8984	-14328	61.76	624.0
13143	64002	20803	39707	3480	9072	-14136	61.76	624.0
13112	63992	20804	39703	3480	9072	-14136	61.76	624.0
13153	63986	20767	39712	3444	9016	-14196	61.76	624.0
13115	63986	20775	39683	3444	9016	-14196	61.76	624.0
13119	63998	20752	39717	3584	9164	-14168	61.76	624.0
13102	63997	20721	39706	3584	9164	-14168	61.76	624.0
13075	63989	20700	39707	3596	9128	-14256	61.76	624.0
13103	64005	20726	39711	3596	9128	-14256	61.76	624.0
13158	64003	20758	39718	3484	9188	-14176	61.76	624.0
13143	64019	20752	39719	3484	9188	-14176	61.76	624.0
13213	64031	20802	39714	3520	9036	-14160	61.76	624.0
13232	64051	20828	39733	3520	9036	-14160	61.76	624.0
13246	64026	20821	39723	3448	9028	-14200	61.76	624.0
13234	64074	20827	39719	3448	9028	-14200	61.76	624.0
13261	64066	20848	39726	3492	9096	-14284	61.76	624.0
13268	64088	20835	39753	3492	9096	-14284	61.76	624.0
13305	64116	20840	39744	3592	9148	-14208	61.76	624.0
13307	64105	20841	39758	3592	9148	-14208	61.76	624.0
13269	64118	20868	39795	3516	9080	-14260	61.76	624.0
13277	64134	20846	39774	3516	9080	-14260	61.76	624.0
13312	64159	20878	39790	3456	9016	-14280	61.76	624.0
13321	64167	20863	39774	3456	9016	-14280	61.76	624.0
13345	64200	20884	39802	3540	9100	-14224	61.76	624.0
13360	64199	20879	39777	3540	9100	-14224	61.76	624.0
13371	64198	20896	39791	3448	9048	-14292	61.76	624.0
13389	64216	20890	39807	3448	9048	-14292	61.76	624.0
13417	64217	20930	39809	3552	9004	-14220	61.76	624.0
13399	64230	20911	39818	3552	9004	-14220	61.76	624.0
13441	64260	20924	39827	3548	9104	-14200	61.76	624.0
13457	64282	20912	39834	3548	9104	-14200	61.76	624.0
13468	64294	20938	39849	3436	9088	-14120	61.76	624.0
13512	64303	20978	39859	3436	9088	-14120	61.76	624.0
13535	64328	21013	39858	3412	9036	-14252	61.76	624.0
13554	64355	21046	39844	3412	9036	-14252	61.76	624.0
13584	64369	21098	39863	3440	9080	-14380	61.76	624.0
13638	64353	21157	39872	3440	9080	-14380	61.76	624.0
13669	64340	21195	39851	3444	9144	-14296	61.76	624.0
13667	64336	21242	39862	3444	9144	-14296	61.76	624.0
13645	64331	21244	39859	3484	9080	-14032	61.76	624.0
13622	64321	21248	39852	3484	9080	-14032	61.76	624.0
13639	64315	21249	39864	3524	9008	-14332	61.76	624.0
13605	64329	21232	39863	3524	9008	-14332	61.76	624.0
13601	64340	21227	39868	3476	8980	-14192	61.76	624.0
13630	64314	21251	39841	3476	8980	-14192	61.76	624.0
13627	64311	21246	39841	3540	9012	-14276	61.76	624.0
13604	64290	21220	39830	3540	9012	-14276	61.76	624.0
13602	64295	21211	39823	3512	9060	-14196	61.76	624.0
13526	64312	21209	39856	3512	9060	-14196	77.14	50.5
13551	64276	21169	39833	3488	9052	-14340	77.14	50.5
13516	64293	21140	39826	3488	9052	-14340	77.14	50.5
13464	64287	21100	39832	3484	9084	-14248	77.14	50.5
13413	64293	21052	39844	3484	9084	-14248	77.14	50.5
13390	64280	21007	39829	3552	9152	-14292	77.14	50.5
13365	64278	21013	39829	3552	9152	-14292	77.14	50.5
13315	64275	21001	39820	3420	9060	-14124	77.14	50.5
13303	64268	20975	39829	3420	9060	-14124	77.14	50.5
13314	64277	20959	39806	3492	9016	-14220	77.14	50.5
13303	64278	20946	39827	3492	9016	-14220	77.14	50.5
13275	64297	20951	39832	3500	9020	-14148	77.14	50.5
13297	64286	20974	39843	3500	9020	-14148	77.14	50.5
13323	64305	20965	39825	3440	9036	-14228	77.14	50.5
13346	64296	20974	39841	3440	9036	-14228	77.14	50.5
13351	64312	20972	39835	3544	9012	-14296	77.14	50.5
13369	64312	20966	39843	3544	9012	-14296	77.14	50.5
13351	64313	20957	39861	3456	9068	-14236	77.14	50.5
13354	64321	20944	39861	3456	9068	-14236	77.14	50.5
13362	64337	20938	39858	3540	9076	-14384	77.14	50.5
13351	64343	20930	39856	3540	9076	-14384	77.14	50.5
13374	64346	20948	39851	3408	9112	-14324	77.14	50.5
13393	64345	20948	39868	3408	9112	-14324	77.14	50.5
13383	64368	20951	39875	3556	9052	-14192	77.14	50.5
13386	64355	20966	39864	3556	9052	-14192	77.14	50.5
13385	64397	20953	39884	3484	9012	-14176	77.14	50.5
13398	64387	20970	39874	3484	9012	-14176	77.14	50.5
13380	64396	20963	39890	3456	9116	-14196	77.14	50.5
13399	64419	20951	39898	3456	9116	-14196	77.14	50.5
13414	64431	20978	39888	3432	9164	-14172	77.14	50.5
13430	64435	21015	39915	3432	9164	-14172	77.14	50.5
13470	64448	21011	39916	3460	9104	-14332	77.14	50.5
13468	64454	21031	39908	3460	9104	-14332	77.14	50.5
13512	64462	21093	39913	3548	9112	-14272	77.14	50.5
13525	64447	21122	39928	3548	9112	-14272	77.14	50.5
13497	64452	21107	39920	3516	9092	-14152	77.14	50.5
13444	64432	21062	39934	3516	9092	-14152	77.14	50.5
13419	64404	21046	39899	3640	9104	-14316	77.14	50.5
13375	64403	21014	39898	3640	9104	-14316	77.14	50.5
13380	64396	20983	39890	3528	9024	-14256	77.14	50.5
13355	64387	20970	39890	3528	9024	-14256	77.14	50.5
13323	64389	20960	39909	3544	9084	-14244	77.14	50.5
13334	64365	20965	39888	3544	9084	-14244	77.14	50.5
13326	64371	20948	39894	3536	9136	-14124	77.14	50.5
13297	64361	20949	39884	3536	9136	-14124	77.14	50.5
13285	64379	20939	39882	3496	9112	-14136	77.14	50.5
13266	64343	20926	39884	3496	9112	-14136	77.14	50.5
13278	64360	20909	39864	3448	9208	-14276	77.14	50.5
13277	64330	20897	39869	3448	9208	-14276	77.14	50.5
13264	64350	20901	39849	3576	9092	-14188	77.14	50.5
13237	64331	20857	39879	3576	9092	-14188	74.77	55.0
13248	64325	20870	39855	3472	9160	-14192	74.77	55.0
13237	64349	20851	39865	3472	9160	-14192	74.77	55.0
13257	64333	20868	39871	3508	9108	-14148	74.77	55.0
13239	64334	20851	39855	3508	9108	-14148	74.77	55.0
13255	64326	20879	39863	3384	9128	-14112	74.77	55.0
13257	64332	20878	39869	3384	9128	-14112	74.77	55.0
13262	64328	20871	39876	3476	9176	-14156	74.77	55.0
13322	64336	20873	39886	3476	9176	-14156	74.77	55.0
13303	64364	20885	39859	3420	9084	-14116	74.77	55.0
13313	64353	20883	39872	3420	9084	-14116	74.77	55.0
13296	64362	20888	39875	3536	9088	-14232	74.77	55.0
13339	64358	20892	39882	3536	9088	-14232	74.77	55.0
13344	64383	20931	39895	3560	9184	-14220	74.77	55.0
13378	64378	20948	39889	3560	9184	-14220	74.77	55.0
13345	64385	20935	39886	3480	9108	-14200	74.77	55.0
13351	64377	20935	39884	3480	9108	-14200	74.77	55.0
13375	64408	20966	39881	3452	9092	-14260	74.77	55.0
13377	64405	20950	39896	3452	9092	-14260	74.77	55.0
13397	64412	20935	39893	3500	9084	-14168	74.77	55.0
13455	64418	20977	39898	3500	9084	-14168	74.77	55.0
13486	64421	20981	39888	3508	9100	-14168	74.77	55.0
13473	64438	21004	39887	3508	9100	-14168	74.77	55.0
13466	64462	20995	39895	3628	8984	-14244	74.77	55.0
13479	64453	20999	39917	3628	8984	-14244	74.77	55.0
13486	64452	21024	39913	3480	9104	-14240	74.77	55.0
13476	64472	21011	39924	3480	9104	-14240	74.77	55.0
13521	64488	21041	39925	3412	9028	-14240	74.77	55.0
13562	64494	21078	39939	3412	9028	-14240	74.77	55.0
13579	64496	21121	39927	3440	9148	-14216	74.77	55.0
13593	64469	21144	39936	3440	9148	-14216	74.77	55.0
13555	64449	21127	39927	3508	9192	-14188	74.77	55.0
13575	64439	21105	39922	3508	9192	-14188	74.77	55.0
13516	64425	21100	39910	3340	9192	-14184	74.77	55.0
13452	64405	21091	39899	3340	9192	-14184	74.77	55.0
13466	64393	21065	39898	3468	9040	-14232	74.77	55.0
13457	64387	21053	39883	3468	9040	-14232	74.77	55.0
13457	64381	21057	39891	3348	9036	-14120	74.77	55.0
13439	64377	21047	39902	3348	9036	-14120	74.77	55.0
13432	64362	21053	39884	3468	9104	-14180	74.77	55.0
13420	64366	21024	39880	3468	9104	-14180	74.77	55.0
13418	64367	21004	39886	3436	9100	-14176	74.77	55.0
13410	64359	21012	39863	3436	9100	-14176	74.77	55.0
13409	64344	20997	39888	3528	9080	-14160	74.77	55.0
13411	64345	21013	39885	3528	9080	-14160	74.77	55.0
13396	64340	21007	39854	3440	9080	-14184	74.77	55.0
13378	64334	20993	39846	3440	9080	-14184	74.77	55.0
13368	64317	20971	39863	3568	9088	-14260	74.77	55.0
13379	64337	20963	39871	3568	9088	-14260	74.77	55.0
13373	64330	20976	39874	3492	9132	-14140	74.77	55.0
13383	64317	20981	39882	3492	9132	-14140	72.95	55.0
13377	64344	20950	39879	3424	9092	-14204	72.95	55.0
13391	64324	20970	39866	3424	9092	-14204	72.95	55.0
13418	64325	20983	39874	3412	9188	-14244	72.95	55.0
13393	64334	20965	39858	3412	9188	-14244	72.95	55.0
13387	64330	20965	39873	3508	9180	-14056	72.95	55.0
13402	64353	20970	39871	3508	9180	-14056	72.95	55.0
13432	64353	20989	39871	3516	9108	-14188	72.95	55.0
13428	64356	20977	39872	3516	9108	-14188	72.95	55.0
13425	64355	20953	39887	3580	9188	-14204	72.95	55.0
13476	64367	20947	39889	3580	9188	-14204	72.95	55.0
13463	64367	20957	39893	3452	9016	-14356	72.95	55.0
13469	64393	20970	39885	3452	9016	-14356	72.95	55.0
13456	64384	20970	39897	3444	9112	-14236	72.95	55.0
13497	64375	20942	39908	3444	9112	-14236	72.95	55.0
13487	64408	20941	39891	3472	9076	-14236	72.95	55.0
13468	64396	20955	39902	3472	9076	-14236	72.95	55.0
13510	64408	20957	39906	3404	9128	-14084	72.95	55.0
13525	64408	20975	39900	3404	9128	-14084	72.95	55.0
13516	64391	20975	39923	3496	9076	-14240	72.95	55.0
13544	64421	20958	39919	3496	9076	-14240	72.95	55.0
13532	64430	20957	39907	3476	9172	-14388	72.95	55.0
13545	64440	20972	39924	3476	9172	-14388	72.95	55.0
13544	64457	21010	39905	3496	9116	-14272	72.95	55.0
13551	64434	21000	39913	3496	9116	-14272	72.95	55.0
13523	64419	21025	39922	3552	9112	-14028	72.95	55.0
13509	64388	20994	39919	3552	9112	-14028	72.95	55.0
13480	64378	20983	39885	3440	9112	-14172	72.95	55.0
13431	64362	20940	39861	3440	9112	-14172	72.95	55.0
13396	64359	20926	39879	3436	9192	-14152	72.95	55.0
13377	64335	20874	39879	3436	9192	-14152	72.95	55.0
13357	64329	20866	39870	3516	9096	-14120	72.95	55.0
13334	64318	20869	39878	3516	9096	-14120	72.95	55.0
13345	64327	20844	39872	3520	9056	-14316	72.95	55.0
13341	64313	20829	39861	3520	9056	-14316	72.95	55.0
13324	64310	20832	39875	3584	9032	-14348	72.95	55.0
13310	64298	20810	39865	3584	9032	-14348	72.95	55.0
13289	64306	20793	39867	3428	9100	-14296	72.95	55.0
13273	64274	20790	39851	3428	9100	-14296	72.95	55.0
13272	64267	20778	39866	3516	9096	-14236	72.95	55.0
13244	64273	20731	39864	3516	9096	-14236	72.95	55.0
13241	64280	20753	39853	3472	9104	-14232	72.95	55.0
13259	64276	20731	39846	3472	9104	-14232	72.95	55.0
13234	64276	20739	39854	3404	9108	-14232	72.95	55.0
13241	64274	20734	39858	3404	9108	-14232	72.95	55.0
13257	64272	20741	39860	3424	9140	-14252	72.95	55.0
13251	64279	20738	39848	3424	9140	-14252	72.95	55.0
13244	64286	20730	39859	3464	9096	-14172	72.95	55.0
13264	64284	20737	39855	3464	9096	-14172	72.95	55.0
13249	64276	20736	39852	3456	9152	-14300	72.95	55.0
13242	64284	20706	39863	3456	9152	-14300	70.13	53.4
13265	64292	20749	39862	3456	9144	-14168	70.13	53.4
13288	64290	20740	39870	3456	9144	-14168	70.13	53.4
13289	64280	20742	39865	3496	9088	-14104	70.13	53.4
13286	64303	20737	39865	3496	9088	-14104	70.13	53.4
13313	64300	20751	39873	3492	9148	-14240	70.13	53.4
13315	64317	20764	39866	3492	9148	-14240	70.13	53.4
13308	64306	20762	39867	3500	9072	-14216	70.13	53.4
13318	64342	20757	39872	3500	9072	-14216	70.13	53.4
13362	64327	20765	39875	3420	9004	-14216	70.13	53.4
13326	64338	20772	39896	3420	9004	-14216	70.13	53.4
13362	64345	20773	39899	3456	9052	-14200	70.13	53.4
13346	64354	20745	39893	3456	9052	-14200	70.13	53.4
13342	64368	20764	39887	3472	9116	-14120	70.13	53.4
13361	64372	20788	39905	3472	9116	-14120	70.13	53.4
13347	64353	20817	39893	3488	9120	-14140	70.13	53.4
13350	64338	20814	39879	3488	9120	-14140	70.13	53.4
13316	64326	20791	39892	3468	9128	-14132	70.13	53.4
13256	64318	20742	39850	3468	9128	-14132	70.13	53.4
13212	64290	20753	39874	3576	9076	-14240	70.13	53.4
13136	64261	20718	39874	3576	9076	-14240	70.13	53.4
13116	64252	20655	39857	3572	9116	-14240	70.13	53.4
13091	64222	20620	39847	3572	9116	-14240	70.13	53.4
13087	64232	20643	39857	3532	9128	-14112	70.13	53.4
13090	64233	20637	39844	3532	9128	-14112	70.13	53.4
13064	64225	20605	39838	3472	9208	-14132	70.13	53.4
13067	64221	20603	39859	3472	9208	-14132	70.13	53.4
13060	64216	20624	39848	3428	9120	-14216	70.13	53.4
13033	64237	20623	39834	3428	9120	-14216	70.13	53.4
13043	64198	20598	39807	3472	9144	-14020	70.13	53.4
13041	64203	20591	39825	3472	9144	-14020	70.13	53.4
13033	64190	20598	39828	3628	9076	-14204	70.13	53.4
13059	64170	20610	39820	3628	9076	-14204	70.13	53.4
13018	64166	20563	39815	3564	9092	-14204	70.13	53.4
13035	64164	20590	39808	3564	9092	-14204	70.13	53.4
13024	64157	20597	39815	3508	9060	-14200	70.13	53.4
13079	64163	20604	39805	3508	9060	-14200	70.13	53.4
13022	64186	20583	39806	3496	8968	-14104	70.13	53.4
13022	64173	20594	39799	3496	8968	-14104	70.13	53.4
13029	64175	20598	39832	3540	9108	-14252	70.13	53.4
13028	64164	20609	39820	3540	9108	-14252	70.13	53.4
13012	64189	20594	39807	3452	9020	-14144	70.13	53.4
13051	64194	20591	39807	3452	9020	-14144	70.13	53.4
13087	64189	20598	39816	3516	9052	-14208	70.13	53.4
13114	64194	20606	39823	3516	9052	-14208	70.13	53.4
13106	64207	20613	39810	3384	9172	-14356	70.13	53.4
13126	64198	20625	39819	3384	9172	-14356	70.13	53.4
13098	64202	20626	39831	3484	9112	-14312	70.13	53.4
13097	64212	20629	39833	3484	9112	-14312	70.13	53.4
13124	64210	20637	39823	3408	9048	-14188	70.13	53.4
13125	64223	20630	39834	3408	9048	-14188	67.80	54.0
13134	64213	20627	39848	3536	9144	-14324	67.80	54.0
13123	64223	20648	39837	3536	9144	-14324	67.80	54.0
13136	64253	20654	39837	3524	9100	-14156	67.80	54.0
13212	64221	20695	39852	3524	9100	-14156	67.80	54.0
13187	64222	20731	39839	3588	9144	-14032	67.80	54.0
13181	64212	20724	39826	3588	9144	-14032	67.80	54.0
13125	64179	20676	39814	3392	9056	-14300	67.80	54.0
13085	64165	20677	39789	3392	9056	-14300	67.80	54.0
13058	64147	20663	39796	3616	8972	-14036	67.80	54.0
13023	64129	20630	39803	3616	8972	-14036	67.80	54.0
12975	64109	20609	39786	3372	9048	-14216	67.80	54.0
12947	64085	20588	39790	3372	9048	-14216	67.80	54.0
12960	64100	20594	39767	3436	9088	-14236	67.80	54.0
12946	64084	20576	39766	3436	9088	-14236	67.80	54.0
12940	64064	20548	39758	3444	9012	-14300	67.80	54.0
12940	64068	20556	39766	3444	9012	-14300	67.80	54.0
12962	64073	20565	39780	3592	9224	-14180	67.80	54.0
12943	64047	20553	39758	3592	9224	-14180	67.80	54.0
12949	64060	20546	39742	3464	9092	-14140	67.80	54.0
12894	64053	20536	39769	3464	9092	-14140	67.80	54.0
12908	64040	20515	39755	3476	9064	-14180	67.80	54.0
12909	64036	20517	39744	3476	9064	-14180	67.80	54.0
12912	64015	20524	39764	3516	9140	-14268	67.80	54.0
12905	64007	20527	39755	3516	9140	-14268	67.80	54.0
12902	64007	20525	39736	3308	9092	-14184	67.80	54.0
12922	64008	20546	39749	3308	9092	-14184	67.80	54.0
12923	64022	20539	39743	3340	9100	-14240	67.80	54.0
12930	64034	20554	39733	3340	9100	-14240	67.80	54.0
12956	64020	20561	39742	3616	9036	-14104	67.80	54.0
12968	64021	20558	39755	3616	9036	-14104	67.80	54.0
12982	64021	20563	39746	3376	9072	-14368	67.80	54.0
13005	64038	20535	39745	3376	9072	-14368	67.80	54.0
12977	64032	20559	39761	3496	9084	-14236	67.80	54.0
12998	64020	20580	39755	3496	9084	-14236	67.80	54.0
13025	64027	20576	39745	3436	9112	-14216	67.80	54.0
13009	64050	20574	39739	3436	9112	-14216	67.80	54.0
13015	64043	20605	39742	3460	9004	-14276	67.80	54.0
13041	64045	20578	39747	3460	9004	-14276	67.80	54.0
13030	64041	20575	39730	3504	9036	-14180	67.80	54.0
13033	64039	20592	39755	3504	9036	-14180	67.80	54.0
13072	64070	20601	39765	3436	9012	-14112	67.80	54.0
13084	64067	20637	39741	3436	9012	-14112	67.80	54.0
13096	64059	20635	39784	3516	9104	-14180	67.80	54.0
13082	64054	20669	39750	3516	9104	-14180	67.80	54.0
13102	64030	20686	39766	3480	9048	-14268	67.80	54.0
13037	64002	20646	39745	3480	9048	-14268	67.80	54.0
13006	63985	20624	39717	3496	9064	-14216	67.80	54.0
12971	63941	20600	39716	3496	9064	-14216	67.80	54.0
12962	63939	20601	39711	3484	9144	-14304	67.80	54.0
12923	63921	20549	39703	3484	9144	-14304	67.80	44.7
12881	63903	20548	39690	3480	9116	-14264	67.80	44.7
12891	63879	20552	39697	3480	9116	-14264	67.80	44.7
12875	63887	20541	39661	3568	9072	-14316	67.80	44.7
12864	63889	20515	39662	3568	9072	-14316	67.80	44.7
12819	63865	20500	39686	3440	9064	-14168	67.80	44.7
12835	63860	20501	39668	3440	9064	-14168	67.80	44.7
12841	63866	20476	39677	3528	9028	-14152	67.80	44.7
12839	63831	20491	39674	3528	9028	-14152	67.80	44.7
12820	63827	20485	39668	3552	9128	-14152	67.80	44.7
12809	63818	20465	39672	3552	9128	-14152	67.80	44.7
12761	63834	20433	39652	3452	9196	-14108	67.80	44.7
12801	63813	20450	39646	3452	9196	-14108	67.80	44.7
12785	63800	20428	39658	3528	9100	-14264	67.80	44.7
12786	63800	20427	39653	3528	9100	-14264	67.80	44.7
12753	63812	20425	39672	3472	9024	-14348	67.80	44.7
12797	63805	20427	39663	3472	9024	-14348	67.80	44.7
12819	63841	20433	39664	3512	9240	-14276	67.80	44.7
12803	63812	20423	39654	3512	9240	-14276	67.80	44.7
12816	63828	20420	39643	3440	9116	-14292	67.80	44.7
12821	63828	20436	39656	3440	9116	-14292	67.80	44.7
12827	63828	20427	39661	3516	9148	-14144	67.80	44.7
12843	63833	20443	39678	3516	9148	-14144	67.80	44.7
12818	63851	20413	39669	3532	9124	-14472	67.80	44.7
12855	63849	20421	39658	3532	9124	-14472	67.80	44.7
12873	63836	20437	39674	3492	9068	-14196	67.80	44.7
12869	63865	20434	39674	3492	9068	-14196	67.80	44.7
12844	63850	20429	39675	3472	9116	-14284	67.80	44.7
12895	63866	20407	39678	3472	9116	-14284	67.80	44.7
12883	63887	20420	39684	3452	9088	-14328	67.80	44.7
12895	63893	20426	39684	3452	9088	-14328	67.80	44.7
12895	63898	20422	39706	3428	9120	-14288	67.80	44.7
12906	63919	20423	39691	3428	9120	-14288	67.80	44.7
12942	63905	20449	39695	3524	9004	-14128	67.80	44.7
12922	63902	20460	39713	3524	9004	-14128	67.80	44.7
12874	63878	20471	39680	3556	9100	-14228	67.80	44.7
12854	63852	20453	39676	3556	9100	-14228	67.80	44.7
12801	63842	20402	39667	3436	9156	-14240	67.80	44.7
12787	63818	20390	39664	3436	9156	-14240	67.80	44.7
12748	63813	20332	39667	3440	9052	-14232	67.80	44.7
12678	63787	20317	39654	3440	9052	-14232	67.80	44.7
12688	63775	20295	39639	3472	9132	-14160	67.80	44.7
12640	63786	20271	39635	3472	9132	-14160	67.80	44.7
12620	63777	20249	39654	3444	9048	-14240	67.80	44.7
12621	63763	20249	39634	3444	9048	-14240	67.80	44.7
12640	63767	20236	39650	3508	9128	-14124	67.80	44.7
12607	63742	20238	39632	3508	9128	-14124	67.80	44.7
12600	63761	20240	39631	3516	9108	-14348	67.80	44.7
12584	63732	20221	39626	3516	9108	-14348	67.80	44.7
12580	63743	20210	39629	3516	8988	-14268	67.80	44.7
12562	63739	20171	39620	3516	8988	-14268	68.77	42.1
12558	63710	20168	39619	3432	9068	-14220	68.77	42.1
12581	63704	20160	39619	3432	9068	-14220	68.77	42.1
12555	63715	20172	39616	3500	9180	-14216	68.77	42.1
12561	63723	20159	39617	3500	9180	-14216	68.77	42.1
12603	63733	20155	39612	3524	9144	-14236	68.77	42.1
12579	63728	20160	39646	3524	9144	-14236	68.77	42.1
12582	63726	20199	39635	3492	9012	-14168	68.77	42.1
12599	63727	20171	39651	3492	9012	-14168	68.77	42.1
12597	63755	20167	39629	3512	9060	-14188	68.77	42.1
12601	63739	20190	39643	3512	9060	-14188	68.77	42.1
12595	63749	20175	39631	3508	9064	-14152	68.77	42.1
12581	63760	20165	39646	3508	9064	-14152	68.77	42.1
12599	63748	20177	39630	3472	9052	-14144	68.77	42.1
12629	63757	20161	39651	3472	9052	-14144	68.77	42.1
12623	63779	20159	39654	3512	9152	-14304	68.77	42.1
12591	63783	20151	39651	3512	9152	-14304	68.77	42.1
12614	63793	20141	39673	3540	9100	-14320	68.77	42.1
12620	63807	20130	39669	3540	9100	-14320	68.77	42.1
12624	63792	20166	39661	3468	9132	-14168	68.77	42.1
12639	63816	20157	39677	3468	9132	-14168	68.77	42.1
12636	63824	20168	39661	3420	9044	-14188	68.77	42.1
12633	63837	20171	39682	3420	9044	-14188	68.77	42.1
12638	63813	20170	39674	3428	9028	-14164	68.77	42.1
12663	63821	20213	39680	3428	9028	-14164	68.77	42.1
12625	63818	20215	39673	3492	9092	-14076	68.77	42.1
12603	63774	20163	39671	3492	9092	-14076	68.77	42.1
12496	63775	20124	39656	3580	9108	-14224	68.77	42.1
12476	63753	20084	39632	3580	9108	-14224	68.77	42.1
12435	63739	20070	39626	3524	9092	-14224	68.77	42.1
12378	63720	20014	39638	3524	9092	-14224	68.77	42.1
12388	63723	20025	39649	3412	9056	-14192	68.77	42.1
12373	63697	19979	39633	3412	9056	-14192	68.77	42.1
12339	63698	19990	39631	3468	9068	-14348	68.77	42.1
12346	63709	19993	39630	3468	9068	-14348	68.77	42.1
12365	63698	20004	39629	3556	9196	-14148	68.77	42.1
12366	63693	19997	39620	3556	9196	-14148	68.77	42.1
12361	63680	20010	39631	3564	9144	-14256	68.77	42.1
12339	63681	20001	39614	3564	9144	-14256	68.77	42.1
12374	63662	20013	39599	3492	9120	-14356	68.77	42.1
12365	63682	19996	39624	3492	9120	-14356	68.77	42.1
12350	63647	19985	39603	3472	9172	-14124	68.77	42.1
12347	63659	19986	39609	3472	9172	-14124	68.77	42.1
12327	63661	19990	39603	3512	9084	-14308	68.77	42.1
12341	63658	20008	39592	3512	9084	-14308	68.77	42.1
12370	63668	19995	39598	3528	9172	-14240	68.77	42.1
12390	63681	20015	39610	3528	9172	-14240	68.77	42.1
12374	63681	20019	39615	3468	9148	-14284	68.77	42.1
12370	63676	20003	39614	3468	9148	-14284	68.77	42.1
12377	63686	20002	39617	3548	9108	-14248	68.77	42.1
12383	63690	20014	39615	3548	9108	-14248	70.50	37.4
12412	63702	20022	39620	3488	9180	-14080	70.50	37.4
12424	63698	20038	39619	3488	9180	-14080	70.50	37.4
12435	63708	20042	39614	3512	9164	-14228	70.50	37.4
12464	63702	20046	39614	3512	9164	-14228	70.50	37.4
12444	63711	20058	39626	3444	9004	-14288	70.50	37.4
12448	63713	20052	39637	3444	9004	-14288	70.50	37.4
12429	63737	20070	39622	3432	9112	-14364	70.50	37.4
12468	63727	20058	39631	3432	9112	-14364	70.50	37.4
12491	63739	20084	39661	3400	8944	-14136	70.50	37.4
12512	63764	20115	39644	3400	8944	-14136	70.50	37.4
12540	63767	20124	39652	3388	9080	-14248	70.50	37.4
12588	63771	20150	39659	3388	9080	-14248	70.50	37.4
12601	63761	20200	39681	3356	9052	-14304	70.50	37.4
12626	63738	20220	39647	3356	9052	-14304	70.50	37.4
12601	63773	20213	39651	3508	9016	-14152	70.50	37.4
12584	63748	20197	39628	3508	9016	-14152	70.50	37.4
12543	63714	20190	39623	3492	9080	-14144	70.50	37.4
12489	63692	20197	39642	3492	9080	-14144	70.50	37.4
12493	63696	20150	39633	3520	9140	-14244	70.50	37.4
12470	63699	20152	39629	3520	9140	-14244	70.50	37.4
12455	63683	20143	39611	3512	9200	-14212	70.50	37.4
12494	63679	20166	39622	3512	9200	-14212	70.50	37.4
12467	63666	20160	39609	3436	9060	-14188	70.50	37.4
12452	63667	20130	39600	3436	9060	-14188	70.50	37.4
12467	63684	20163	39609	3364	8976	-14232	70.50	37.4
12488	63671	20150	39612	3364	8976	-14232	70.50	37.4
12498	63670	20168	39598	3568	9128	-14180	70.50	37.4
12466	63661	20170	39608	3568	9128	-14180	70.50	37.4
12474	63665	20116	39600	3436	9072	-14152	70.50	37.4
12480	63655	20108	39602	3436	9072	-14152	70.50	37.4
12435	63630	20085	39597	3520	9092	-14236	70.50	37.4
12449	63646	20086	39572	3520	9092	-14236	70.50	37.4
12440	63654	20105	39581	3436	9076	-14104	70.50	37.4
12432	63648	20106	39591	3436	9076	-14104	70.50	37.4
12450	63636	20119	39598	3516	9032	-14272	70.50	37.4
12485	63648	20099	39603	3516	9032	-14272	70.50	37.4
12491	63651	20136	39597	3508	9148	-14192	70.50	37.4
12477	63657	20150	39583	3508	9148	-14192	70.50	37.4
12496	63662	20122	39609	3564	9052	-14272	70.50	37.4
12485	63682	20104	39618	3564	9052	-14272	70.50	37.4
12497	63665	20137	39600	3480	9120	-14180	70.50	37.4
12510	63702	20119	39601	3480	9120	-14180	70.50	37.4
12565	63712	20159	39617	3520	9128	-14264	70.50	37.4
12575	63710	20157	39618	3520	9128	-14264	70.50	37.4
12547	63702	20163	39612	3460	9132	-14136	70.50	37.4
12555	63707	20150	39616	3460	9132	-14136	70.50	37.4
12569	63716	20157	39614	3508	9148	-14192	70.50	37.4
12607	63724	20164	39608	3508	9148	-14192	70.50	37.4
12622	63758	20201	39623	3524	9152	-14272	70.50	37.4
12632	63753	20206	39634	3524	9152	-14272	72.19	33.2
12655	63754	20224	39636	3424	9112	-14184	72.19	33.2
12711	63781	20244	39648	3424	9112	-14184	72.19	33.2
12733	63801	20299	39643	3464	9120	-14292	72.19	33.2
12765	63774	20302	39645	3464	9120	-14292	72.19	33.2
12753	63781	20340	39626	3396	9036	-14316	72.19	33.2
12754	63754	20357	39639	3396	9036	-14316	72.19	33.2
12745	63746	20329	39630	3456	9080	-14276	72.19	33.2
12688	63731	20286	39629	3456	9080	-14276	72.19	33.2
12642	63718	20271	39614	3504	9116	-14200	72.19	33.2
12601	63710	20265	39612	3504	9116	-14200	72.19	33.2
12598	63695	20214	39614	3480	9036	-14188	72.19	33.2
12572	63715	20220	39599	3480	9036	-14188	72.19	33.2
12574	63691	20219	39622	3496	9068	-14208	72.19	33.2
12573	63687	20218	39601	3496	9068	-14208	72.19	33.2
12567	63686	20235	39613	3524	9128	-14216	72.19	33.2
12555	63677	20214	39596	3524	9128	-14216	72.19	33.2
12567	63685	20209	39594	3480	9024	-14304	72.19	33.2
12555	63654	20228	39609	3480	9024	-14304	72.19	33.2
12546	63667	20215	39591	3536	9160	-14316	72.19	33.2
12559	63655	20226	39573	3536	9160	-14316	72.19	33.2
12581	63654	20226	39588	3444	9136	-14320	72.19	33.2
12569	63655	20221	39583	3444	9136	-14320	72.19	33.2
12580	63662	20203	39589	3544	9148	-14180	72.19	33.2
12577	63661	20198	39581	3544	9148	-14180	72.19	33.2
12602	63665	20211	39592	3500	9116	-14160	72.19	33.2
12596	63659	20228	39611	3500	9116	-14160	72.19	33.2
12631	63680	20213	39591	3488	9096	-14208	72.19	33.2
12628	63689	20224	39583	3488	9096	-14208	72.19	33.2
12664	63688	20259	39591	3420	9068	-14120	72.19	33.2
12665	63688	20253	39616	3420	9068	-14120	72.19	33.2
12671	63700	20254	39599	3384	9064	-14308	72.19	33.2
12669	63684	20236	39605	3384	9064	-14308	72.19	33.2
12684	63718	20253	39600	3560	9092	-14276	72.19	33.2
12692	63719	20267	39590	3560	9092	-14276	72.19	33.2
12723	63725	20293	39611	3480	9100	-14264	72.19	33.2
12721	63724	20314	39602	3480	9100	-14264	72.19	33.2
12762	63740	20279	39612	3496	9076	-14100	72.19	33.2
12779	63755	20301	39620	3496	9076	-14100	72.19	33.2
12794	63755	20298	39614	3468	9056	-14256	72.19	33.2
12817	63786	20299	39622	3468	9056	-14256	72.19	33.2
12794	63792	20307	39632	3452	9056	-14204	72.19	33.2
12804	63787	20286	39639	3452	9056	-14204	72.19	33.2
12827	63813	20324	39652	3516	9116	-14212	72.19	33.2
12865	63798	20326	39641	3516	9116	-14212	72.19	33.2
12851	63818	20331	39654	3472	9148	-14196	72.19	33.2
12868	63833	20342	39655	3472	9148	-14196	72.19	33.2
12881	63813	20361	39669	3496	9112	-14112	72.19	33.2
12861	63818	20403	39638	3496	9112	-14112	72.19	33.2
12850	63792	20363	39655	3560	9108	-14252	72.19	33.2
12811	63795	20347	39631	3560	9108	-14252	72.97	28.3
12799	63778	20325	39627	3512	9072	-14276	72.97	28.3
12750	63763	20301	39623	3512	9072	-14276	72.97	28.3
12704	63755	20272	39631	3488	9008	-14232	72.97	28.3
12689	63744	20224	39617	3488	9008	-14232	72.97	28.3
12696	63738	20219	39614	3452	9076	-14328	72.97	28.3
12673	63730	20228	39612	3452	9076	-14328	72.97	28.3
12684	63739	20220	39606	3460	9096	-14356	72.97	28.3
12671	63713	20212	39597	3460	9096	-14356	72.97	28.3
12648	63735	20183	39589	3444	9008	-14216	72.97	28.3
12660	63732	20202	39604	3444	9008	-14216	72.97	28.3
12666	63715	20208	39590	3472	9124	-14172	72.97	28.3
12668	63724	20191	39602	3472	9124	-14172	72.97	28.3
12632	63728	20185	39595	3500	9012	-14256	72.97	28.3
12651	63730	20171	39592	3500	9012	-14256	72.97	28.3
12633	63715	20140	39606	3496	9136	-14168	72.97	28.3
12649	63724	20162	39606	3496	9136	-14168	72.97	28.3
12638	63708	20151	39594	3520	9112	-14188	72.97	28.3
12681	63718	20153	39611	3520	9112	-14188	72.97	28.3
12689	63741	20146	39601	3332	8964	-14160	72.97	28.3
12672	63732	20160	39604	3332	8964	-14160	72.97	28.3
12657	63733	20178	39605	3548	9020	-14248	72.97	28.3
12704	63749	20176	39596	3548	9020	-14248	72.97	28.3
12699	63750	20157	39638	3560	9136	-14172	72.97	28.3
12740	63752	20176	39613	3560	9136	-14172	72.97	28.3
12728	63775	20176	39627	3460	9064	-14132	72.97	28.3
12753	63780	20186	39627	3460	9064	-14132	72.97	28.3
12754	63778	20215	39626	3352	9100	-14152	72.97	28.3
12790	63789	20206	39652	3352	9100	-14152	72.97	28.3
12767	63797	20201	39619	3520	9152	-14176	72.97	28.3
12770	63804	20218	39658	3520	9152	-14176	72.97	28.3
12777	63801	20180	39652	3376	9000	-14264	72.97	28.3
12804	63838	20186	39637	3376	9000	-14264	72.97	28.3
12795	63835	20196	39647	3488	9096	-14096	72.97	28.3
12828	63832	20196	39660	3488	9096	-14096	72.97	28.3
12814	63857	20203	39665	3548	9068	-14256	72.97	28.3
12810	63852	20220	39673	3548	9068	-14256	72.97	28.3
12828	63876	20230	39672	3496	9108	-14260	72.97	28.3
12857	63898	20237	39679	3496	9108	-14260	72.97	28.3
12896	63907	20237	39683	3448	9092	-14172	72.97	28.3
12868	63913	20278	39692	3448	9092	-14172	72.97	28.3
12908	63905	20293	39681	3464	9152	-14192	72.97	28.3
12896	63897	20316	39684	3464	9152	-14192	72.97	28.3
12887	63876	20307	39677	3576	9124	-14168	72.97	28.3
12821	63884	20267	39680	3576	9124	-14168	72.97	28.3
12770	63867	20223	39659	3500	9032	-14136	72.97	28.3
12730	63840	20185	39654	3500	9032	-14136	72.97	28.3
12702	63836	20137	39655	3524	9056	-14232	72.97	28.3
12679	63839	20124	39658	3524	9056	-14232	72.97	28.3
12712	63817	20132	39657	3460	9060	-14160	72.97	28.3
12679	63810	20140	39648	3460	9060	-14160	74.30	26.2
12699	63837	20113	39646	3568	9100	-14240	74.30	26.2
12659	63825	20109	39642	3568	9100	-14240	74.30	26.2
12644	63819	20111	39652	3456	9168	-14188	74.30	26.2
12668	63820	20138	39623	3456	9168	-14188	74.30	26.2
12640	63804	20114	39623	3360	9096	-14276	74.30	26.2
12631	63802	20088	39620	3360	9096	-14276	74.30	26.2
12652	63808	20089	39622	3516	9084	-14192	74.30	26.2
12628	63808	20081	39625	3516	9084	-14192	74.30	26.2
12633	63793	20095	39621	3664	9028	-14212	74.30	26.2
12607	63806	20078	39630	3664	9028	-14212	74.30	26.2
12634	63797	20093	39627	3460	8964	-14276	74.30	26.2
12649	63800	20088	39626	3460	8964	-14276	74.30	26.2
12640	63777	20093	39626	3460	9128	-14460	74.30	26.2
12647	63796	20081	39615	3460	9128	-14460	74.30	26.2
12665	63805	20075	39606	3432	9124	-14200	74.30	26.2
12671	63800	20095	39629	3432	9124	-14200	74.30	26.2
12701	63805	20116	39637	3468	9188	-14212	74.30	26.2
12701	63822	20095	39603	3468	9188	-14212	74.30	26.2
12692	63831	20120	39622	3588	9200	-14100	74.30	26.2
12722	63814	20120	39622	3588	9200	-14100	74.30	26.2
12760	63827	20150	39632	3584	9052	-14252	74.30	26.2
12773	63835	20172	39633	3584	9052	-14252	74.30	26.2
12792	63828	20188	39603	3596	9060	-14308	74.30	26.2
12743	63834	20163	39637	3596	9060	-14308	74.30	26.2
12804	63856	20182	39643	3548	9032	-14088	74.30	26.2
12774	63853	20179	39618	3548	9032	-14088	74.30	26.2
12806	63844	20194	39652	3624	9076	-14248	74.30	26.2
12799	63877	20194	39661	3624	9076	-14248	74.30	26.2
12824	63887	20196	39630	3536	9056	-14284	74.30	26.2
12846	63869	20195	39653	3536	9056	-14284	74.30	26.2
12840	63907	20188	39642	3496	9000	-14360	74.30	26.2
12890	63883	20213	39633	3496	9000	-14360	74.30	26.2
12904	63882	20250	39657	3396	9148	-14124	74.30	26.2
12908	63876	20302	39645	3396	9148	-14124	74.30	26.2
12898	63854	20315	39641	3556	9096	-14252	74.30	26.2
12836	63837	20280	39625	3556	9096	-14252	74.30	26.2
12800	63805	20241	39616	3524	9020	-14336	74.30	26.2
12749	63790	20210	39600	3524	9020	-14336	74.30	26.2
12729	63773	20205	39619	3464	9068	-14268	74.30	26.2
12710	63756	20164	39581	3464	9068	-14268	74.30	26.2
12727	63768	20191	39580	3604	9072	-14312	74.30	26.2
12706	63746	20164	39580	3604	9072	-14312	74.30	26.2
12709	63736	20180	39582	3344	9160	-14132	74.30	26.2
12692	63728	20129	39568	3344	9160	-14132	74.30	26.2
12691	63729	20153	39559	3436	9128	-14312	74.30	26.2
12724	63707	20131	39556	3436	9128	-14312	74.30	26.2
12715	63706	20162	39551	3452	9104	-14128	74.30	26.2
12705	63694	20166	39545	3452	9104	-14128	74.30	26.2
12711	63691	20163	39545	3464	9016	-14276	74.30	26.2
12733	63682	20195	39523	3464	9016	-14276	73.62	26.2
12733	63677	20179	39535	3488	9004	-14112	73.62	26.2
12751	63664	20174	39527	3488	9004	-14112	73.62	26.2
12780	63658	20203	39540	3560	9100	-14240	73.62	26.2
12747	63682	20177	39516	3560	9100	-14240	73.62	26.2
12780	63669	20205	39522	3544	9100	-14232	73.62	26.2
12791	63671	20208	39526	3544	9100	-14232	73.62	26.2
12824	63660	20214	39543	3500	9064	-14292	73.62	26.2
12833	63672	20246	39531	3500	9064	-14292	73.62	26.2
12831	63666	20249	39537	3456	9092	-14344	73.62	26.2
12865	63652	20263	39520	3456	9092	-14344	73.62	26.2
12875	63684	20267	39533	3444	9020	-14128	73.62	26.2
12901	63678	20284	39521	3444	9020	-14128	73.62	26.2
12932	63691	20290	39509	3384	9180	-14312	73.62	26.2
12917	63682	20298	39533	3384	9180	-14312	73.62	26.2
12968	63676	20305	39538	3616	9152	-14136	73.62	26.2
12939	63691	20298	39529	3616	9152	-14136	73.62	26.2
12960	63691	20317	39506	3568	9156	-14192	73.62	26.2
12959	63676	20294	39533	3568	9156	-14192	73.62	26.2
12976	63691	20307	39524	3468	9096	-14216	73.62	26.2
12991	63688	20317	39522	3468	9096	-14216	73.62	26.2
12985	63702	20315	39523	3468	9172	-14272	73.62	26.2
13007	63717	20313	39525	3468	9172	-14272	73.62	26.2
13031	63702	20346	39549	3480	9052	-14232	73.62	26.2
13073	63726	20352	39541	3480	9052	-14232	73.62	26.2
13070	63726	20397	39539	3500	9076	-14316	73.62	26.2
13095	63715	20420	39518	3500	9076	-14316	73.62	26.2
13079	63681	20416	39527	3540	9032	-14176	73.62	26.2
13031	63678	20392	39494	3540	9032	-14176	73.62	26.2
13035	63619	20373	39491	3440	8952	-14356	73.62	26.2
13022	63636	20375	39479	3440	8952	-14356	73.62	26.2
12992	63606	20341	39482	3468	9052	-14128	73.62	26.2
12984	63573	20350	39483	3468	9052	-14128	73.62	26.2
12989	63570	20342	39453	3448	9156	-14284	73.62	26.2
12949	63562	20339	39456	3448	9156	-14284	73.62	26.2
12959	63565	20328	39441	3476	9160	-14196	73.62	26.2
12958	63550	20350	39428	3476	9160	-14196	73.62	26.2
12989	63530	20339	39448	3416	9104	-14240	73.62	26.2
12979	63558	20333	39447	3416	9104	-14240	73.62	26.2
13000	63533	20339	39430	3436	9148	-14116	73.62	26.2
12982	63523	20386	39429	3436	9148	-14116	73.62	26.2
12971	63507	20341	39449	3540	9092	-14244	73.62	26.2
12997	63507	20362	39426	3540	9092	-14244	73.62	26.2
12995	63524	20374	39433	3508	9184	-14172	73.62	26.2
13024	63486	20355	39415	3508	9184	-14172	73.62	26.2
13058	63468	20355	39409	3428	9024	-14244	73.62	26.2
13017	63484	20354	39409	3428	9024	-14244	73.62	26.2
13037	63477	20353	39416	3568	9056	-14104	73.62	26.2
13045	63475	20372	39403	3568	9056	-14104	73.62	26.2
13061	63477	20381	39398	3548	9088	-14244	73.62	26.2
13093	63475	20381	39413	3548	9088	-14244	72.78	32.4
13077	63504	20383	39413	3464	9100	-14192	72.78	32.4
13108	63495	20403	39408	3464	9100	-14192	72.78	32.4
13132	63487	20398	39427	3480	9168	-14344	72.78	32.4
13124	63503	20385	39410	3480	9168	-14344	72.78	32.4
13148	63505	20414	39392	3552	9092	-14160	72.78	32.4
13176	63523	20400	39414	3552	9092	-14160	72.78	32.4
13136	63512	20392	39422	3492	9068	-14060	72.78	32.4
13171	63530	20428	39409	3492	9068	-14060	72.78	32.4
13150	63527	20414	39416	3448	9132	-14248	72.78	32.4
13171	63530	20418	39429	3448	9132	-14248	72.78	32.4
13213	63534	20427	39415	3584	9100	-14328	72.78	32.4
13217	63539	20418	39437	3584	9100	-14328	72.78	32.4
13197	63540	20445	39430	3432	9104	-14236	72.78	32.4
13242	63557	20456	39430	3432	9104	-14236	72.78	32.4
13261	63576	20483	39423	3384	9076	-14212	72.78	32.4
13268	63579	20483	39440	3384	9076	-14212	72.78	32.4
13294	63566	20497	39433	3532	9120	-14224	72.78	32.4
13303	63571	20535	39427	3532	9120	-14224	72.78	32.4
13299	63534	20563	39433	3540	9064	-14248	72.78	32.4
13272	63529	20545	39416	3540	9064	-14248	72.78	32.4
13252	63504	20515	39396	3404	9052	-14128	72.78	32.4
13225	63502	20497	39394	3404	9052	-14128	72.78	32.4
13207	63472	20488	39381	3512	9052	-14096	72.78	32.4
13159	63453	20462	39374	3512	9052	-14096	72.78	32.4
13177	63455	20458	39374	3400	9180	-14372	72.78	32.4
13188	63418	20446	39379	3400	9180	-14372	72.78	32.4
13172	63437	20441	39361	3328	9136	-14192	72.78	32.4
13151	63421	20422	39360	3328	9136	-14192	72.78	32.4
13131	63412	20398	39362	3424	9104	-14216	72.78	32.4
13151	63432	20406	39365	3424	9104	-14216	72.78	32.4
13160	63416	20406	39352	3468	9156	-14140	72.78	32.4
13141	63401	20413	39366	3468	9156	-14140	72.78	32.4
13121	63405	20404	39347	3440	9152	-14196	72.78	32.4
13102	63382	20358	39337	3440	9152	-14196	72.78	32.4
13103	63376	20301	39350	3496	9112	-14128	72.78	32.4
13091	63382	20317	39324	3496	9112	-14128	72.78	32.4
13056	63381	20286	39324	3456	9060	-14220	72.78	32.4
13086	63381	20292	39336	3456	9060	-14220	72.78	32.4
13077	63388	20317	39328	3484	9128	-14336	72.78	32.4
13116	63377	20329	39330	3484	9128	-14336	72.78	32.4
13113	63401	20317	39350	3480	9156	-14256	72.78	32.4
13127	63379	20323	39349	3480	9156	-14256	72.78	32.4
13151	63404	20323	39351	3456	9060	-14092	72.78	32.4
13140	63394	20319	39334	3456	9060	-14092	72.78	32.4
13169	63406	20342	39357	3452	9156	-14284	72.78	32.4
13154	63406	20318	39349	3452	9156	-14284	72.78	32.4
13180	63442	20346	39354	3496	9176	-14212	72.78	32.4
13218	63416	20341	39348	3496	9176	-14212	72.78	32.4
13198	63458	20353	39359	3492	9140	-14152	72.78	32.4
13226	63439	20363	39354	3492	9140	-14152	72.00	32.4
13248	63464	20369	39368	3484	9000	-14204	72.00	32.4
13242	63470	20356	39373	3484	9000	-14204	72.00	32.4
13237	63472	20360	39394	3432	9116	-14172	72.00	32.4
13267	63490	20349	39385	3432	9116	-14172	72.00	32.4
13280	63488	20348	39382	3488	9072	-14204	72.00	32.4
13285	63513	20375	39399	3488	9072	-14204	72.00	32.4
13298	63506	20389	39404	3464	9140	-14160	72.00	32.4
13318	63530	20386	39400	3464	9140	-14160	72.00	32.4
13329	63558	20412	39424	3476	9040	-14260	72.00	32.4
13329	63558	20409	39422	3476	9040	-14260	72.00	32.4
13382	63552	20447	39417	3476	9128	-14068	72.00	32.4
13371	63542	20456	39409	3476	9128	-14068	72.00	32.4
13343	63543	20465	39421	3504	9104	-14312	72.00	32.4
13317	63520	20425	39397	3504	9104	-14312	72.00	32.4
13295	63506	20389	39396	3540	9116	-14308	72.00	32.4
13259	63507	20351	39376	3540	9116	-14308	72.00	32.4
13222	63491	20326	39388	3540	9092	-14272	72.00	32.4
13233	63478	20317	39390	3540	9092	-14272	72.00	32.4
13234	63488	20297	39376	3488	9112	-14100	72.00	32.4
13211	63466	20289	39377	3488	9112	-14100	72.00	32.4
13175	63461	20296	39387	3492	9072	-14240	72.00	32.4
13171	63477	20261	39384	3492	9072	-14240	72.00	32.4
13191	63467	20259	39365	3496	9180	-14124	72.00	32.4
13196	63459	20269	39385	3496	9180	-14124	72.00	32.4
13190	63448	20296	39383	3344	9032	-14264	72.00	32.4
13204	63462	20261	39365	3344	9032	-14264	72.00	32.4
13124	63451	20237	39357	3412	9100	-14196	72.00	32.4
13174	63456	20234	39367	3412	9100	-14196	72.00	32.4
13166	63473	20231	39369	3516	9032	-14256	72.00	32.4
13163	63467	20219	39361	3516	9032	-14256	72.00	32.4
13187	63469	20241	39366	3472	9092	-14132	72.00	32.4
13203	63466	20264	39368	3472	9092	-14132	72.00	32.4
13194	63467	20268	39362	3472	9112	-14120	72.00	32.4
13226	63470	20293	39372	3472	9112	-14120	72.00	32.4
13221	63483	20269	39385	3368	9092	-14224	72.00	32.4
13231	63495	20285	39383	3368	9092	-14224	72.00	32.4
13247	63501	20272	39381	3556	9112	-14244	72.00	32.4
13261	63519	20276	39384	3556	9112	-14244	72.00	32.4
13260	63511	20298	39385	3436	8996	-14292	72.00	32.4
13272	63514	20295	39386	3436	8996	-14292	72.00	32.4
13292	63530	20319	39400	3480	9112	-14268	72.00	32.4
13287	63535	20306	39391	3480	9112	-14268	72.00	32.4
13294	63539	20295	39405	3496	9108	-14216	72.00	32.4
13300	63551	20318	39413	3496	9108	-14216	72.00	32.4
13322	63562	20321	39405	3488	9100	-14272	72.00	32.4
13314	63579	20316	39416	3488	9100	-14272	72.00	32.4
13325	63582	20313	39406	3376	9080	-14192	72.00	32.4
13328	63580	20310	39416	3376	9080	-14192	72.00	32.4
13307	63572	20323	39421	3564	9008	-14172	72.00	32.4
13364	63613	20337	39425	3564	9008	-14172	71.62	35.4
13359	63638	20321	39426	3568	9072	-14224	71.62	35.4
13361	63613	20345	39427	3568	9072	-14224	71.62	35.4
13395	63606	20396	39450	3464	9032	-14292	71.62	35.4
13386	63621	20399	39433	3464	9032	-14292	71.62	35.4
13396	63612	20422	39424	3384	9080	-14104	71.62	35.4
13349	63586	20382	39434	3384	9080	-14104	71.62	35.4
13320	63583	20368	39436	3444	9180	-14368	71.62	35.4
13300	63581	20357	39434	3444	9180	-14368	71.62	35.4
13295	63574	20344	39412	3532	9096	-14192	71.62	35.4
13267	63580	20313	39414	3532	9096	-14192	71.62	35.4
13253	63564	20312	39407	3448	9092	-14272	71.62	35.4
13254	63574	20328	39408	3448	9092	-14272	71.62	35.4
13299	63587	20312	39420	3540	9180	-14088	71.62	35.4
13303	63581	20330	39409	3540	9180	-14088	71.62	35.4
13291	63576	20347	39393	3404	9156	-14096	71.62	35.4
13311	63576	20352	39415	3404	9156	-14096	71.62	35.4
13317	63562	20357	39405	3476	9076	-14212	71.62	35.4
13355	63581	20374	39417	3476	9076	-14212	71.62	35.4
13311	63570	20343	39412	3488	9088	-14212	71.62	35.4
13316	63564	20345	39394	3488	9088	-14212	71.62	35.4
13318	63588	20350	39417	3508	9224	-14232	71.62	35.4
13334	63579	20359	39409	3508	9224	-14232	71.62	35.4
13350	63575	20365	39401	3496	9084	-14200	71.62	35.4
13344	63588	20379	39402	3496	9084	-14200	71.62	35.4
13381	63608	20389	39395	3540	9036	-14332	71.62	35.4
13429	63611	20427	39425	3540	9036	-14332	71.62	35.4
13441	63618	20427	39406	3560	9152	-14168	71.62	35.4
13424	63625	20440	39427	3560	9152	-14168	71.62	35.4
13446	63647	20446	39424	3480	9048	-14408	71.62	35.4
13453	63651	20431	39429	3480	9048	-14408	71.62	35.4
13481	63629	20435	39429	3408	9096	-14176	71.62	35.4
13478	63646	20435	39429	3408	9096	-14176	71.62	35.4
13524	63641	20469	39475	3512	9072	-14268	71.62	35.4
13519	63674	20481	39448	3512	9072	-14268	71.62	35.4
13551	63701	20476	39445	3436	9144	-14380	71.62	35.4
13519	63692	20479	39456	3436	9144	-14380	71.62	35.4
13533	63698	20465	39467	3496	9076	-14256	71.62	35.4
13547	63693	20478	39451	3496	9076	-14256	71.62	35.4
13538	63696	20487	39462	3400	9032	-14388	71.62	35.4
13574	63717	20490	39468	3400	9032	-14388	71.62	35.4
13568	63726	20483	39470	3428	8984	-14292	71.62	35.4
13586	63745	20489	39482	3428	8984	-14292	71.62	35.4
13615	63754	20524	39475	3456	9100	-14184	71.62	35.4
13634	63768	20551	39488	3456	9100	-14184	71.62	35.4
13633	63724	20569	39469	3460	8952	-14120	71.62	35.4
13610	63740	20577	39482	3460	8952	-14120	71.62	35.4
13631	63746	20598	39481	3584	8980	-14256	71.62	35.4
13583	63707	20566	39454	3584	8980	-14256	71.62	35.4
13587	63707	20572	39465	3512	9052	-14308	71.62	35.4
13560	63711	20542	39461	3512	9052	-14308	70.80	42.8
13524	63708	20522	39462	3476	9052	-14236	70.80	42.8
13532	63695	20534	39462	3476	9052	-14236	70.80	42.8
13532	63674	20513	39451	3536	9084	-14296	70.80	42.8
13549	63699	20542	39463	3536	9084	-14296	70.80	42.8
13550	63699	20532	39478	3488	9092	-14148	70.80	42.8
13562	63713	20545	39461	3488	9092	-14148	70.80	42.8
13586	63704	20558	39467	3412	9068	-14292	70.80	42.8
13598	63711	20556	39451	3412	9068	-14292	70.80	42.8
13584	63707	20562	39462	3392	9076	-14216	70.80	42.8
13578	63692	20552	39443	3392	9076	-14216	70.80	42.8
13595	63709	20561	39461	3424	9100	-14232	70.80	42.8
13613	63730	20544	39453	3424	9100	-14232	70.80	42.8
13620	63709	20561	39475	3512	9156	-14284	70.80	42.8
13616	63717	20562	39478	3512	9156	-14284	70.80	42.8
13648	63734	20593	39472	3496	9092	-14120	70.80	42.8
13653	63718	20599	39474	3496	9092	-14120	70.80	42.8
13669	63745	20590	39469	3576	9068	-14212	70.80	42.8
13684	63777	20616	39468	3576	9068	-14212	70.80	42.8
13732	63751	20617	39477	3504	9124	-14216	70.80	42.8
13736	63777	20638	39486	3504	9124	-14216	70.80	42.8
13727	63780	20638	39484	3412	9084	-14148	70.80	42.8
13760	63778	20629	39482	3412	9084	-14148	70.80	42.8
13738	63783	20608	39494	3472	9040	-14164	70.80	42.8
13763	63784	20605	39481	3472	9040	-14164	70.80	42.8
13729	63810	20618	39472	3388	9056	-14256	70.80	42.8
13715	63811	20602	39497	3388	9056	-14256	70.80	42.8
13702	63797	20567	39486	3412	8992	-14456	70.80	42.8
13692	63789	20564	39492	3412	8992	-14456	70.80	42.8
13692	63800	20521	39506	3580	9104	-14292	70.80	42.8
13678	63841	20517	39501	3580	9104	-14292	70.80	42.8
13635	63828	20496	39525	3500	9204	-14240	70.80	42.8
13666	63842	20498	39514	3500	9204	-14240	70.80	42.8
13646	63851	20479	39499	3480	9088	-14224	70.80	42.8
13669	63843	20518	39499	3480	9088	-14224	70.80	42.8
13663	63838	20536	39508	3484	9052	-14232	70.80	42.8
13625	63841	20500	39502	3484	9052	-14232	70.80	42.8
13599	63810	20486	39518	3484	9008	-14260	70.80	42.8
13563	63800	20481	39506	3484	9008	-14260	70.80	42.8
13567	63815	20466	39508	3524	9140	-14256	70.80	42.8
13570	63812	20432	39496	3524	9140	-14256	70.80	42.8
13538	63794	20441	39499	3540	9044	-14208	70.80	42.8
13575	63799	20473	39514	3540	9044	-14208	70.80	42.8
13557	63796	20449	39504	3488	9004	-14128	70.80	42.8
13538	63808	20447	39506	3488	9004	-14128	70.80	42.8
13565	63825	20464	39503	3468	9072	-14200	70.80	42.8
13578	63800	20427	39496	3468	9072	-14200	70.80	42.8
13583	63809	20442	39521	3528	9064	-14220	70.80	42.8
13616	63824	20438	39513	3528	9064	-14220	70.80	42.8
13587	63826	20441	39509	3496	9064	-14096	70.80	42.8
13619	63826	20457	39502	3496	9064	-14096	70.59	42.8
13606	63853	20483	39529	3520	9192	-14116	70.59	42.8
13604	63849	20451	39506	3520	9192	-14116	70.59	42.8
13599	63848	20458	39526	3536	9188	-14356	70.59	42.8
13641	63832	20457	39533	3536	9188	-14356	70.59	42.8
13648	63873	20448	39537	3424	9096	-14288	70.59	42.8
13635	63865	20456	39516	3424	9096	-14288	70.59	42.8
13639	63866	20446	39525	3488	9108	-14332	70.59	42.8
13658	63888	20471	39514	3488	9108	-14332	70.59	42.8
13640	63873	20449	39545	3592	9020	-14356	70.59	42.8
13675	63886	20453	39538	3592	9020	-14356	70.59	42.8
13698	63907	20467	39539	3480	9120	-14204	70.59	42.8
13689	63929	20446	39542	3480	9120	-14204	70.59	42.8
13672	63906	20435	39578	3524	9092	-14180	70.59	42.8
13671	63930	20433	39553	3524	9092	-14180	70.59	42.8
13699	63930	20428	39563	3560	9096	-14348	70.59	42.8
13678	63962	20420	39569	3560	9096	-14348	70.59	42.8
13706	63942	20416	39585	3500	9088	-14240	70.59	42.8
13710	63971	20421	39575	3500	9088	-14240	70.59	42.8
13714	63977	20434	39569	3404	9048	-14256	70.59	42.8
13711	63988	20439	39597	3404	9048	-14256	70.59	42.8
13705	64001	20426	39592	3504	9208	-14332	70.59	42.8
13708	64011	20433	39600	3504	9208	-14332	70.59	42.8
13741	64031	20431	39614	3492	9140	-14168	70.59	42.8
13718	64014	20455	39637	3492	9140	-14168	70.59	42.8
13703	64016	20469	39606	3536	9128	-14376	70.59	42.8
13707	64021	20438	39594	3536	9128	-14376	70.59	42.8
13684	63996	20419	39609	3468	9188	-14212	70.59	42.8
13626	63995	20394	39605	3468	9188	-14212	70.59	42.8
13591	63968	20355	39596	3468	9068	-14152	70.59	42.8
13546	63979	20311	39601	3468	9068	-14152	70.59	42.8
13549	63981	20306	39603	3444	9036	-14332	70.59	42.8
13528	63971	20323	39608	3444	9036	-14332	70.59	42.8
13500	63972	20320	39589	3392	9104	-14216	70.59	42.8
13520	63978	20280	39598	3392	9104	-14216	70.59	42.8
13532	63986	20281	39606	3480	8988	-14260	70.59	42.8
13488	63978	20267	39591	3480	8988	-14260	70.59	42.8
13507	63955	20259	39586	3528	9124	-14148	70.59	42.8
13490	63969	20253	39593	3528	9124	-14148	70.59	42.8
13474	63950	20225	39596	3524	9040	-14128	70.59	42.8
13431	63977	20226	39585	3524	9040	-14128	70.59	42.8
13445	63969	20208	39576	3484	9052	-14204	70.59	42.8
13415	63965	20194	39590	3484	9052	-14204	70.59	42.8
13395	63967	20191	39579	3408	9096	-14292	70.59	42.8
13402	63948	20186	39579	3408	9096	-14292	70.59	42.8
13414	63964	20182	39599	3576	9120	-14092	70.59	42.8
13423	63963	20190	39604	3576	9120	-14092	70.59	42.8
13412	63975	20168	39599	3504	9124	-14204	70.59	42.8
13407	63983	20156	39588	3504	9124	-14204	70.59	42.8
13436	63981	20174	39598	3348	9012	-14176	70.59	42.8
13422	63992	20182	39600	3348	9012	-14176	71.43	36.7
13439	64003	20183	39610	3444	9100	-14332	71.43	36.7
13448	63997	20195	39600	3444	9100	-14332	71.43	36.7
13460	64009	20220	39611	3496	9004	-14188	71.43	36.7
13480	64001	20199	39616	3496	9004	-14188	71.43	36.7
13462	64002	20221	39619	3472	9064	-14436	71.43	36.7
13479	64040	20217	39615	3472	9064	-14436	71.43	36.7
13483	64055	20218	39628	3524	9092	-14244	71.43	36.7
13502	64056	20222	39632	3524	9092	-14244	71.43	36.7
13483	64063	20237	39623	3532	9120	-14340	71.43	36.7
13509	64068	20239	39638	3532	9120	-14340	71.43	36.7
13544	64076	20274	39649	3436	9140	-14080	71.43	36.7
13567	64083	20337	39639	3436	9140	-14080	71.43	36.7
13548	64075	20327	39642	3468	9092	-14264	71.43	36.7
13554	64049	20330	39640	3468	9092	-14264	71.43	36.7
13519	64062	20301	39630	3456	9192	-14220	71.43	36.7
13460	64028	20274	39619	3456	9192	-14220	71.43	36.7
13439	64033	20237	39632	3484	9028	-14236	71.43	36.7
13405	64022	20220	39617	3484	9028	-14236	71.43	36.7
13413	64004	20231	39606	3540	9180	-14168	71.43	36.7
13401	64003	20203	39622	3540	9180	-14168	71.43	36.7
13403	64000	20222	39609	3432	9132	-14316	71.43	36.7
13407	63990	20174	39605	3432	9132	-14316	71.43	36.7
13358	64000	20165	39593	3384	9044	-14392	71.43	36.7
13355	63988	20187	39610	3384	9044	-14392	71.43	36.7
13362	63983	20178	39583	3384	9072	-14272	71.43	36.7
13356	63992	20171	39601	3384	9072	-14272	71.43	36.7
13348	63965	20159	39588	3428	9148	-14096	71.43	36.7
13330	63971	20145	39593	3428	9148	-14096	71.43	36.7
13344	63964	20158	39592	3440	9072	-14228	71.43	36.7
13382	63950	20163	39603	3440	9072	-14228	71.43	36.7
13389	63964	20149	39582	3428	9068	-14296	71.43	36.7
13377	63970	20190	39594	3428	9068	-14296	71.43	36.7
13415	63964	20193	39591	3448	9096	-14272	71.43	36.7
13438	63974	20228	39592	3448	9096	-14272	71.43	36.7
13445	63999	20204	39606	3456	9136	-14196	71.43	36.7
13479	63999	20233	39587	3456	9136	-14196	71.43	36.7
13477	63999	20257	39620	3460	9136	-14160	71.43	36.7
13509	63982	20238	39617	3460	9136	-14160	71.43	36.7
13524	64010	20274	39613	3480	9108	-14240	71.43	36.7
13527	64002	20276	39603	3480	9108	-14240	71.43	36.7
13540	64019	20293	39615	3504	9184	-14140	71.43	36.7
13541	64015	20292	39610	3504	9184	-14140	71.43	36.7
13548	64021	20302	39613	3428	9012	-14144	71.43	36.7
13577	64035	20292	39608	3428	9012	-14144	71.43	36.7
13572	64035	20291	39609	3492	9128	-14080	71.43	36.7
13579	64041	20300	39624	3492	9128	-14080	71.43	36.7
13606	64040	20325	39624	3416	9072	-14124	71.43	36.7
13619	64030	20305	39628	3416	9072	-14124	71.43	36.7
13595	64045	20355	39621	3432	9172	-14172	71.43	36.7
13611	64034	20384	39609	3432	9172	-14172	72.78	33.2
13589	64007	20364	39606	3464	9096	-14288	72.78	33.2
13586	64003	20330	39611	3464	9096	-14288	72.78	33.2
13536	63978	20332	39596	3456	9008	-14416	72.78	33.2
13507	63976	20305	39596	3456	9008	-14416	72.78	33.2
13478	63961	20295	39597	3456	9044	-14260	72.78	33.2
13476	63926	20273	39589	3456	9044	-14260	72.78	33.2
13432	63932	20251	39579	3516	9016	-14272	72.78	33.2
13444	63929	20260	39584	3516	9016	-14272	72.78	33.2
13462	63916	20258	39564	3568	9092	-14204	72.78	33.2
13421	63921	20246	39570	3568	9092	-14204	72.78	33.2
13454	63921	20255	39565	3432	9100	-14152	72.78	33.2
13445	63902	20248	39559	3432	9100	-14152	72.78	33.2
13438	63891	20263	39579	3468	9120	-14264	72.78	33.2
13464	63900	20255	39556	3468	9120	-14264	72.78	33.2
13417	63882	20258	39547	3508	9056	-14288	72.78	33.2
13444	63879	20236	39563	3508	9056	-14288	72.78	33.2
13439	63882	20241	39547	3480	9096	-14312	72.78	33.2
13456	63883	20259	39547	3480	9096	-14312	72.78	33.2
13483	63895	20252	39533	3488	9224	-14220	72.78	33.2
13486	63900	20256	39531	3488	9224	-14220	72.78	33.2
13490	63883	20281	39544	3420	9104	-14380	72.78	33.2
13494	63892	20290	39565	3420	9104	-14380	72.78	33.2
13540	63881	20284	39538	3396	9040	-14280	72.78	33.2
13559	63893	20303	39564	3396	9040	-14280	72.78	33.2
13560	63901	20285	39535	3480	9096	-14208	72.78	33.2
13581	63888	20301	39549	3480	9096	-14208	72.78	33.2
13551	63888	20315	39554	3464	9032	-14248	72.78	33.2
13591	63898	20323	39540	3464	9032	-14248	72.78	33.2
13576	63896	20324	39564	3468	9072	-14172	72.78	33.2
13586	63927	20328	39559	3468	9072	-14172	72.78	33.2
13584	63911	20321	39542	3540	9112	-14220	72.78	33.2
13594	63924	20287	39549	3540	9112	-14220	72.78	33.2
13604	63939	20319	39568	3488	9044	-14232	72.78	33.2
13623	63929	20322	39561	3488	9044	-14232	72.78	33.2
13598	63929	20347	39559	3432	9056	-14324	72.78	33.2
13646	63928	20360	39564	3432	9056	-14324	72.78	33.2
13621	63919	20374	39561	3544	9040	-14356	72.78	33.2
13611	63899	20375	39554	3544	9040	-14356	72.78	33.2
13581	63882	20358	39547	3436	9064	-14108	72.78	33.2
13559	63867	20330	39527	3436	9064	-14108	72.78	33.2
13516	63852	20314	39523	3520	9060	-14252	72.78	33.2
13531	63842	20293	39528	3520	9060	-14252	72.78	33.2
13516	63836	20278	39537	3324	9096	-14216	72.78	33.2
13520	63835	20298	39534	3324	9096	-14216	72.78	33.2
13478	63814	20303	39514	3464	9104	-14136	72.78	33.2
13517	63804	20288	39521	3464	9104	-14136	72.78	33.2
13507	63795	20263	39494	3436	9024	-14220	72.78	33.2
13476	63823	20275	39508	3436	9024	-14220	72.78	33.2
13523	63810	20265	39506	3492	9000	-14192	72.78	33.2
13517	63791	20276	39508	3492	9000	-14192	73.97	36.1
13492	63809	20252	39521	3540	9160	-14224	73.97	36.1
13481	63788	20259	39500	3540	9160	-14224	73.97	36.1
13500	63791	20263	39497	3428	9048	-14244	73.97	36.1
13501	63770	20284	39518	3428	9048	-14244	73.97	36.1
13495	63800	20294	39500	3424	8980	-14192	73.97	36.1
13528	63785	20258	39507	3424	8980	-14192	73.97	36.1
13536	63769	20283	39491	3416	8972	-14192	73.97	36.1
13532	63781	20282	39497	3416	8972	-14192	73.97	36.1
13566	63789	20266	39499	3552	9040	-14064	73.97	36.1
13572	63779	20289	39489	3552	9040	-14064	73.97	36.1
13591	63794	20318	39513	3412	9124	-14180	73.97	36.1
13601	63796	20296	39506	3412	9124	-14180	73.97	36.1
13560	63793	20291	39510	3428	9120	-14244	73.97	36.1
13585	63800	20303	39499	3428	9120	-14244	73.97	36.1
13598	63805	20295	39516	3456	9040	-14260	73.97	36.1
13590	63816	20286	39495	3456	9040	-14260	73.97	36.1
13599	63814	20291	39519	3516	9112	-14172	73.97	36.1
13605	63811	20282	39525	3516	9112	-14172	73.97	36.1
13605	63827	20305	39525	3420	9104	-14208	73.97	36.1
13604	63837	20295	39528	3420	9104	-14208	73.97	36.1
13628	63837	20306	39531	3496	9076	-14300	73.97	36.1
13624	63842	20312	39527	3496	9076	-14300	73.97	36.1
13650	63853	20330	39534	3380	9012	-14248	73.97	36.1
13672	63848	20349	39519	3380	9012	-14248	73.97	36.1
13660	63852	20378	39512	3376	9096	-14316	73.97	36.1
13638	63824	20386	39532	3376	9096	-14316	73.97	36.1
13635	63809	20371	39511	3452	9092	-14280	73.97	36.1
13603	63806	20342	39512	3452	9092	-14280	73.97	36.1
13600	63774	20341	39491	3476	9112	-14200	73.97	36.1
13562	63754	20309	39492	3476	9112	-14200	73.97	36.1
13571	63753	20306	39488	3428	9032	-14240	73.97	36.1
13583	63742	20306	39501	3428	9032	-14240	73.97	36.1
13581	63771	20324	39477	3456	9052	-14288	73.97	36.1
13573	63761	20293	39479	3456	9052	-14288	73.97	36.1
13585	63761	20317	39490	3540	9140	-14304	73.97	36.1
13565	63738	20301	39479	3540	9140	-14304	73.97	36.1
13600	63750	20328	39495	3512	9088	-14180	73.97	36.1
13598	63729	20315	39468	3512	9088	-14180	73.97	36.1
13598	63745	20319	39488	3384	9144	-14328	73.97	36.1
13585	63742	20320	39468	3384	9144	-14328	73.97	36.1
13586	63730	20300	39480	3456	9124	-14228	73.97	36.1
13561	63739	20319	39481	3456	9124	-14228	73.97	36.1
13603	63743	20299	39491	3364	9196	-14212	73.97	36.1
13555	63735	20307	39476	3364	9196	-14212	73.97	36.1
13592	63723	20312	39473	3472	9124	-14208	73.97	36.1
13572	63732	20314	39500	3472	9124	-14208	73.97	36.1
13606	63757	20321	39484	3540	9040	-14396	73.97	36.1
13613	63753	20328	39496	3540	9040	-14396	73.97	36.1
13656	63765	20328	39481	3532	9092	-14172	73.97	36.1
13642	63774	20339	39500	3532	9092	-14172	75.63	31.6
13681	63759	20335	39509	3388	9032	-14332	75.63	31.6
13642	63787	20351	39495	3388	9032	-14332	75.63	31.6
13675	63794	20365	39508	3476	9096	-14492	75.63	31.6
13660	63794	20341	39505	3476	9096	-14492	75.63	31.6
13657	63803	20342	39528	3448	9124	-14200	75.63	31.6
13684	63798	20368	39501	3448	9124	-14200	75.63	31.6
13711	63793	20379	39521	3424	9076	-14192	75.63	31.6
13732	63819	20407	39513	3424	9076	-14192	75.63	31.6
13728	63820	20396	39501	3468	9000	-14220	75.63	31.6
13740	63838	20430	39522	3468	9000	-14220	75.63	31.6
13731	63819	20445	39522	3488	9032	-14336	75.63	31.6
13727	63798	20441	39517	3488	9032	-14336	75.63	31.6
13673	63788	20415	39519	3428	9124	-14268	75.63	31.6
13689	63786	20393	39503	3428	9124	-14268	75.63	31.6
13691	63752	20393	39516	3420	9160	-14168	75.63	31.6
13650	63756	20390	39498	3420	9160	-14168	75.63	31.6
13634	63755	20368	39487	3444	9008	-14284	75.63	31.6
13643	63740	20355	39494	3444	9008	-14284	75.63	31.6
13633	63733	20351	39501	3516	9148	-14160	75.63	31.6
13603	63756	20353	39500	3516	9148	-14160	75.63	31.6
13613	63730	20318	39507	3412	9112	-14148	75.63	31.6
13653	63747	20333	39492	3412	9112	-14148	75.63	31.6
13618	63738	20332	39488	3472	9128	-14260	75.63	31.6
13672	63751	20332	39491	3472	9128	-14260	75.63	31.6
13627	63740	20322	39492	3568	9056	-14204	75.63	31.6
13644	63732	20338	39498	3568	9056	-14204	75.63	31.6
13623	63730	20292	39486	3548	9012	-14228	75.63	31.6
13638	63717	20312	39487	3548	9012	-14228	75.63	31.6
13614	63739	20293	39493	3452	9108	-14084	75.63	31.6
13626	63734	20305	39467	3452	9108	-14084	75.63	31.6
13645	63744	20303	39496	3464	9108	-14112	75.63	31.6
13654	63742	20287	39488	3464	9108	-14112	75.63	31.6
13692	63748	20302	39487	3520	9076	-14320	75.63	31.6
13667	63764	20282	39512	3520	9076	-14320	75.63	31.6
13671	63765	20287	39516	3392	9024	-14256	75.63	31.6
13682	63780	20277	39513	3392	9024	-14256	75.63	31.6
13686	63779	20286	39518	3544	9056	-14236	75.63	31.6
13693	63784	20290	39532	3544	9056	-14236	75.63	31.6
13687	63808	20291	39527	3428	9064	-14216	75.63	31.6
13693	63804	20295	39525	3428	9064	-14216	75.63	31.6
13715	63828	20274	39546	3436	8972	-14224	75.63	31.6
13728	63857	20293	39549	3436	8972	-14224	75.63	31.6
13732	63848	20289	39548	3464	9184	-14100	75.63	31.6
13711	63857	20284	39577	3464	9184	-14100	75.63	31.6
13733	63837	20316	39549	3420	9128	-14356	75.63	31.6
13754	63861	20322	39564	3420	9128	-14356	75.63	31.6
13725	63833	20333	39558	3456	9076	-14188	75.63	31.6
13719	63821	20319	39550	3456	9076	-14188	75.63	31.6
13707	63823	20298	39551	3456	9032	-14076	75.63	31.6
13679	63806	20286	39543	3456	9032	-14076	77.36	27.4
13677	63804	20268	39542	3504	9124	-14292	77.36	27.4
13659	63805	20238	39529	3504	9124	-14292	77.36	27.4
13640	63823	20237	39536	3444	9120	-14248	77.36	27.4
13602	63786	20245	39541	3444	9120	-14248	77.36	27.4
13599	63810	20206	39541	3424	9192	-14184	77.36	27.4
13603	63790	20192	39525	3424	9192	-14184	77.36	27.4
13586	63803	20179	39533	3432	9016	-14364	77.36	27.4
13600	63806	20181	39527	3432	9016	-14364	77.36	27.4
13592	63791	20155	39544	3456	9088	-14164	77.36	27.4
13568	63823	20151	39519	3456	9088	-14164	77.36	27.4
13573	63811	20149	39543	3508	9184	-14340	77.36	27.4
13591	63789	20142	39536	3508	9184	-14340	77.36	27.4
13581	63814	20144	39538	3428	9192	-14376	77.36	27.4
13595	63811	20130	39540	3428	9192	-14376	77.36	27.4
13566	63812	20127	39538	3492	9004	-14144	77.36	27.4
13585	63802	20141	39538	3492	9004	-14144	77.36	27.4
13625	63830	20143	39535	3436	9100	-14268	77.36	27.4
13596	63822	20146	39538	3436	9100	-14268	77.36	27.4
13617	63837	20126	39549	3432	9124	-14324	77.36	27.4
13608	63852	20167	39563	3432	9124	-14324	77.36	27.4
13607	63849	20139	39560	3480	9076	-14120	77.36	27.4
13631	63858	20116	39557	3480	9076	-14120	77.36	27.4
13617	63870	20152	39554	3472	9024	-14064	77.36	27.4
13596	63870	20136	39570	3472	9024	-14064	77.36	27.4
13613	63876	20169	39568	3464	9092	-14356	77.36	27.4
13600	63879	20131	39592	3464	9092	-14356	77.36	27.4
13620	63889	20104	39585	3456	9068	-14188	77.36	27.4
13624	63907	20145	39587	3456	9068	-14188	77.36	27.4
13636	63918	20160	39599	3368	9028	-14356	77.36	27.4
13667	63926	20154	39601	3368	9028	-14356	77.36	27.4
13655	63920	20179	39585	3484	9028	-14272	77.36	27.4
13718	63938	20200	39612	3484	9028	-14272	77.36	27.4
13697	63943	20250	39583	3412	9040	-14316	77.36	27.4
13702	63922	20244	39582	3412	9040	-14316	77.36	27.4
13697	63918	20234	39606	3472	9080	-14028	77.36	27.4
13647	63900	20223	39605	3472	9080	-14028	77.36	27.4
13649	63893	20197	39602	3556	9148	-14312	77.36	27.4
13619	63896	20186	39584	3556	9148	-14312	77.36	27.4
13623	63881	20166	39585	3472	9036	-14344	77.36	27.4
13614	63888	20147	39576	3472	9036	-14344	77.36	27.4
13608	63882	20148	39589	3360	9032	-14204	77.36	27.4
13586	63889	20156	39570	3360	9032	-14204	77.36	27.4
13555	63878	20133	39588	3424	9152	-14208	77.36	27.4
13577	63881	20143	39579	3424	9152	-14208	77.36	27.4
13573	63888	20162	39569	3524	9092	-14284	77.36	27.4
13575	63893	20154	39591	3524	9092	-14284	77.36	27.4
13573	63882	20143	39593	3376	9084	-14188	77.36	27.4
13567	63880	20159	39585	3376	9084	-14188	77.36	27.4
13563	63870	20139	39592	3488	9228	-14348	77.36	27.4
13566	63883	20143	39583	3488	9228	-14348	78.72	27.4
13579	63911	20154	39573	3488	9100	-14216	78.72	27.4
13569	63892	20147	39599	3488	9100	-14216	78.72	27.4
13619	63905	20163	39590	3480	9028	-14260	78.72	27.4
13615	63921	20148	39589	3480	9028	-14260	78.72	27.4
13618	63915	20180	39595	3492	8988	-14112	78.72	27.4
13624	63938	20179	39602	3492	8988	-14112	78.72	27.4
13635	63939	20182	39606	3540	9048	-14268	78.72	27.4
13623	63936	20175	39599	3540	9048	-14268	78.72	27.4
13631	63956	20179	39622	3360	9216	-14180	78.72	27.4
13654	63959	20197	39615	3360	9216	-14180	78.72	27.4
13688	63965	20219	39613	3412	9084	-14404	78.72	27.4
13692	63968	20221	39624	3412	9084	-14404	78.72	27.4
13692	63993	20230	39635	3460	9200	-14296	78.72	27.4
13687	63984	20197	39628	3460	9200	-14296	78.72	27.4
13683	63983	20210	39627	3456	9084	-14100	78.72	27.4
13664	64001	20199	39644	3456	9084	-14100	78.72	27.4
13696	64009	20212	39662	3476	9132	-14324	78.72	27.4
13726	64024	20202	39641	3476	9132	-14324	78.72	27.4
13704	64040	20214	39652	3400	9128	-14156	78.72	27.4
13714	64042	20238	39666	3400	9128	-14156	78.72	27.4
13724	64050	20273	39652	3428	9100	-14188	78.72	27.4
13707	64053	20242	39679	3428	9100	-14188	78.72	27.4
13720	64038	20273	39662	3444	9104	-14332	78.72	27.4
13666	64048	20233	39664	3444	9104	-14332	78.72	27.4
13662	64017	20230	39663	3480	9112	-14136	78.72	27.4
13640	63999	20232	39669	3480	9112	-14136	78.72	27.4
13627	64023	20196	39653	3540	9128	-14304	78.72	27.4
13615	64034	20182	39649	3540	9128	-14304	78.72	27.4
13593	64006	20166	39651	3488	9196	-14228	78.72	27.4
13586	64006	20167	39651	3488	9196	-14228	78.72	27.4
13584	64026	20166	39658	3464	8992	-14184	78.72	27.4
13564	64021	20143	39656	3464	8992	-14184	78.72	27.4
13578	64019	20122	39638	3448	9080	-14272	78.72	27.4
13580	64041	20145	39655	3448	9080	-14272	78.72	27.4
13581	64036	20160	39657	3436	9080	-14308	78.72	27.4
13599	64019	20145	39658	3436	9080	-14308	78.72	27.4
13591	64046	20151	39675	3420	9068	-14216	78.72	27.4
13587	64056	20143	39657	3420	9068	-14216	78.72	27.4
13577	64044	20126	39678	3500	9172	-14192	78.72	27.4
13581	64041	20140	39674	3500	9172	-14192	78.72	27.4
13546	64080	20136	39682	3456	9060	-14240	78.72	27.4
13585	64065	20149	39664	3456	9060	-14240	78.72	27.4
13621	64083	20149	39678	3424	8980	-14128	78.72	27.4
13579	64094	20136	39683	3424	8980	-14128	78.72	27.4
13596	64086	20178	39706	3564	9108	-14244	78.72	27.4
13595	64113	20141	39698	3564	9108	-14244	78.72	27.4
13626	64118	20132	39703	3520	9024	-14120	78.72	27.4
13608	64118	20150	39720	3520	9024	-14120	78.72	27.4
13635	64130	20142	39700	3384	9172	-14244	78.72	27.4
13628	64149	20157	39729	3384	9172	-14244	79.37	32.7
13656	64163	20171	39706	3436	9132	-14112	79.37	32.7
13668	64184	20152	39729	3436	9132	-14112	79.37	32.7
13630	64193	20164	39728	3472	9056	-14188	79.37	32.7
13649	64187	20150	39737	3472	9056	-14188	79.37	32.7
13645	64201	20147	39741	3432	9152	-14296	79.37	32.7
13652	64209	20127	39764	3432	9152	-14296	79.37	32.7
13675	64232	20139	39748	3400	9080	-14144	79.37	32.7
13694	64245	20161	39770	3400	9080	-14144	79.37	32.7
13705	64250	20165	39763	3476	9144	-14108	79.37	32.7
13682	64264	20189	39782	3476	9144	-14108	79.37	32.7
13698	64267	20206	39779	3532	9148	-14288	79.37	32.7
13697	64272	20206	39782	3532	9148	-14288	79.37	32.7
13653	64264	20170	39786	3464	9128	-14232	79.37	32.7
13658	64260	20152	39795	3464	9128	-14232	79.37	32.7
13646	64251	20152	39782	3420	9172	-14160	79.37	32.7
13652	64289	20139	39798	3420	9172	-14160	79.37	32.7
13635	64292	20129	39794	3548	9092	-14144	79.37	32.7
13646	64281	20141	39796	3548	9092	-14144	79.37	32.7
13632	64295	20145	39818	3504	9120	-14344	79.37	32.7
13624	64287	20124	39808	3504	9120	-14344	79.37	32.7
13643	64296	20095	39809	3496	9136	-14300	79.37	32.7
13599	64301	20098	39814	3496	9136	-14300	79.37	32.7
13626	64342	20117	39833	3436	9140	-14208	79.37	32.7
13642	64313	20105	39819	3436	9140	-14208	79.37	32.7
13621	64333	20091	39831	3608	9028	-14160	79.37	32.7
13618	64329	20076	39833	3608	9028	-14160	79.37	32.7
13624	64330	20088	39824	3536	9100	-14392	79.37	32.7
13607	64344	20067	39847	3536	9100	-14392	79.37	32.7
13592	64352	20077	39846	3344	9092	-14308	79.37	32.7
13643	64371	20067	39830	3344	9092	-14308	79.37	32.7
13657	64351	20065	39850	3516	9232	-14176	79.37	32.7
13660	64383	20069	39872	3516	9232	-14176	79.37	32.7
13665	64395	20076	39866	3420	9036	-14244	79.37	32.7
13662	64390	20069	39866	3420	9036	-14244	79.37	32.7
13671	64402	20061	39869	3456	9016	-14288	79.37	32.7
13674	64415	20061	39875	3456	9016	-14288	79.37	32.7
13709	64428	20067	39885	3524	9132	-14208	79.37	32.7
13700	64438	20085	39886	3524	9132	-14208	79.37	32.7
13720	64471	20092	39891	3516	9076	-14252	79.37	32.7
13709	64474	20075	39899	3516	9076	-14252	79.37	32.7
13722	64477	20076	39904	3572	9028	-14356	79.37	32.7
13720	64489	20067	39918	3572	9028	-14356	79.37	32.7
13757	64499	20073	39921	3568	9096	-14228	79.37	32.7
13746	64519	20080	39931	3568	9096	-14228	79.37	32.7
13749	64528	20073	39943	3528	9024	-14220	79.37	32.7
13759	64550	20075	39942	3528	9024	-14220	79.37	32.7
13760	64555	20097	39940	3428	9128	-14272	79.37	32.7
13770	64573	20078	39961	3428	9128	-14272	79.37	32.7
13779	64590	20114	39960	3420	9136	-14336	79.37	32.7
13792	64569	20139	39965	3420	9136	-14336	80.36	27.4
13804	64564	20133	39947	3524	9028	-14236	80.36	27.4
13766	64590	20139	39956	3524	9028	-14236	80.36	27.4
13719	64586	20120	39959	3356	9100	-14184	80.36	27.4
13715	64573	20102	39961	3356	9100	-14184	80.36	27.4
13702	64571	20073	39970	3408	9092	-14276	80.36	27.4
13656	64558	20049	39959	3408	9092	-14276	80.36	27.4
13646	64560	20064	39954	3432	9060	-14120	80.36	27.4
13706	64563	20041	39962	3432	9060	-14120	80.36	27.4
13688	64588	20050	39953	3468	9104	-14256	80.36	27.4
13683	64579	20060	39962	3468	9104	-14256	80.36	27.4
13682	64584	20062	39975	3488	9040	-14304	80.36	27.4
13660	64591	20054	39964	3488	9040	-14304	80.36	27.4
13679	64584	20064	39963	3468	9072	-14216	80.36	27.4
13653	64578	20062	39969	3468	9072	-14216	80.36	27.4
13678	64602	20062	39973	3540	9040	-14348	80.36	27.4
13668	64578	20063	39973	3540	9040	-14348	80.36	27.4
13689	64594	20090	39977	3476	8988	-14356	80.36	27.4
13694	64591	20073	39981	3476	8988	-14356	80.36	27.4
13714	64603	20091	39988	3460	9084	-14240	80.36	27.4
13706	64605	20100	39978	3460	9084	-14240	80.36	27.4
13744	64610	20101	39991	3468	9092	-14120	80.36	27.4
13739	64619	20093	39985	3468	9092	-14120	80.36	27.4
13754	64643	20118	39994	3452	9104	-14384	80.36	27.4
13749	64632	20104	39988	3452	9104	-14384	80.36	27.4
13773	64631	20119	40012	3344	9092	-14252	80.36	27.4
13756	64649	20094	40004	3344	9092	-14252	80.36	27.4
13783	64677	20120	40005	3392	9004	-14160	80.36	27.4
13777	64663	20136	40011	3392	9004	-14160	80.36	27.4
13802	64686	20147	40015	3336	9152	-14180	80.36	27.4
13814	64681	20153	40013	3336	9152	-14180	80.36	27.4
13832	64661	20138	40040	3316	9264	-14092	80.36	27.4
13827	64689	20143	40027	3316	9264	-14092	80.36	27.4
13829	64700	20140	40020	3456	8944	-14240	80.36	27.4
13839	64696	20154	40044	3456	8944	-14240	80.36	27.4
13784	64708	20126	40054	3460	9112	-14328	80.36	27.4
13843	64725	20159	40039	3460	9112	-14328	80.36	27.4
13867	64729	20171	40055	3472	9044	-14200	80.36	27.4
13867	64729	20216	40049	3472	9044	-14200	80.36	27.4
13856	64721	20229	40052	3472	9032	-14392	80.36	27.4
13859	64737	20212	40053	3472	9032	-14392	80.36	27.4
13861	64706	20219	40054	3516	9120	-14280	80.36	27.4
13842	64689	20198	40038	3516	9120	-14280	80.36	27.4
13824	64699	20186	40034	3452	9092	-14272	80.36	27.4
13825	64682	20173	40032	3452	9092	-14272	80.36	27.4
13806	64686	20170	40033	3552	9016	-14108	80.36	27.4
13812	64687	20169	40031	3552	9016	-14108	80.36	27.4
13832	64701	20179	40051	3516	9056	-14276	80.36	27.4
13811	64699	20185	40036	3516	9056	-14276	80.36	27.4
13853	64693	20187	40029	3372	9124	-14280	80.36	27.4
13844	64704	20191	40030	3372	9124	-14280	79.88	27.4
13849	64712	20201	40046	3468	9136	-14312	79.88	27.4
13850	64710	20190	40034	3468	9136	-14312	79.88	27.4
13854	64691	20174	40026	3436	9148	-14184	79.88	27.4
13854	64700	20196	40042	3436	9148	-14184	79.88	27.4
13867	64700	20200	40043	3384	9084	-14268	79.88	27.4
13857	64688	20213	40046	3384	9084	-14268	79.88	27.4
13861	64687	20190	40047	3516	9212	-14192	79.88	27.4
13862	64684	20207	40048	3516	9212	-14192	79.88	27.4
13913	64688	20195	40052	3392	8936	-14284	79.88	27.4
13891	64712	20208	40044	3392	8936	-14284	79.88	27.4
13919	64707	20238	40070	3424	9144	-14212	79.88	27.4
13891	64702	20210	40052	3424	9144	-14212	79.88	27.4
13921	64711	20234	40061	3492	9036	-14196	79.88	27.4
13913	64732	20246	40059	3492	9036	-14196	79.88	27.4
13925	64736	20213	40075	3472	9104	-14188	79.88	27.4
13915	64732	20224	40056	3472	9104	-14188	79.88	27.4
13950	64741	20234	40066	3556	9100	-14368	79.88	27.4
13929	64740	20254	40076	3556	9100	-14368	79.88	27.4
13968	64765	20248	40064	3504	9052	-14248	79.88	27.4
13969	64769	20263	40072	3504	9052	-14248	79.88	27.4
13963	64767	20240	40085	3428	9188	-14180	79.88	27.4
13969	64768	20232	40087	3428	9188	-14180	79.88	27.4
13978	64783	20252	40100	3352	9076	-14240	79.88	27.4
13988	64816	20242	40099	3352	9076	-14240	79.88	27.4
14010	64818	20262	40114	3404	9076	-14208	79.88	27.4
14001	64784	20265	40081	3404	9076	-14208	79.88	27.4
13996	64806	20278	40096	3456	9152	-14272	79.88	27.4
13999	64790	20304	40102	3456	9152	-14272	79.88	27.4
13997	64787	20300	40089	3472	9092	-14388	79.88	27.4
13996	64783	20297	40103	3472	9092	-14388	79.88	27.4
13985	64769	20299	40113	3480	9072	-14248	79.88	27.4
13988	64754	20291	40100	3480	9072	-14248	79.88	27.4
13965	64734	20282	40077	3472	9136	-14388	79.88	27.4
13968	64784	20281	40097	3472	9136	-14388	79.88	27.4
13973	64752	20269	40095	3440	9020	-14340	79.88	27.4
13958	64758	20292	40103	3440	9020	-14340	79.88	27.4
13944	64745	20271	40087	3448	9084	-14248	79.88	27.4
13954	64752	20248	40097	3448	9084	-14248	79.88	27.4
13937	64742	20262	40099	3488	9080	-14320	79.88	27.4
13952	64767	20280	40102	3488	9080	-14320	79.88	27.4
13962	64750	20266	40083	3428	9104	-14320	79.88	27.4
13983	64749	20241	40106	3428	9104	-14320	79.88	27.4
13950	64736	20255	40113	3436	9196	-14132	79.88	27.4
13958	64739	20251	40109	3436	9196	-14132	79.88	27.4
13997	64744	20216	40108	3384	9144	-14188	79.88	27.4
13958	64747	20238	40102	3384	9144	-14188	79.88	27.4
13969	64753	20229	40098	3500	9084	-14124	79.88	27.4
13974	64754	20252	40107	3500	9084	-14124	79.88	27.4
13961	64755	20237	40108	3392	8976	-14232	79.88	27.4
13976	64770	20257	40105	3392	8976	-14232	79.37	28.3
13995	64769	20243	40107	3488	9080	-14380	79.37	28.3
13986	64783	20241	40108	3488	9080	-14380	79.37	28.3
14019	64793	20249	40109	3484	9080	-14280	79.37	28.3
14018	64789	20209	40123	3484	9080	-14280	79.37	28.3
14006	64788	20239	40134	3484	9112	-14228	79.37	28.3
14029	64800	20261	40143	3484	9112	-14228	79.37	28.3
14045	64809	20244	40141	3540	9004	-14224	79.37	28.3
14051	64834	20261	40135	3540	9004	-14224	79.37	28.3
14056	64833	20264	40147	3456	9228	-14224	79.37	28.3
14046	64833	20245	40148	3456	9228	-14224	79.37	28.3
14073	64850	20227	40154	3412	9116	-14144	79.37	28.3
14056	64855	20233	40153	3412	9116	-14144	79.37	28.3
14077	64867	20213	40163	3564	9092	-14236	79.37	28.3
14070	64864	20197	40192	3564	9092	-14236	79.37	28.3
14022	64866	20192	40151	3352	9072	-14152	79.37	28.3
13996	64880	20190	40185	3352	9072	-14152	79.37	28.3
14027	64888	20181	40167	3532	9128	-14284	79.37	28.3
13987	64884	20195	40183	3532	9128	-14284	79.37	28.3
13992	64871	20188	40187	3488	8988	-14468	79.37	28.3
13968	64866	20186	40180	3488	8988	-14468	79.37	28.3
13986	64865	20201	40161	3488	9076	-14344	79.37	28.3
13999	64858	20195	40185	3488	9076	-14344	79.37	28.3
14003	64865	20145	40168	3492	9088	-14060	79.37	28.3
13987	64879	20183	40184	3492	9088	-14060	79.37	28.3
13989	64861	20166	40182	3424	9036	-14152	79.37	28.3
13989	64874	20163	40209	3424	9036	-14152	79.37	28.3
13995	64871	20177	40197	3416	9212	-14172	79.37	28.3
14015	64892	20142	40206	3416	9212	-14172	79.37	28.3
14032	64888	20164	40213	3496	9044	-14216	79.37	28.3
14012	64875	20178	40210	3496	9044	-14216	79.37	28.3
14025	64885	20170	40204	3396	9268	-14208	79.37	28.3
14020	64891	20155	40209	3396	9268	-14208	79.37	28.3
14011	64894	20134	40203	3624	9208	-14348	79.37	28.3
14025	64891	20139	40223	3624	9208	-14348	79.37	28.3
14006	64894	20152	40228	3508	9052	-14116	79.37	28.3
14026	64892	20145	40212	3508	9052	-14116	79.37	28.3
14026	64912	20143	40223	3572	9092	-14224	79.37	28.3
14028	64927	20117	40234	3572	9092	-14224	79.37	28.3
14019	64924	20125	40242	3288	9040	-14228	79.37	28.3
14009	64930	20112	40239	3288	9040	-14228	79.37	28.3
14010	64931	20106	40215	3492	9120	-14328	79.37	28.3
13963	64934	20100	40245	3492	9120	-14328	79.37	28.3
13998	64928	20060	40230	3308	9080	-14104	79.37	28.3
13983	64963	20046	40249	3308	9080	-14104	79.37	28.3
13989	64965	20068	40262	3276	9164	-14312	79.37	28.3
13995	64963	20074	40249	3276	9164	-14312	79.37	28.3
14017	64989	20058	40279	3376	9152	-14184	79.37	28.3
13986	64984	20059	40282	3376	9152	-14184	79.37	28.3
14040	64990	20077	40277	3520	9080	-14400	79.37	28.3
14037	64987	20072	40277	3520	9080	-14400	78.95	31.3
14035	65026	20066	40284	3536	9048	-14132	78.95	31.3
14023	65029	20089	40284	3536	9048	-14132	78.95	31.3
14023	65041	20069	40306	3396	9116	-14216	78.95	31.3
14053	65066	20074	40301	3396	9116	-14216	78.95	31.3
14035	65059	20061	40316	3416	9084	-14160	78.95	31.3
14062	65056	20046	40323	3416	9084	-14160	78.95	31.3
14090	65082	20079	40346	3452	9164	-14176	78.95	31.3
14075	65085	20090	40323	3452	9164	-14176	78.95	31.3
14084	65087	20095	40322	3500	9152	-14100	78.95	31.3
14076	65068	20094	40317	3500	9152	-14100	78.95	31.3
14065	65077	20085	40321	3436	9016	-14124	78.95	31.3
14066	65089	20072	40333	3436	9016	-14124	78.95	31.3
14030	65077	20051	40329	3512	9132	-14212	78.95	31.3
13987	65060	20030	40327	3512	9132	-14212	78.95	31.3
13991	65085	20024	40352	3464	9040	-14224	78.95	31.3
13983	65076	20015	40328	3464	9040	-14224	78.95	31.3
13988	65077	20015	40345	3400	9168	-14368	78.95	31.3
13936	65086	19990	40341	3400	9168	-14368	78.95	31.3
13977	65073	19986	40331	3408	9088	-14224	78.95	31.3
13961	65074	19953	40334	3408	9088	-14224	78.95	31.3
13944	65079	19953	40338	3504	9096	-14128	78.95	31.3
13888	65090	19930	40338	3504	9096	-14128	78.95	31.3
13885	65074	19929	40357	3472	9080	-14248	78.95	31.3
13901	65090	19947	40350	3472	9080	-14248	78.95	31.3
13923	65066	19915	40337	3420	9016	-14424	78.95	31.3
13939	65106	19944	40343	3420	9016	-14424	78.95	31.3
13935	65088	19940	40352	3496	9128	-14184	78.95	31.3
13947	65101	19967	40353	3496	9128	-14184	78.95	31.3
13961	65090	19974	40365	3468	9140	-14336	78.95	31.3
13966	65110	19989	40362	3468	9140	-14336	78.95	31.3
13953	65119	19974	40365	3416	9124	-14280	78.95	31.3
13967	65114	19994	40361	3416	9124	-14280	78.95	31.3
13975	65123	20010	40384	3500	9064	-14136	78.95	31.3
14003	65118	19999	40365	3500	9064	-14136	78.95	31.3
14016	65146	20009	40371	3480	9040	-14220	78.95	31.3
14018	65137	20039	40365	3480	9040	-14220	78.95	31.3
14033	65152	20042	40389	3392	9060	-14344	78.95	31.3
14044	65162	20064	40373	3392	9060	-14344	78.95	31.3
14056	65165	20063	40399	3468	9112	-14052	78.95	31.3
14082	65156	20065	40400	3468	9112	-14052	78.95	31.3
14056	65180	20068	40403	3376	9068	-14360	78.95	31.3
14059	65181	20074	40394	3376	9068	-14360	78.95	31.3
14074	65192	20083	40408	3508	9096	-14420	78.95	31.3
14096	65195	20096	40414	3508	9096	-14420	78.95	31.3
14071	65208	20077	40415	3464	8984	-14248	78.95	31.3
14101	65221	20120	40407	3464	8984	-14248	78.95	31.3
14120	65227	20142	40405	3480	9136	-14100	78.95	31.3
14116	65191	20155	40404	3480	9136	-14100	78.95	31.3
14064	65196	20124	40422	3428	9240	-14112	78.95	31.3
14081	65187	20140	40392	3428	9240	-14112	77.59	32.4
14037	65192	20127	40421	3456	9260	-14216	77.59	32.4
14038	65164	20115	40398	3456	9260	-14216	77.59	32.4
14032	65166	20135	40411	3464	9088	-14328	77.59	32.4
14046	65155	20117	40420	3464	9088	-14328	77.59	32.4
14057	65168	20112	40414	3472	8900	-14272	77.59	32.4
14015	65183	20123	40419	3472	8900	-14272	77.59	32.4
14042	65154	20098	40416	3524	8844	-14440	77.59	32.4
13984	65164	20079	40414	3524	8844	-14440	77.59	32.4
14027	65157	20109	40416	3492	8904	-14356	77.59	32.4
14063	65170	20115	40414	3492	8904	-14356	77.59	32.4
14043	65168	20126	40434	3416	9120	-14296	77.59	32.4
14041	65167	20114	40409	3416	9120	-14296	77.59	32.4
14008	65149	20109	40423	3480	9128	-14028	77.59	32.4
14039	65167	20089	40411	3480	9128	-14028	77.59	32.4
14018	65170	20084	40405	3428	9080	-14160	77.59	32.4
14006	65157	20086	40420	3428	9080	-14160	77.59	32.4
14023	65149	20107	40416	3420	8924	-14400	77.59	32.4
14035	65171	20110	40420	3420	8924	-14400	77.59	32.4
14050	65160	20109	40441	3472	9052	-14360	77.59	32.4
14052	65181	20091	40408	3472	9052	-14360	77.59	32.4
14018	65193	20073	40436	3508	9056	-14296	77.59	32.4
14062	65180	20094	40422	3508	9056	-14296	77.59	32.4
14038	65192	20068	40433	3532	9048	-14264	77.59	32.4
14069	65192	20085	40432	3532	9048	-14264	77.59	32.4
14038	65190	20095	40455	3528	8996	-14192	77.59	32.4
14085	65210	20111	40434	3528	8996	-14192	77.59	32.4
14093	65195	20100	40443	3448	9004	-14112	77.59	32.4
14073	65212	20102	40430	3448	9004	-14112	77.59	32.4
14058	65193	20119	40433	3420	9016	-14292	77.59	32.4
14073	65219	20094	40465	3420	9016	-14292	77.59	32.4
14099	65228	20117	40452	3496	9104	-14156	77.59	32.4
14130	65239	20125	40469	3496	9104	-14156	77.59	32.4
14112	65239	20122	40467	3540	9036	-14256	77.59	32.4
14103	65256	20127	40450	3540	9036	-14256	77.59	32.4
14104	65253	20165	40476	3436	9080	-14152	77.59	32.4
14112	65244	20169	40462	3436	9080	-14152	77.59	32.4
14090	65225	20214	40482	3340	9108	-14288	77.59	32.4
14065	65222	20189	40477	3340	9108	-14288	77.59	32.4
14074	65201	20160	40460	3480	9064	-14320	77.59	32.4
14049	65194	20125	40453	3480	9064	-14320	77.59	32.4
14050	65185	20137	40451	3400	8980	-14324	77.59	32.4
14018	65183	20138	40453	3400	8980	-14324	77.59	32.4
14047	65178	20133	40462	3472	9072	-14168	77.59	32.4
14008	65173	20114	40439	3472	9072	-14168	77.59	32.4
14006	65154	20120	40452	3456	9104	-14252	77.59	32.4
14004	65138	20119	40462	3456	9104	-14252	77.59	32.4
13984	65148	20098	40444	3480	9100	-14328	77.59	32.4
13986	65159	20094	40433	3480	9100	-14328	77.59	32.4
13976	65141	20109	40442	3508	9136	-14344	77.59	32.4
13973	65132	20095	40442	3508	9136	-14344	76.92	40.6
13972	65129	20090	40444	3384	8940	-14308	76.92	40.6
13952	65111	20081	40441	3384	8940	-14308	76.92	40.6
13909	65109	20075	40446	3460	9032	-14304	76.92	40.6
13930	65106	20067	40450	3460	9032	-14304	76.92	40.6
13943	65124	20081	40461	3464	9196	-14356	76.92	40.6
13966	65111	20077	40434	3464	9196	-14356	76.92	40.6
13952	65117	20069	40436	3424	9036	-14060	76.92	40.6
13982	65120	20077	40444	3424	9036	-14060	76.92	40.6
13939	65102	20080	40453	3416	9164	-14280	76.92	40.6
13961	65114	20075	40450	3416	9164	-14280	76.92	40.6
13987	65111	20056	40448	3364	9048	-14252	76.92	40.6
13992	65115	20079	40442	3364	9048	-14252	76.92	40.6
13981	65105	20071	40428	3412	9056	-14248	76.92	40.6
13961	65133	20063	40450	3412	9056	-14248	76.92	40.6
13973	65122	20068	40455	3396	9116	-14184	76.92	40.6
13990	65136	20070	40464	3396	9116	-14184	76.92	40.6
13996	65125	20068	40479	3472	9060	-14192	76.92	40.6
13991	65166	20071	40473	3472	9060	-14192	76.92	40.6
14030	65147	20068	40451	3476	9092	-14100	76.92	40.6
14024	65128	20052	40461	3476	9092	-14100	76.92	40.6
14024	65146	20082	40490	3496	9112	-14220	76.92	40.6
14012	65189	20067	40476	3496	9112	-14220	76.92	40.6
14033	65166	20071	40476	3424	9116	-14248	76.92	40.6
14037	65198	20073	40509	3424	9116	-14248	76.92	40.6
14059	65196	20066	40492	3420	9036	-14376	76.92	40.6
14069	65202	20121	40490	3420	9036	-14376	76.92	40.6
14042	65175	20116	40502	3496	9040	-14196	76.92	40.6
14036	65157	20115	40481	3496	9040	-14196	76.92	40.6
14001	65153	20068	40485	3396	9132	-14024	76.92	40.6
13989	65131	20077	40471	3396	9132	-14024	76.92	40.6
14000	65127	20066	40459	3348	9100	-14256	76.92	40.6
13976	65105	20022	40469	3348	9100	-14256	76.92	40.6
13957	65113	20011	40483	3424	9168	-14224	76.92	40.6
13928	65110	20001	40476	3424	9168	-14224	76.92	40.6
13921	65101	20016	40481	3408	9016	-14412	76.92	40.6
13901	65105	19958	40457	3408	9016	-14412	76.92	40.6
13869	65107	19952	40479	3516	9080	-14176	76.92	40.6
13871	65079	19974	40479	3516	9080	-14176	76.92	40.6
13889	65101	19939	40487	3440	9112	-14228	76.92	40.6
13863	65079	19954	40479	3440	9112	-14228	76.92	40.6
13852	65074	19927	40489	3448	9108	-14216	76.92	40.6
13846	65049	19931	40446	3448	9108	-14216	76.92	40.6
13848	65068	19907	40467	3524	9008	-14312	76.92	40.6
13837	65077	19915	40468	3524	9008	-14312	76.92	40.6
13840	65056	19891	40450	3420	9088	-14292	76.92	40.6
13844	65066	19890	40473	3420	9088	-14292	76.92	40.6
13830	65084	19882	40471	3424	9084	-14312	76.92	40.6
13847	65078	19912	40452	3424	9084	-14312	76.92	40.6
13839	65081	19903	40493	3444	9048	-14180	76.92	40.6
13864	65068	19904	40479	3444	9048	-14180	76.06	33.9
13850	65084	19910	40480	3336	9044	-14184	76.06	33.9
13847	65077	19894	40490	3336	9044	-14184	76.06	33.9
13853	65067	19876	40465	3420	9152	-14316	76.06	33.9
13826	65085	19873	40472	3420	9152	-14316	76.06	33.9
13864	65088	19874	40491	3420	9032	-14384	76.06	33.9
13872	65095	19857	40500	3420	9032	-14384	76.06	33.9
13843	65100	19843	40501	3420	9056	-14236	76.06	33.9
13845	65105	19866	40502	3420	9056	-14236	76.06	33.9
13859	65134	19858	40505	3488	9100	-14340	76.06	33.9
13850	65123	19862	40504	3488	9100	-14340	76.06	33.9
13827	65129	19849	40512	3512	9064	-14256	76.06	33.9
13825	65155	19857	40506	3512	9064	-14256	76.06	33.9
13828	65157	19833	40510	3368	9136	-14264	76.06	33.9
13865	65148	19852	40531	3368	9136	-14264	76.06	33.9
13859	65154	19861	40509	3480	9096	-14268	76.06	33.9
13858	65152	19889	40524	3480	9096	-14268	76.06	33.9
13825	65120	19895	40514	3428	9104	-14304	76.06	33.9
13828	65123	19888	40520	3428	9104	-14304	76.06	33.9
13784	65086	19849	40506	3384	9112	-14076	76.06	33.9
13751	65085	19813	40511	3384	9112	-14076	76.06	33.9
13693	65084	19784	40483	3452	9052	-14172	76.06	33.9
13660	65037	19752	40476	3452	9052	-14172	76.06	33.9
13644	65038	19745	40502	3464	9148	-14104	76.06	33.9
13635	65042	19750	40484	3464	9148	-14104	76.06	33.9
13629	65026	19726	40481	3336	9104	-14240	76.06	33.9
13622	65029	19703	40461	3336	9104	-14240	76.06	33.9
13577	65010	19723	40473	3412	9168	-14280	76.06	33.9
13589	64983	19710	40474	3412	9168	-14280	76.06	33.9
13564	64989	19706	40464	3432	9124	-14148	76.06	33.9
13564	64983	19725	40443	3432	9124	-14148	76.06	33.9
13551	64975	19697	40462	3476	9048	-14324	76.06	33.9
13527	64938	19710	40445	3476	9048	-14324	76.06	33.9
13515	64940	19703	40452	3456	9088	-14136	76.06	33.9
13538	64956	19706	40445	3456	9088	-14136	76.06	33.9
13522	64986	19711	40428	3456	9012	-14284	76.06	33.9
13532	64939	19693	40440	3456	9012	-14284	76.06	33.9
13503	64934	19677	40425	3504	9204	-14108	76.06	33.9
13471	64929	19675	40440	3504	9204	-14108	76.06	33.9
13477	64939	19684	40421	3496	9168	-14264	76.06	33.9
13482	64909	19649	40430	3496	9168	-14264	76.06	33.9
13459	64933	19647	40424	3420	9112	-14256	76.06	33.9
13469	64907	19646	40415	3420	9112	-14256	76.06	33.9
13466	64920	19641	40448	3452	9080	-14136	76.06	33.9
13477	64918	19656	40422	3452	9080	-14136	76.06	33.9
13480	64899	19653	40433	3464	9100	-14144	76.06	33.9
13465	64909	19649	40434	3464	9100	-14144	76.06	33.9
13438	64900	19638	40430	3552	9160	-14380	76.06	33.9
13416	64916	19613	40425	3552	9160	-14380	76.06	33.9
13423	64914	19640	40439	3356	9064	-14344	76.06	33.9
13422	64898	19622	40429	3356	9064	-14344	66.67	502.5
13428	64913	19631	40398	3436	9096	-14328	66.67	502.5
13433	64927	19612	40433	3436	9096	-14328	66.67	502.5
13401	64920	19649	40425	3448	9096	-14332	66.67	502.5
13418	64884	19665	40424	3448	9096	-14332	66.67	502.5
13392	64879	19681	40390	3376	9120	-14152	66.67	502.5
13386	64861	19658	40405	3376	9120	-14152	66.67	502.5
13352	64847	19641	40406	3296	8984	-14092	66.67	502.5
13331	64809	19631	40374	3296	8984	-14092	66.67	502.5
13291	64794	19618	40352	3432	9112	-14384	66.67	502.5
13268	64776	19594	40354	3432	9112	-14384	66.67	502.5
13250	64781	19556	40354	3568	9180	-14212	66.67	502.5
13241	64753	19560	40348	3568	9180	-14212	66.67	502.5
13234	64752	19581	40351	3380	9068	-14308	66.67	502.5
13210	64747	19556	40339	3380	9068	-14308	66.67	502.5
13206	64749	19550	40355	3456	9104	-14088	66.67	502.5
13209	64728	19542	40333	3456	9104	-14088	66.67	502.5
13223	64704	19553	40336	3404	9100	-14308	66.67	502.5
13195	64709	19553	40327	3404	9100	-14308	66.67	502.5
13190	64689	19539	40319	3464	9116	-14324	66.67	502.5
13149	64683	19533	40309	3464	9116	-14324	66.67	502.5
13148	64671	19515	40310	3332	9024	-14156	66.67	502.5
13195	64665	19538	40294	3332	9024	-14156	66.67	502.5
13177	64678	19547	40301	3460	9116	-14276	66.67	502.5
13209	64652	19556	40311	3460	9116	-14276	66.67	502.5
13181	64677	19585	40299	3528	9096	-14380	66.67	502.5
13202	64653	19560	40303	3528	9096	-14380	66.67	502.5
13203	64642	19568	40301	3476	8924	-14316	66.67	502.5
13210	64675	19591	40306	3476	8924	-14316	66.67	502.5
13216	64664	19568	40288	3464	9036	-14196	66.67	502.5
13230	64664	19563	40296	3464	9036	-14196	66.67	502.5
13245	64663	19573	40319	3392	9132	-14252	66.67	502.5
13261	64669	19567	40297	3392	9132	-14252	66.67	502.5
13235	64666	19568	40300	3352	9048	-14216	66.67	502.5
13232	64663	19552	40302	3352	9048	-14216	66.67	502.5
13227	64655	19566	40296	3488	9076	-14200	66.67	502.5
13239	64675	19571	40296	3488	9076	-14200	66.67	502.5
13254	64679	19560	40284	3516	9100	-14224	66.67	502.5
13217	64679	19541	40300	3516	9100	-14224	66.67	502.5
13230	64681	19561	40294	3336	9060	-14288	66.67	502.5
13254	64694	19563	40297	3336	9060	-14288	66.67	502.5
13225	64679	19564	40301	3536	9136	-14232	66.67	502.5
13275	64666	19595	40311	3536	9136	-14232	66.67	502.5
13218	64666	19589	40269	3324	9140	-14244	66.67	502.5
13213	64637	19616	40275	3324	9140	-14244	66.67	502.5
13204	64604	19579	40259	3392	8980	-14228	66.67	502.5
13148	64593	19544	40251	3392	8980	-14228	66.67	502.5
13106	64563	19523	40246	3468	9048	-14268	66.67	502.5
13083	64549	19510	40229	3468	9048	-14268	66.67	502.5
13053	64518	19473	40235	3476	9084	-14168	66.67	502.5
13051	64516	19473	40230	3476	9084	-14168	67.99	465.2
13036	64505	19474	40232	3428	9024	-14176	67.99	465.2
13016	64508	19452	40222	3428	9024	-14176	67.99	465.2
13010	64495	19440	40220	3436	9144	-14184	67.99	465.2
13013	64482	19435	40202	3436	9144	-14184	67.99	465.2
13011	64483	19448	40204	3496	9120	-14184	67.99	465.2
13000	64484	19467	40198	3496	9120	-14184	67.99	465.2
12998	64463	19455	40186	3448	9016	-14180	67.99	465.2
12987	64463	19448	40211	3448	9016	-14180	67.99	465.2
13027	64438	19453	40191	3420	9088	-14212	67.99	465.2
12995	64427	19439	40178	3420	9088	-14212	67.99	465.2
13014	64442	19438	40176	3484	9116	-14232	67.99	465.2
13001	64421	19451	40168	3484	9116	-14232	67.99	465.2
13017	64435	19490	40193	3472	9092	-14144	67.99	465.2
13045	64448	19472	40169	3472	9092	-14144	67.99	465.2
13060	64442	19486	40173	3444	9104	-14356	67.99	465.2
13069	64442	19503	40172	3444	9104	-14356	67.99	465.2
13098	64440	19502	40147	3516	9016	-14120	67.99	465.2
13097	64439	19517	40168	3516	9016	-14120	67.99	465.2
13060	64455	19486	40159	3504	9168	-14228	67.99	465.2
13076	64453	19508	40172	3504	9168	-14228	67.99	465.2
13086	64477	19522	40156	3472	9104	-14216	67.99	465.2
13094	64468	19507	40169	3472	9104	-14216	67.99	465.2
13105	64481	19521	40179	3428	8984	-14288	67.99	465.2
13127	64489	19539	40189	3428	8984	-14288	67.99	465.2
13144	64490	19537	40183	3436	9052	-14112	67.99	465.2
13123	64462	19526	40171	3436	9052	-14112	67.99	465.2
13124	64497	19521	40174	3416	9156	-14256	67.99	465.2
13131	64483	19508	40193	3416	9156	-14256	67.99	465.2
13156	64511	19547	40193	3460	9168	-14312	67.99	465.2
13166	64491	19544	40198	3460	9168	-14312	67.99	465.2
13180	64532	19554	40202	3540	9184	-14184	67.99	465.2
13184	64500	19587	40197	3540	9184	-14184	67.99	465.2
13173	64501	19596	40169	3368	9120	-14308	67.99	465.2
13176	64492	19610	40173	3368	9120	-14308	67.99	465.2
13152	64460	19591	40149	3504	9148	-14160	67.99	465.2
13126	64456	19556	40156	3504	9148	-14160	67.99	465.2
13098	64427	19514	40165	3404	9096	-14260	67.99	465.2
13034	64439	19522	40146	3404	9096	-14260	67.99	465.2
13070	64412	19497	40151	3504	9072	-14232	67.99	465.2
13012	64402	19466	40135	3504	9072	-14232	67.99	465.2
13001	64416	19470	40141	3480	9112	-14240	67.99	465.2
13027	64401	19463	40132	3480	9112	-14240	67.99	465.2
12986	64399	19451	40131	3500	9040	-14280	67.99	465.2
13023	64383	19452	40125	3500	9040	-14280	67.99	465.2
12996	64397	19436	40118	3448	9004	-14104	67.99	465.2
13006	64387	19464	40131	3448	9004	-14104	67.99	465.2
13036	64375	19467	40124	3336	9140	-14268	67.99	465.2
12996	64389	19451	40116	3336	9140	-14268	67.99	465.2
13011	64388	19435	40124	3452	9044	-14068	67.99	465.2
12987	64377	19445	40114	3452	9044	-14068	75.95	31.2
13035	64372	19418	40116	3468	9116	-14256	75.95	31.2
13034	64395	19434	40101	3468	9116	-14256	75.95	31.2
13014	64376	19420	40124	3476	9160	-14200	75.95	31.2
13048	64387	19411	40115	3476	9160	-14200	75.95	31.2
13015	64394	19424	40112	3372	9144	-14184	75.95	31.2
13050	64389	19400	40119	3372	9144	-14184	75.95	31.2
13054	64409	19430	40109	3480	9056	-14256	75.95	31.2
13048	64421	19425	40130	3480	9056	-14256	75.95	31.2
13082	64428	19448	40153	3520	9140	-14352	75.95	31.2
13094	64445	19432	40147	3520	9140	-14352	75.95	31.2
13095	64452	19457	40118	3420	9036	-14208	75.95	31.2
13111	64452	19483	40150	3420	9036	-14208	75.95	31.2
13154	64476	19469	40138	3456	8992	-14288	75.95	31.2
13175	64480	19482	40138	3456	8992	-14288	75.95	31.2
13156	64486	19489	40153	3416	9088	-14292	75.95	31.2
13177	64495	19502	40164	3416	9088	-14292	75.95	31.2
13186	64508	19485	40152	3428	9144	-14092	75.95	31.2
13185	64514	19512	40163	3428	9144	-14092	75.95	31.2
13189	64536	19505	40169	3348	9064	-14316	75.95	31.2
13189	64543	19510	40181	3348	9064	-14316	75.95	31.2
13229	64558	19522	40180	3412	9088	-14176	75.95	31.2
13242	64566	19502	40193	3412	9088	-14176	75.95	31.2
13253	64582	19545	40185	3492	9064	-14176	75.95	31.2
13284	64578	19606	40179	3492	9064	-14176	75.95	31.2
13271	64572	19617	40180	3472	9012	-14268	75.95	31.2
13281	64541	19610	40176	3472	9012	-14268	75.95	31.2
13264	64525	19598	40185	3468	9076	-14244	75.95	31.2
13219	64515	19611	40169	3468	9076	-14244	75.95	31.2
13207	64525	19563	40147	3364	9024	-14160	75.95	31.2
13167	64514	19557	40145	3364	9024	-14160	75.95	31.2
13185	64521	19517	40170	3488	9052	-14420	75.95	31.2
13201	64534	19550	40147	3488	9052	-14420	75.95	31.2
13149	64515	19524	40162	3492	9044	-14236	75.95	31.2
13153	64504	19504	40155	3492	9044	-14236	75.95	31.2
13163	64486	19537	40150	3520	9152	-14268	75.95	31.2
13103	64486	19508	40159	3520	9152	-14268	75.95	31.2
13113	64485	19512	40130	3368	9108	-14192	75.95	31.2
13152	64501	19515	40152	3368	9108	-14192	75.95	31.2
13109	64482	19508	40126	3484	9052	-14340	75.95	31.2
13089	64459	19524	40136	3484	9052	-14340	75.95	31.2
13097	64457	19508	40112	3424	9100	-14284	75.95	31.2
13073	64458	19484	40132	3424	9100	-14284	75.95	31.2
13062	64450	19496	40115	3500	9044	-14356	75.95	31.2
13100	64461	19508	40117	3500	9044	-14356	75.95	31.2
13116	64459	19553	40117	3468	9048	-14208	75.95	31.2
13115	64466	19552	40113	3468	9048	-14208	75.95	31.2
13132	64490	19562	40109	3464	9044	-14208	75.95	31.2
13152	64469	19582	40113	3464	9044	-14208	75.95	31.2
13151	64483	19587	40118	3428	9104	-14236	75.95	31.2
13142	64507	19579	40116	3428	9104	-14236	76.19	18.5
13163	64491	19628	40126	3444	9028	-14280	76.19	18.5
13177	64502	19589	40129	3444	9028	-14280	76.19	18.5
13185	64522	19621	40122	3480	9160	-14240	76.19	18.5
13194	64516	19628	40135	3480	9160	-14240	76.19	18.5
13199	64519	19644	40145	3428	9100	-14180	76.19	18.5
13230	64532	19694	40144	3428	9100	-14180	76.19	18.5
13235	64520	19705	40121	3528	9004	-14316	76.19	18.5
13305	64566	19761	40138	3528	9004	-14316	76.19	18.5
13335	64558	19809	40142	3452	9132	-14220	76.19	18.5
13370	64599	19872	40168	3452	9132	-14220	76.19	18.5
13414	64596	19902	40159	3456	9112	-14296	76.19	18.5
13423	64600	19964	40174	3456	9112	-14296	76.19	18.5
13474	64599	19992	40161	3376	9084	-14144	76.19	18.5
13470	64597	20022	40145	3376	9084	-14144	76.19	18.5
13472	64581	20037	40136	3492	9116	-14140	76.19	18.5
13471	64574	20031	40138	3492	9116	-14140	76.19	18.5
13442	64572	20023	40139	3464	9060	-14180	76.19	18.5
13422	64562	20034	40117	3464	9060	-14180	76.19	18.5
13429	64541	20016	40136	3520	9072	-14216	76.19	18.5
13421	64548	20005	40122	3520	9072	-14216	76.19	18.5
13447	64543	20008	40133	3488	9112	-14168	76.19	18.5
13439	64535	20010	40112	3488	9112	-14168	76.19	18.5
13458	64537	20006	40119	3520	9052	-14232	76.19	18.5
13451	64532	19994	40113	3520	9052	-14232	76.19	18.5
13443	64537	20004	40121	3544	9060	-14352	76.19	18.5
13446	64546	20014	40109	3544	9060	-14352	76.19	18.5
13477	64534	20006	40106	3460	9064	-14236	76.19	18.5
13427	64526	19983	40107	3460	9064	-14236	76.19	18.5
13432	64510	19964	40103	3464	9056	-14272	76.19	18.5
13426	64519	19969	40105	3464	9056	-14272	76.19	18.5
13442	64515	19974	40099	3496	9080	-14272	76.19	18.5
13442	64522	19964	40094	3496	9080	-14272	76.19	18.5
13443	64507	19973	40100	3492	9096	-14384	76.19	18.5
13444	64526	19976	40109	3492	9096	-14384	76.19	18.5
13466	64541	19981	40130	3540	9092	-14276	76.19	18.5
13495	64545	19989	40090	3540	9092	-14276	76.19	18.5
13491	64546	20001	40128	3408	9128	-14312	76.19	18.5
13520	64540	19987	40103	3408	9128	-14312	76.19	18.5
13496	64534	19987	40122	3428	9088	-14292	76.19	18.5
13520	64548	19997	40124	3428	9088	-14292	76.19	18.5
13490	64555	20010	40135	3476	9120	-14268	76.19	18.5
13550	64567	20025	40122	3476	9120	-14268	76.19	18.5
13539	64592	20023	40112	3500	9124	-14248	76.19	18.5
13569	64578	20031	40142	3500	9124	-14248	76.19	18.5
13560	64586	20036	40122	3448	9104	-14272	76.19	18.5
13571	64595	20042	40120	3448	9104	-14272	76.19	18.5
13591	64605	20051	40138	3500	9012	-14248	76.19	18.5
13578	64606	20059	40135	3500	9012	-14248	76.19	18.5
13610	64625	20071	40143	3472	9036	-14104	76.19	18.5
13626	64645	20076	40150	3472	9036	-14104	75.84	25.5
13626	64639	20098	40144	3392	9052	-14336	75.84	25.5
13608	64636	20121	40126	3392	9052	-14336	75.84	25.5
13646	64648	20134	40143	3512	9192	-14228	75.84	25.5
13640	64612	20128	40139	3512	9192	-14228	75.84	25.5
13608	64619	20094	40139	3484	9132	-14304	75.84	25.5
13596	64594	20105	40148	3484	9132	-14304	75.84	25.5
13591	64601	20082	40139	3464	9092	-14176	75.84	25.5
13577	64594	20084	40131	3464	9092	-14176	75.84	25.5
13583	64590	20060	40135	3496	9172	-14256	75.84	25.5
13581	64590	20074	40121	3496	9172	-14256	75.84	25.5
13598	64573	20087	40128	3420	9036	-14300	75.84	25.5
13591	64580	20084	40128	3420	9036	-14300	75.84	25.5
13570	64571	20033	40106	3440	9076	-14332	75.84	25.5
13586	64596	20056	40123	3440	9076	-14332	75.84	25.5
13557	64573	20026	40128	3456	9128	-14096	75.84	25.5
13563	64595	20043	40142	3456	9128	-14096	75.84	25.5
13568	64573	20025	40112	3500	9176	-14320	75.84	25.5
13565	64591	20039	40135	3500	9176	-14320	75.84	25.5
13578	64582	20043	40141	3480	9016	-14332	75.84	25.5
13563	64603	20014	40133	3480	9016	-14332	75.84	25.5
13569	64610	20002	40123	3516	9036	-14352	75.84	25.5
13555	64616	20003	40142	3516	9036	-14352	75.84	25.5
13569	64605	20006	40132	3424	9084	-14068	75.84	25.5
13574	64625	19990	40134	3424	9084	-14068	75.84	25.5
13573	64634	19991	40146	3448	9104	-14144	75.84	25.5
13568	64626	19975	40137	3448	9104	-14144	75.84	25.5
13563	64657	19979	40131	3552	8904	-14384	75.84	25.5
13568	64671	19992	40137	3552	8904	-14384	75.84	25.5
13575	64668	19965	40172	3396	9036	-14224	75.84	25.5
13575	64678	19935	40159	3396	9036	-14224	75.84	25.5
13605	64692	19954	40173	3348	9144	-14308	75.84	25.5
13586	64694	19938	40189	3348	9144	-14308	75.84	25.5
13599	64712	19952	40173	3484	9088	-14272	75.84	25.5
13602	64706	19935	40179	3484	9088	-14272	75.84	25.5
13576	64731	19920	40186	3336	9136	-14240	75.84	25.5
13582	64729	19906	40214	3336	9136	-14240	75.84	25.5
13584	64756	19894	40200	3372	9048	-14324	75.84	25.5
13606	64767	19888	40217	3372	9048	-14324	75.84	25.5
13595	64766	19879	40212	3384	9004	-14332	75.84	25.5
13603	64785	19882	40221	3384	9004	-14332	75.84	25.5
13618	64793	19908	40220	3480	9084	-14168	75.84	25.5
13620	64796	19897	40210	3480	9084	-14168	75.84	25.5
13587	64786	19903	40220	3424	9016	-14320	75.84	25.5
13575	64777	19871	40223	3424	9016	-14320	75.84	25.5
13551	64762	19875	40193	3564	9104	-14316	75.84	25.5
13559	64767	19851	40212	3564	9104	-14316	75.84	25.5
13532	64763	19820	40223	3496	9080	-14476	75.84	25.5
13516	64761	19820	40210	3496	9080	-14476	75.84	25.5
13528	64780	19797	40206	3416	9080	-14184	75.84	25.5
13510	64762	19811	40218	3416	9080	-14184	76.06	30.0
13524	64758	19796	40213	3472	9108	-14268	76.06	30.0
13482	64762	19783	40209	3472	9108	-14268	76.06	30.0
13464	64761	19749	40204	3488	9004	-14304	76.06	30.0
13489	64786	19728	40216	3488	9004	-14304	76.06	30.0
13480	64786	19743	40229	3548	9100	-14240	76.06	30.0
13493	64804	19715	40230	3548	9100	-14240	76.06	30.0
13499	64786	19713	40224	3516	9048	-14244	76.06	30.0
13487	64774	19710	40236	3516	9048	-14244	76.06	30.0
13452	64798	19684	40234	3472	8936	-14200	76.06	30.0
13464	64803	19675	40241	3472	8936	-14200	76.06	30.0
13472	64805	19670	40241	3416	9080	-14288	76.06	30.0
13452	64808	19665	40265	3416	9080	-14288	76.06	30.0
13473	64824	19649	40244	3412	8928	-14300	76.06	30.0
13451	64830	19623	40241	3412	8928	-14300	76.06	30.0
13404	64809	19599	40256	3424	9104	-14136	76.06	30.0
13393	64820	19557	40257	3424	9104	-14136	76.06	30.0
13344	64836	19529	40269	3412	9036	-14240	76.06	30.0
13343	64831	19533	40252	3412	9036	-14240	76.06	30.0
13338	64822	19505	40265	3384	9036	-14300	76.06	30.0
13367	64859	19522	40266	3384	9036	-14300	76.06	30.0
13371	64851	19542	40271	3440	8968	-14356	76.06	30.0
13371	64855	19558	40281	3440	8968	-14356	76.06	30.0
13351	64884	19566	40248	3568	9092	-14444	76.06	30.0
13345	64871	19531	40264	3568	9092	-14444	76.06	30.0
13361	64861	19540	40262	3456	9072	-14352	76.06	30.0
13376	64881	19564	40280	3456	9072	-14352	76.06	30.0
13394	64905	19543	40274	3492	9024	-14384	76.06	30.0
13373	64881	19519	40265	3492	9024	-14384	76.06	30.0
13375	64900	19561	40295	3396	9044	-14208	76.06	30.0
13371	64895	19557	40276	3396	9044	-14208	76.06	30.0
13367	64896	19585	40291	3352	9068	-14260	76.06	30.0
13350	64890	19603	40283	3352	9068	-14260	76.06	30.0
13363	64861	19597	40257	3368	9016	-14240	76.06	30.0
13329	64864	19597	40273	3368	9016	-14240	76.06	30.0
13317	64866	19591	40266	3468	9052	-14264	76.06	30.0
13324	64840	19577	40266	3468	9052	-14264	76.06	30.0
13276	64821	19582	40260	3456	9008	-14240	76.06	30.0
13286	64852	19583	40268	3456	9008	-14240	76.06	30.0
13318	64836	19563	40229	3420	8980	-14288	76.06	30.0
13283	64828	19577	40245	3420	8980	-14288	76.06	30.0
13284	64818	19574	40233	3328	9072	-14216	76.06	30.0
13284	64804	19555	40243	3328	9072	-14216	76.06	30.0
13266	64834	19578	40254	3304	9052	-14252	76.06	30.0
13265	64818	19573	40236	3304	9052	-14252	76.06	30.0
13253	64788	19570	40251	3248	9040	-14312	76.06	30.0
13296	64782	19579	40257	3248	9040	-14312	76.06	30.0
13274	64791	19607	40228	3248	9056	-14316	76.06	30.0
13318	64781	19602	40231	3248	9056	-14316	76.06	30.0
13311	64792	19605	40238	3376	8980	-14340	76.06	30.0
13311	64789	19620	40236	3376	8980	-14340	76.06	29.2
13308	64784	19633	40236	3268	9120	-14232	76.06	29.2
13365	64787	19653	40231	3268	9120	-14232	76.06	29.2
13376	64794	19664	40236	3444	9048	-14448	76.06	29.2
13364	64779	19663	40229	3444	9048	-14448	76.06	29.2
13419	64800	19695	40232	3340	8936	-14296	76.06	29.2
13390	64808	19688	40245	3340	8936	-14296	76.06	29.2
13398	64800	19657	40229	3440	8976	-14184	76.06	29.2
13407	64806	19657	40240	3440	8976	-14184	76.06	29.2
13400	64819	19684	40244	3400	9100	-14420	76.06	29.2
13417	64816	19688	40251	3400	9100	-14420	76.06	29.2
13410	64808	19695	40229	3340	8904	-14396	76.06	29.2
13429	64830	19687	40243	3340	8904	-14396	76.06	29.2
13427	64831	19709	40248	3340	9008	-14304	76.06	29.2
13424	64840	19709	40244	3340	9008	-14304	76.06	29.2
13425	64834	19719	40260	3356	8924	-14396	76.06	29.2
13461	64839	19712	40252	3356	8924	-14396	76.06	29.2
13478	64848	19718	40259	3408	9044	-14352	76.06	29.2
13470	64856	19746	40261	3408	9044	-14352	76.06	29.2
13531	64844	19796	40279	3384	8960	-14288	76.06	29.2
13504	64833	19794	40259	3384	8960	-14288	76.06	29.2
13506	64815	19808	40254	3328	8980	-14240	76.06	29.2
13470	64821	19783	40235	3328	8980	-14240	76.06	29.2
13440	64776	19796	40239	3340	9048	-14416	76.06	29.2
13443	64788	19761	40235	3340	9048	-14416	76.06	29.2
13396	64778	19760	40255	3440	8956	-14412	76.06	29.2
13397	64774	19722	40213	3440	8956	-14412	76.06	29.2
13414	64756	19723	40225	3296	9004	-14328	76.06	29.2
13418	64756	19738	40228	3296	9004	-14328	76.06	29.2
13390	64770	19713	40232	3328	8876	-14308	76.06	29.2
13383	64741	19711	40238	3328	8876	-14308	76.06	29.2
13401	64775	19734	40213	3368	8968	-14300	76.06	29.2
13356	64741	19731	40230	3368	8968	-14300	76.06	29.2
13442	64752	19730	40210	3356	8928	-14336	76.06	29.2
13403	64749	19770	40221	3356	8928	-14336	76.06	29.2
13439	64725	19762	40213	3300	9076	-14428	76.06	29.2
13409	64760	19785	40238	3300	9076	-14428	76.06	29.2
13443	64724	19773	40208	3368	8984	-14344	76.06	29.2
13466	64741	19789	40232	3368	8984	-14344	76.06	29.2
13470	64733	19792	40232	3352	8876	-14276	76.06	29.2
13491	64726	19802	40226	3352	8876	-14276	76.06	29.2
