# OpenSignals Text File Format. Version 1
# {"84:2E:14:0C:D8:EF": {"position": 0, "device": "biosignalsplux", "device name": "84:2E:14:0C:D8:EF", "device connection": "BTH84:2E:14:0C:D8:EF", "sampling rate": 100, "resolution": [16, 16], "firmware version": 779, "comments": "", "keywords": "", "mode": 0, "sync interval": 2, "date": "2026-4-23", "time": "15:57:46.650", "channels": [9, 10, 11], "sensor": ["fSpO2", "fSpO2", "%SpO2"], "label": ["CH9A", "CH9B", "%SpO2"], "column": ["nSeq", "DI", "CH9A", "CH9B", "%SpO2"], "special": [{"SpO2": [80, 40, 5, 4, 4, 4]}, {"SpO2": [80, 40, 5, 4, 4, 4]}, {"SpO2": [80, 40, 5, 4, 4, 4]}, {"SpO2": [80, 40, 5, 4, 4, 4]}, {"SpO2": [80, 40, 5, 4, 4, 4]}, {"SpO2": [80, 40, 5, 4, 4, 4]}, {"SpO2": [80, 40, 5, 4, 4, 4]}, {"SpO2": [80, 40, 5, 4, 4, 4]}, {"SpO2": [80, 40, 5, 4, 4, 4]}, {"SpO2": [80, 40, 5, 4, 4, 4]}], "digital IO": [0, 1], "virtual channels": "{'channels': [11], 'calculationChannels': [[9, 10]]}", "sleeve color": ["yellow", "yellow", "dark_blue"]}}
# EndOfHeader
0	0	45536	20209	0	
1	0	45524	20205	0	
2	0	45521	20197	0	
3	0	45510	20190	0	
4	0	45500	20177	0	
5	0	45490	20177	0	
6	0	45479	20168	0	
7	0	45485	20162	0	
8	0	45476	20161	0	
9	0	45478	20156	0	
10	0	45471	20157	0	
11	0	45465	20154	0	
12	0	45468	20149	0	
13	0	45462	20149	0	
14	0	45471	20152	0	
15	0	45463	20153	0	
16	0	45463	20154	0	
17	0	45464	20152	0	
18	0	45464	20151	0	
19	0	45464	20155	0	
20	0	45465	20153	0	
21	0	45465	20150	0	
22	0	45469	20153	0	
23	0	45477	20152	0	
24	0	45476	20154	0	
25	0	45473	20152	0	
26	0	45468	20148	0	
27	0	45463	20150	0	
28	0	45463	20149	0	
29	0	45455	20146	0	
30	0	45464	20146	0	
31	0	45463	20145	0	
32	0	45463	20145	0	
33	0	45466	20145	0	
34	0	45463	20142	0	
35	0	45472	20143	0	
36	0	45470	20141	0	
37	0	45471	20147	0	
38	0	45464	20146	0	
39	0	45472	20142	0	
40	0	45464	20146	0	
41	0	45475	20147	0	
42	0	45477	20148	0	
43	0	45477	20149	0	
44	0	45478	20149	0	
45	0	45475	20150	0	
46	0	45485	20153	0	
47	0	45488	20157	0	
48	0	45486	20153	0	
49	0	45490	20155	0	
50	0	45497	20154	0	
51	0	45490	20157	0	
52	0	45491	20157	0	
53	0	45498	20158	0	
54	0	45499	20161	0	
55	0	45500	20163	0	
56	0	45498	20160	0	
57	0	45503	20162	0	
58	0	45504	20163	0	
59	0	45510	20167	0	
60	0	45509	20166	0	
61	0	45518	20171	0	
62	0	45523	20171	0	
63	0	45519	20174	0	
64	0	45526	20171	0	
65	0	45523	20172	0	
66	0	45527	20171	0	
67	0	45521	20173	0	
68	0	45522	20173	0	
69	0	45533	20175	0	
70	0	45530	20177	0	
71	0	45526	20175	0	
72	0	45536	20178	0	
73	0	45537	20182	0	
74	0	45538	20180	0	
75	0	45530	20180	0	
76	0	45528	20174	0	
77	0	45522	20169	0	
78	0	45518	20171	0	
79	0	45505	20163	0	
80	0	45502	20158	0	
81	0	45493	20150	0	
82	0	45483	20142	0	
83	0	45477	20138	0	
84	0	45472	20137	0	
85	0	45471	20135	0	
86	0	45472	20129	0	
87	0	45472	20130	0	
88	0	45466	20125	0	
89	0	45469	20124	0	
90	0	45471	20120	0	
91	0	45472	20124	0	
92	0	45469	20118	0	
93	0	45469	20120	0	
94	0	45473	20122	0	
95	0	45472	20121	0	
96	0	45474	20119	0	
97	0	45477	20122	0	
98	0	45480	20116	0	
99	0	45480	20122	0	
100	0	45475	20119	0	
101	0	45470	20120	0	
102	0	45474	20117	0	
103	0	45475	20120	0	
104	0	45480	20114	0	
105	0	45472	20112	0	
106	0	45472	20115	0	
107	0	45470	20107	0	
108	0	45474	20109	0	
109	0	45469	20107	0	
110	0	45475	20104	0	
111	0	45471	20105	0	
112	0	45468	20099	0	
113	0	45473	20100	0	
114	0	45473	20102	0	
115	0	45476	20100	0	
116	0	45473	20099	0	
117	0	45477	20101	0	
118	0	45480	20100	0	
119	0	45484	20098	0	
120	0	45490	20096	0	
121	0	45494	20102	0	
122	0	45490	20095	0	
123	0	45490	20096	0	
124	0	45490	20094	0	
125	0	45490	20095	0	
126	0	45491	20097	0	
127	0	45486	20103	0	
128	0	45493	20100	0	
129	0	45493	20097	0	
130	0	45496	20096	0	
131	0	45498	20103	0	
132	0	45496	20094	0	
133	0	45494	20097	0	
134	0	45499	20100	0	
135	0	45503	20100	0	
136	0	45504	20101	0	
137	0	45501	20103	0	
138	0	45497	20105	0	
139	0	45505	20101	0	
140	0	45503	20103	0	
141	0	45509	20104	0	
142	0	45512	20104	0	
143	0	45511	20105	0	
144	0	45514	20109	0	
145	0	45517	20112	0	
146	0	45526	20111	0	
147	0	45526	20112	0	
148	0	45529	20112	0	
149	0	45529	20111	0	
150	0	45532	20113	0	
151	0	45533	20111	0	
152	0	45525	20115	0	
153	0	45523	20109	0	
154	0	45525	20108	0	
155	0	45516	20108	0	
156	0	45513	20105	0	
157	0	45506	20100	0	
158	0	45495	20093	0	
159	0	45480	20082	0	
160	0	45478	20079	0	
161	0	45473	20074	0	
162	0	45460	20065	0	
163	0	45455	20065	0	
164	0	45460	20056	0	
165	0	45451	20053	0	
166	0	45455	20052	0	
167	0	45448	20049	0	
168	0	45451	20045	0	
169	0	45451	20044	0	
170	0	45447	20045	0	
171	0	45446	20044	0	
172	0	45449	20049	0	
173	0	45444	20047	0	
174	0	45447	20045	0	
175	0	45454	20044	0	
176	0	45445	20041	0	
177	0	45449	20042	0	
178	0	45458	20049	0	
179	0	45453	20049	0	
180	0	45448	20041	0	
181	0	45455	20034	0	
182	0	45455	20033	0	
183	0	45450	20031	0	
184	0	45446	20026	0	
185	0	45438	20023	0	
186	0	45436	20019	0	
187	0	45427	20019	0	
188	0	45431	20012	0	
189	0	45429	20016	0	
190	0	45433	20015	0	
191	0	45427	20010	0	
192	0	45431	20013	0	
193	0	45424	20013	0	
194	0	45423	20009	0	
195	0	45434	20018	0	
196	0	45435	20012	0	
197	0	45434	20014	0	
198	0	45439	20012	0	
199	0	45440	20015	0	
200	0	45437	20012	0	
201	0	45434	20011	0	
202	0	45436	20014	0	
203	0	45436	20012	0	
204	0	45436	20012	0	
205	0	45441	20017	0	
206	0	45440	20014	0	
207	0	45444	20013	0	
208	0	45445	20009	0	
209	0	45447	20009	0	
210	0	45444	20018	0	
211	0	45444	20015	0	
212	0	45450	20017	0	
213	0	45442	20022	0	
214	0	45444	20019	0	
215	0	45458	20021	0	
216	0	45456	20018	0	
217	0	45459	20022	0	
218	0	45456	20017	0	
219	0	45457	20021	0	
220	0	45452	20019	0	
221	0	45458	20020	0	
222	0	45447	20024	0	
223	0	45454	20020	0	
224	0	45459	20024	0	
225	0	45466	20026	0	
226	0	45466	20028	0	
227	0	45459	20030	0	
228	0	45462	20026	0	
229	0	45464	20029	0	
230	0	45465	20031	0	
231	0	45463	20032	0	
232	0	45464	20034	0	
233	0	45471	20030	0	
234	0	45457	20027	0	
235	0	45448	20023	0	
236	0	45439	20015	0	
237	0	45439	20012	0	
238	0	45427	20008	0	
239	0	45424	20000	0	
240	0	45419	19995	0	
241	0	45403	19990	0	
242	0	45408	19988	0	
243	0	45399	19983	0	
244	0	45401	19984	0	
245	0	45400	19983	0	
246	0	45403	19983	0	
247	0	45408	19982	0	
248	0	45405	19978	0	
249	0	45411	19978	0	
250	0	45399	19978	0	
251	0	45411	19975	0	
252	0	45401	19972	0	
253	0	45401	19970	0	
254	0	45400	19973	0	
255	0	45405	19969	0	
256	0	45394	19971	0	
257	0	45396	19964	0	
258	0	45398	19966	0	
259	0	45399	19964	0	
260	0	45394	19961	0	
261	0	45391	19958	0	
262	0	45389	19957	0	
263	0	45393	19951	0	
264	0	45385	19952	0	
265	0	45379	19950	0	
266	0	45382	19945	0	
267	0	45378	19943	0	
268	0	45380	19946	0	
269	0	45382	19947	0	
270	0	45378	19944	0	
271	0	45380	19944	0	
272	0	45377	19940	0	
273	0	45374	19945	0	
274	0	45378	19946	0	
275	0	45380	19946	0	
276	0	45391	19946	0	
277	0	45385	19951	0	
278	0	45385	19949	0	
279	0	45386	19946	0	
280	0	45390	19945	0	
281	0	45394	19950	0	
282	0	45392	19950	0	
283	0	45397	19950	0	
284	0	45392	19949	0	
285	0	45392	19947	95	
286	0	45398	19952	95	
287	0	45396	19950	95	
288	0	45400	19954	95	
289	0	45394	19952	95	
290	0	45390	19951	95	
291	0	45390	19953	95	
292	0	45396	19956	95	
293	0	45390	19955	95	
294	0	45396	19958	95	
295	0	45409	19958	95	
296	0	45404	19965	95	
297	0	45407	19966	95	
298	0	45416	19965	95	
299	0	45415	19971	95	
300	0	45423	19971	95	
301	0	45421	19971	95	
302	0	45420	19968	95	
303	0	45421	19971	95	
304	0	45425	19971	95	
305	0	45430	19971	95	
306	0	45430	19978	95	
307	0	45425	19977	95	
308	0	45428	19974	95	
309	0	45419	19970	95	
310	0	45412	19964	95	
311	0	45406	19964	95	
312	0	45399	19959	95	
313	0	45385	19951	95	
314	0	45375	19946	95	
315	0	45373	19943	95	
316	0	45371	19935	95	
317	0	45362	19932	95	
318	0	45361	19927	95	
319	0	45362	19924	95	
320	0	45362	19921	95	
321	0	45353	19923	95	
322	0	45359	19921	95	
323	0	45351	19914	95	
324	0	45350	19922	95	
325	0	45354	19917	95	
326	0	45355	19918	95	
327	0	45354	19918	95	
328	0	45357	19914	95	
329	0	45360	19918	95	
330	0	45358	19920	95	
331	0	45358	19918	95	
332	0	45359	19919	95	
333	0	45352	19920	95	
334	0	45360	19920	95	
335	0	45356	19916	95	
336	0	45356	19911	95	
337	0	45356	19909	95	
338	0	45350	19909	95	
339	0	45349	19907	95	
340	0	45344	19906	95	
341	0	45343	19909	95	
342	0	45346	19909	95	
343	0	45344	19908	95	
344	0	45347	19907	95	
345	0	45344	19905	95	
346	0	45351	19903	95	
347	0	45354	19905	95	
348	0	45358	19905	95	
349	0	45353	19909	95	
350	0	45356	19906	95	
351	0	45358	19908	95	
352	0	45357	19905	95	
353	0	45360	19909	95	
354	0	45362	19908	95	
355	0	45367	19911	95	
356	0	45362	19912	95	
357	0	45362	19913	95	
358	0	45362	19912	95	
359	0	45366	19909	95	
360	0	45372	19916	95	
361	0	45371	19915	95	
362	0	45366	19913	95	
363	0	45370	19910	95	
364	0	45370	19913	95	
365	0	45377	19916	95	
366	0	45377	19916	95	
367	0	45382	19918	95	
368	0	45384	19920	95	
369	0	45385	19923	95	
370	0	45379	19920	95	
371	0	45388	19920	95	
372	0	45386	19921	95	
373	0	45394	19923	95	
374	0	45396	19922	95	
375	0	45389	19920	95	
376	0	45395	19923	95	
377	0	45399	19921	95	
378	0	45405	19922	95	
379	0	45402	19926	95	
380	0	45396	19927	95	
381	0	45406	19930	95	
382	0	45403	19926	95	
383	0	45401	19928	95	
384	0	45393	19925	95	
385	0	45381	19924	95	
386	0	45382	19911	95	
387	0	45371	19907	95	
388	0	45361	19904	95	
389	0	45352	19894	95	
390	0	45338	19887	95	
391	0	45340	19881	95	
392	0	45326	19873	95	
393	0	45317	19865	95	
394	0	45314	19863	95	
395	0	45315	19863	95	
396	0	45313	19860	95	
397	0	45311	19855	95	
398	0	45316	19859	95	
399	0	45310	19859	95	
400	0	45317	19861	95	
401	0	45314	19857	95	
402	0	45317	19857	95	
403	0	45308	19854	95	
404	0	45315	19858	95	
405	0	45320	19854	95	
406	0	45313	19860	95	
407	0	45326	19856	95	
408	0	45319	19858	95	
409	0	45321	19854	95	
410	0	45315	19860	95	
411	0	45320	19858	95	
412	0	45319	19858	95	
413	0	45315	19855	95	
414	0	45312	19856	95	
415	0	45314	19855	95	
416	0	45312	19854	95	
417	0	45313	19852	95	
418	0	45314	19857	95	
419	0	45306	19857	95	
420	0	45299	19856	95	
421	0	45306	19863	95	
422	0	45296	19868	95	
423	0	45296	19878	95	
424	0	45298	19886	95	
425	0	45299	19898	95	
426	0	45316	19914	95	
427	0	45327	19923	95	
428	0	45341	19942	95	
429	0	45349	19951	95	
430	0	45369	19965	95	
431	0	45388	19979	95	
432	0	45408	19992	95	
433	0	45432	20002	95	
434	0	45443	20008	95	
435	0	45448	20014	95	
436	0	45467	20017	95	
437	0	45470	20026	95	
438	0	45484	20032	95	
439	0	45497	20035	95	
440	0	45500	20035	95	
441	0	45500	20037	95	
442	0	45510	20038	95	
443	0	45519	20039	95	
444	0	45518	20043	95	
445	0	45514	20043	95	
446	0	45519	20045	95	
447	0	45528	20050	95	
448	0	45535	20054	95	
449	0	45539	20054	95	
450	0	45545	20061	95	
451	0	45551	20056	95	
452	0	45559	20060	95	
453	0	45558	20059	95	
454	0	45562	20061	95	
455	0	45567	20061	95	
456	0	45569	20065	95	
457	0	45571	20070	95	
458	0	45575	20073	95	
459	0	45578	20076	95	
460	0	45580	20072	95	
461	0	45574	20070	95	
462	0	45565	20068	95	
463	0	45561	20057	95	
464	0	45548	20058	95	
465	0	45547	20050	95	
466	0	45531	20041	95	
467	0	45519	20030	95	
468	0	45511	20024	95	
469	0	45499	20020	95	
470	0	45492	20014	95	
471	0	45498	20010	95	
472	0	45497	20008	95	
473	0	45493	20006	95	
474	0	45497	20007	95	
475	0	45506	20005	95	
476	0	45499	20002	95	
477	0	45505	20002	95	
478	0	45497	19997	95	
479	0	45500	20002	95	
480	0	45504	20002	95	
481	0	45509	19999	95	
482	0	45514	19996	95	
483	0	45507	19998	95	
484	0	45508	19987	95	
485	0	45500	19989	95	
486	0	45501	19990	95	
487	0	45492	19983	95	
488	0	45489	19983	95	
489	0	45489	19982	95	
490	0	45486	19978	95	
491	0	45475	19983	95	
492	0	45470	19983	95	
493	0	45478	19987	95	
494	0	45480	19987	95	
495	0	45493	19995	95	
496	0	45496	19997	95	
497	0	45507	19996	95	
498	0	45513	19996	95	
499	0	45508	19999	95	
500	0	45508	19996	95	
501	0	45514	19996	95	
502	0	45513	19995	95	
503	0	45513	19999	95	
504	0	45518	19995	95	
505	0	45519	19996	95	
506	0	45518	19996	95	
507	0	45528	20001	95	
508	0	45533	20003	95	
509	0	45526	20002	95	
510	0	45536	20001	95	
511	0	45534	20003	95	
512	0	45536	20000	95	
513	0	45537	20001	95	
514	0	45548	20000	95	
515	0	45537	19996	95	
516	0	45545	19991	95	
517	0	45535	19991	95	
518	0	45532	19987	95	
519	0	45532	19989	95	
520	0	45534	19992	95	
521	0	45541	19991	95	
522	0	45540	19993	95	
523	0	45535	19994	95	
524	0	45538	19993	95	
525	0	45542	19994	95	
526	0	45540	19991	95	
527	0	45542	19996	95	
528	0	45547	19993	95	
529	0	45544	19993	95	
530	0	45543	20000	95	
531	0	45547	19995	95	
532	0	45559	20002	95	
533	0	45561	20001	95	
534	0	45571	20004	95	
535	0	45571	20000	95	
536	0	45566	20001	95	
537	0	45563	19994	95	
538	0	45554	19994	95	
539	0	45554	19989	95	
540	0	45544	19987	95	
541	0	45542	19979	95	
542	0	45537	19974	95	
543	0	45531	19961	95	
544	0	45518	19954	95	
545	0	45506	19935	95	
546	0	45486	19923	95	
547	0	45467	19911	95	
548	0	45464	19907	95	
549	0	45461	19906	95	
550	0	45462	19905	95	
551	0	45464	19899	95	
552	0	45453	19896	95	
553	0	45454	19896	95	
554	0	45453	19888	95	
555	0	45457	19892	95	
556	0	45451	19890	95	
557	0	45457	19884	95	
558	0	45459	19883	95	
559	0	45456	19884	95	
560	0	45463	19877	95	
561	0	45462	19878	95	
562	0	45467	19874	95	
563	0	45476	19869	95	
564	0	45484	19864	95	
565	0	45492	19850	95	
566	0	45481	19830	95	
567	0	45468	19814	95	
568	0	45451	19803	95	
569	0	45430	19783	95	
570	0	45416	19771	95	
571	0	45399	19760	95	
572	0	45379	19747	95	
573	0	45370	19741	95	
574	0	45365	19730	95	
575	0	45350	19724	95	
576	0	45348	19720	95	
577	0	45344	19716	95	
578	0	45340	19711	95	
579	0	45348	19705	95	
580	0	45340	19700	95	
581	0	45337	19694	95	
582	0	45327	19692	95	
583	0	45307	19692	95	
584	0	45307	19690	95	
585	0	45301	19691	95	
586	0	45304	19699	95	
587	0	45302	19703	95	
588	0	45310	19706	95	
589	0	45311	19712	95	
590	0	45323	19722	95	
591	0	45325	19724	95	
592	0	45331	19726	95	
593	0	45333	19729	95	
594	0	45342	19736	95	
595	0	45344	19737	95	
596	0	45338	19742	95	
597	0	45340	19742	95	
598	0	45341	19745	95	
599	0	45344	19747	95	
600	0	45346	19749	95	
601	0	45351	19754	95	
602	0	45354	19757	95	
603	0	45366	19753	95	
604	0	45368	19761	95	
605	0	45366	19761	95	
606	0	45362	19762	95	
607	0	45367	19766	95	
608	0	45370	19766	95	
609	0	45369	19765	95	
610	0	45371	19763	95	
611	0	45380	19767	95	
612	0	45384	19769	95	
613	0	45380	19773	95	
614	0	45381	19773	95	
615	0	45380	19776	95	
616	0	45385	19774	95	
617	0	45372	19769	95	
618	0	45364	19762	95	
619	0	45347	19758	95	
620	0	45333	19755	95	
621	0	45328	19746	95	
622	0	45318	19748	95	
623	0	45330	19747	95	
624	0	45332	19747	95	
625	0	45330	19739	95	
626	0	45332	19741	95	
627	0	45330	19734	95	
628	0	45321	19730	95	
629	0	45317	19728	95	
630	0	45318	19729	95	
631	0	45318	19729	95	
632	0	45324	19729	95	
633	0	45315	19732	95	
634	0	45319	19729	95	
635	0	45314	19730	95	
636	0	45317	19727	95	
637	0	45312	19730	95	
638	0	45311	19733	95	
639	0	45314	19732	95	
640	0	45320	19740	95	
641	0	45323	19745	95	
642	0	45321	19743	95	
643	0	45326	19743	95	
644	0	45326	19749	95	
645	0	45325	19747	95	
646	0	45319	19745	95	
647	0	45315	19747	95	
648	0	45323	19747	95	
649	0	45322	19752	95	
650	0	45331	19756	95	
651	0	45331	19759	95	
652	0	45337	19763	95	
653	0	45329	19756	95	
654	0	45342	19755	95	
655	0	45330	19762	95	
656	0	45333	19766	95	
657	0	45336	19771	95	
658	0	45354	19776	95	
659	0	45355	19785	95	
660	0	45359	19788	95	
661	0	45360	19790	95	
662	0	45377	19799	95	
663	0	45381	19793	95	
664	0	45386	19794	95	
665	0	45373	19793	95	
666	0	45377	19796	95	
667	0	45382	19794	95	
668	0	45381	19800	95	
669	0	45388	19800	95	
670	0	45382	19807	95	
671	0	45389	19805	95	
672	0	45398	19810	95	
673	0	45402	19814	95	
674	0	45400	19815	95	
675	0	45399	19815	95	
676	0	45403	19818	95	
677	0	45401	19816	95	
678	0	45403	19822	95	
679	0	45411	19822	95	
680	0	45411	19827	95	
681	0	45412	19831	95	
682	0	45419	19830	95	
683	0	45427	19834	95	
684	0	45418	19837	95	
685	0	45418	19838	95	
686	0	45433	19837	95	
687	0	45436	19842	95	
688	0	45435	19844	95	
689	0	45447	19843	95	
690	0	45444	19848	95	
691	0	45452	19851	95	
692	0	45444	19847	95	
693	0	45444	19848	95	
694	0	45440	19846	95	
695	0	45434	19846	95	
696	0	45427	19847	95	
697	0	45430	19847	95	
698	0	45424	19847	95	
699	0	45417	19847	95	
700	0	45417	19846	95	
701	0	45407	19840	95	
702	0	45416	19838	95	
703	0	45406	19832	95	
704	0	45401	19829	95	
705	0	45397	19825	95	
706	0	45396	19825	95	
707	0	45391	19824	95	
708	0	45401	19822	95	
709	0	45394	19825	95	
710	0	45395	19824	95	
711	0	45395	19822	95	
712	0	45403	19823	95	
713	0	45406	19825	95	
714	0	45403	19827	95	
715	0	45405	19823	95	
716	0	45410	19823	95	
717	0	45405	19826	95	
718	0	45405	19824	95	
719	0	45410	19828	95	
720	0	45406	19829	95	
721	0	45405	19827	95	
722	0	45405	19827	95	
723	0	45408	19825	95	
724	0	45405	19824	95	
725	0	45404	19821	95	
726	0	45405	19826	95	
727	0	45410	19828	95	
728	0	45410	19825	95	
729	0	45411	19828	95	
730	0	45414	19829	95	
731	0	45409	19823	95	
732	0	45414	19825	95	
733	0	45412	19825	95	
734	0	45412	19826	95	
735	0	45416	19827	95	
736	0	45423	19824	95	
737	0	45428	19825	95	
738	0	45420	19820	95	
739	0	45418	19822	95	
740	0	45415	19826	95	
741	0	45420	19824	95	
742	0	45426	19826	95	
743	0	45422	19825	95	
744	0	45425	19832	95	
745	0	45429	19831	95	
746	0	45440	19832	95	
747	0	45439	19833	95	
748	0	45440	19836	95	
749	0	45443	19834	95	
750	0	45447	19831	95	
751	0	45453	19830	95	
752	0	45442	19831	95	
753	0	45447	19828	95	
754	0	45447	19822	95	
755	0	45442	19820	95	
756	0	45440	19820	95	
757	0	45440	19819	95	
758	0	45449	19822	95	
759	0	45451	19819	95	
760	0	45447	19816	95	
761	0	45453	19813	95	
762	0	45451	19813	95	
763	0	45455	19810	95	
764	0	45453	19812	95	
765	0	45446	19804	95	
766	0	45440	19803	95	
767	0	45441	19801	95	
768	0	45437	19799	95	
769	0	45434	19804	95	
770	0	45443	19801	95	
771	0	45446	19802	95	
772	0	45439	19800	95	
773	0	45449	19798	95	
774	0	45446	19798	95	
775	0	45445	19793	95	
776	0	45436	19791	95	
777	0	45431	19793	95	
778	0	45422	19791	95	
779	0	45422	19791	95	
780	0	45420	19789	95	
781	0	45411	19785	95	
782	0	45407	19777	95	
783	0	45396	19774	95	
784	0	45390	19767	95	
785	0	45381	19759	95	
786	0	45374	19752	95	
787	0	45367	19750	95	
788	0	45359	19749	95	
789	0	45365	19745	95	
790	0	45361	19743	95	
791	0	45349	19745	95	
792	0	45352	19745	95	
793	0	45351	19747	95	
794	0	45350	19748	95	
795	0	45354	19751	95	
796	0	45347	19750	95	
797	0	45352	19757	95	
798	0	45353	19763	95	
799	0	45358	19765	95	
800	0	45363	19772	95	
801	0	45354	19773	95	
802	0	45359	19779	95	
803	0	45355	19787	95	
804	0	45362	19793	95	
805	0	45372	19800	95	
806	0	45405	19813	95	
807	0	45402	19807	95	
808	0	45390	19806	95	
809	0	45395	19805	95	
810	0	45406	19810	95	
811	0	45405	19804	95	
812	0	45399	19805	95	
813	0	45409	19806	95	
814	0	45415	19806	95	
815	0	45413	19803	95	
816	0	45415	19800	95	
817	0	45412	19797	95	
818	0	45419	19799	95	
819	0	45413	19796	95	
820	0	45409	19791	95	
821	0	45410	19794	95	
822	0	45409	19794	95	
823	0	45410	19789	95	
824	0	45414	19789	95	
825	0	45427	19790	95	
826	0	45424	19785	95	
827	0	45417	19780	95	
828	0	45422	19780	95	
829	0	45411	19774	95	
830	0	45412	19772	95	
831	0	45432	19772	95	
832	0	45428	19763	95	
833	0	45425	19760	95	
834	0	45437	19756	95	
835	0	45431	19747	95	
836	0	45431	19745	95	
837	0	45427	19736	95	
838	0	45414	19731	95	
839	0	45410	19719	95	
840	0	45409	19714	95	
841	0	45395	19706	95	
842	0	45397	19700	95	
843	0	45392	19691	95	
844	0	45386	19692	95	
845	0	45390	19685	95	
846	0	45392	19679	95	
847	0	45394	19671	95	
848	0	45391	19660	95	
849	0	45379	19649	95	
850	0	45385	19640	95	
851	0	45368	19625	95	
852	0	45362	19616	95	
853	0	45352	19605	95	
854	0	45348	19591	95	
855	0	45338	19585	95	
856	0	45330	19572	95	
857	0	45318	19568	95	
858	0	45306	19555	95	
859	0	45296	19546	95	
860	0	45263	19537	95	
861	0	45247	19529	95	
862	0	45234	19522	95	
863	0	45223	19512	95	
864	0	45212	19507	95	
865	0	45196	19499	95	
866	0	45189	19490	95	
867	0	45178	19481	95	
868	0	45165	19475	95	
869	0	45144	19467	95	
870	0	45128	19466	95	
871	0	45122	19467	95	
872	0	45126	19476	95	
873	0	45109	19479	95	
874	0	45106	19487	95	
875	0	45103	19500	95	
876	0	45118	19512	95	
877	0	45136	19516	95	
878	0	45146	19525	95	
879	0	45143	19526	95	
880	0	45145	19534	95	
881	0	45147	19539	95	
882	0	45143	19544	95	
883	0	45145	19550	95	
884	0	45143	19555	95	
885	0	45148	19564	99	
886	0	45151	19570	99	
887	0	45149	19577	99	
888	0	45147	19587	99	
889	0	45156	19597	99	
890	0	45154	19604	99	
891	0	45168	19614	99	
892	0	45178	19624	99	
893	0	45190	19635	99	
894	0	45202	19644	99	
895	0	45204	19652	99	
896	0	45218	19660	99	
897	0	45217	19663	99	
898	0	45226	19671	99	
899	0	45238	19674	99	
900	0	45245	19681	99	
901	0	45252	19688	99	
902	0	45257	19694	99	
903	0	45262	19702	99	
904	0	45263	19707	99	
905	0	45266	19710	99	
906	0	45280	19721	99	
907	0	45293	19730	99	
908	0	45302	19733	99	
909	0	45304	19735	99	
910	0	45308	19739	99	
911	0	45306	19744	99	
912	0	45310	19753	99	
913	0	45310	19762	99	
914	0	45326	19769	99	
915	0	45338	19771	99	
916	0	45347	19779	99	
917	0	45347	19780	99	
918	0	45355	19781	99	
919	0	45356	19783	99	
920	0	45350	19782	99	
921	0	45354	19785	99	
922	0	45348	19791	99	
923	0	45356	19793	99	
924	0	45350	19803	99	
925	0	45353	19805	99	
926	0	45362	19812	99	
927	0	45360	19821	99	
928	0	45376	19831	99	
929	0	45378	19841	99	
930	0	45396	19848	99	
931	0	45401	19860	99	
932	0	45411	19864	99	
933	0	45420	19869	99	
934	0	45428	19876	99	
935	0	45433	19874	99	
936	0	45432	19886	99	
937	0	45445	19890	99	
938	0	45457	19898	99	
939	0	45465	19897	99	
940	0	45461	19900	99	
941	0	45465	19902	99	
942	0	45460	19902	99	
943	0	45446	19897	99	
944	0	45436	19899	99	
945	0	45428	19893	99	
946	0	45427	19891	99	
947	0	45432	19894	99	
948	0	45429	19886	99	
949	0	45433	19883	99	
950	0	45429	19881	99	
951	0	45425	19878	99	
952	0	45426	19879	99	
953	0	45419	19876	99	
954	0	45418	19870	99	
955	0	45407	19875	99	
956	0	45419	19874	99	
957	0	45422	19877	99	
958	0	45420	19878	99	
959	0	45426	19883	99	
960	0	45435	19885	99	
961	0	45430	19885	99	
962	0	45428	19884	99	
963	0	45425	19884	99	
964	0	45430	19882	99	
965	0	45426	19886	99	
966	0	45431	19890	99	
967	0	45426	19889	99	
968	0	45425	19892	99	
969	0	45427	19891	99	
970	0	45421	19890	99	
971	0	45417	19894	99	
972	0	45411	19898	99	
973	0	45412	19905	99	
974	0	45414	19909	99	
975	0	45419	19922	99	
976	0	45439	19925	99	
977	0	45441	19929	99	
978	0	45449	19938	99	
979	0	45443	19944	99	
980	0	45448	19954	99	
981	0	45446	19964	99	
982	0	45454	19969	99	
983	0	45466	19980	99	
984	0	45476	19988	99	
985	0	45491	20000	99	
986	0	45490	20013	99	
987	0	45505	20023	99	
988	0	45521	20033	99	
989	0	45539	20041	99	
990	0	45560	20048	99	
991	0	45569	20054	99	
992	0	45574	20058	99	
993	0	45591	20068	99	
994	0	45594	20069	99	
995	0	45594	20070	99	
996	0	45602	20076	99	
997	0	45604	20079	99	
998	0	45602	20081	99	
999	0	45614	20083	99	
1000	0	45614	20086	99	
1001	0	45624	20087	99	
1002	0	45616	20090	99	
1003	0	45615	20098	99	
1004	0	45615	20088	99	
1005	0	45620	20097	99	
1006	0	45629	20108	99	
1007	0	45637	20115	99	
1008	0	45656	20118	99	
1009	0	45662	20127	99	
1010	0	45674	20130	99	
1011	0	45682	20129	99	
1012	0	45682	20130	99	
1013	0	45684	20133	99	
1014	0	45684	20133	99	
1015	0	45693	20139	99	
1016	0	45687	20142	99	
1017	0	45689	20142	99	
1018	0	45694	20147	99	
1019	0	45704	20148	99	
1020	0	45713	20146	99	
1021	0	45708	20147	99	
1022	0	45701	20144	99	
1023	0	45688	20137	99	
1024	0	45678	20136	99	
1025	0	45675	20131	99	
1026	0	45668	20128	99	
1027	0	45666	20119	99	
1028	0	45663	20116	99	
1029	0	45653	20104	99	
1030	0	45648	20101	99	
1031	0	45655	20100	99	
1032	0	45653	20092	99	
1033	0	45655	20079	99	
1034	0	45660	20077	99	
1035	0	45643	20070	99	
1036	0	45639	20066	99	
1037	0	45637	20058	99	
1038	0	45635	20050	99	
1039	0	45625	20040	99	
1040	0	45607	20032	99	
1041	0	45597	20025	99	
1042	0	45594	20022	99	
1043	0	45587	20014	99	
1044	0	45585	20016	99	
1045	0	45584	20014	99	
1046	0	45585	20010	99	
1047	0	45577	20013	99	
1048	0	45583	20007	99	
1049	0	45579	20009	99	
1050	0	45580	20006	99	
1051	0	45582	20004	99	
1052	0	45577	19998	99	
1053	0	45569	20002	99	
1054	0	45562	19995	99	
1055	0	45554	19994	99	
1056	0	45544	19990	99	
1057	0	45545	19993	99	
1058	0	45540	19997	99	
1059	0	45540	19996	99	
1060	0	45532	20001	99	
1061	0	45541	20006	99	
1062	0	45547	20011	99	
1063	0	45556	20027	99	
1064	0	45573	20025	99	
1065	0	45583	20034	99	
1066	0	45594	20038	99	
1067	0	45602	20041	99	
1068	0	45612	20045	99	
1069	0	45607	20047	99	
1070	0	45612	20050	99	
1071	0	45621	20053	99	
1072	0	45633	20054	99	
1073	0	45622	20052	99	
1074	0	45626	20048	99	
1075	0	45621	20046	99	
1076	0	45623	20050	99	
1077	0	45614	20059	99	
1078	0	45618	20056	99	
1079	0	45624	20061	99	
1080	0	45625	20061	99	
1081	0	45633	20062	99	
1082	0	45640	20068	99	
1083	0	45646	20071	99	
1084	0	45646	20070	99	
1085	0	45650	20069	99	
1086	0	45645	20067	99	
1087	0	45647	20072	99	
1088	0	45648	20071	99	
1089	0	45657	20075	99	
1090	0	45656	20074	99	
1091	0	45656	20076	99	
1092	0	45665	20079	99	
1093	0	45664	20080	99	
1094	0	45667	20085	99	
1095	0	45668	20083	99	
1096	0	45676	20083	99	
1097	0	45676	20088	99	
1098	0	45689	20087	99	
1099	0	45676	20084	99	
1100	0	45669	20077	99	
1101	0	45658	20076	99	
1102	0	45652	20066	99	
1103	0	45639	20060	99	
1104	0	45627	20060	99	
1105	0	45613	20051	99	
1106	0	45601	20042	99	
1107	0	45593	20040	99	
1108	0	45601	20034	99	
1109	0	45592	20028	99	
1110	0	45585	20025	99	
1111	0	45588	20022	99	
1112	0	45583	20021	99	
1113	0	45572	20022	99	
1114	0	45573	20023	99	
1115	0	45576	20025	99	
1116	0	45581	20023	99	
1117	0	45584	20027	99	
1118	0	45590	20026	99	
1119	0	45589	20020	99	
1120	0	45584	20022	99	
1121	0	45586	20023	99	
1122	0	45582	20024	99	
1123	0	45589	20022	99	
1124	0	45584	20021	99	
1125	0	45580	20021	99	
1126	0	45589	20024	99	
1127	0	45586	20021	99	
1128	0	45593	20022	99	
1129	0	45592	20016	99	
1130	0	45591	20017	99	
1131	0	45584	20013	99	
1132	0	45583	20010	99	
1133	0	45577	20008	99	
1134	0	45574	20006	99	
1135	0	45569	20003	99	
1136	0	45574	20004	99	
1137	0	45570	20006	99	
1138	0	45582	20002	99	
1139	0	45579	20008	99	
1140	0	45578	20008	99	
1141	0	45577	20005	99	
1142	0	45584	20007	99	
1143	0	45575	20006	99	
1144	0	45579	20009	99	
1145	0	45580	20006	99	
1146	0	45573	20010	99	
1147	0	45576	20015	99	
1148	0	45572	20018	99	
1149	0	45576	20023	99	
1150	0	45588	20030	99	
1151	0	45603	20035	99	
1152	0	45605	20038	99	
1153	0	45607	20039	99	
1154	0	45616	20038	99	
1155	0	45609	20039	99	
1156	0	45607	20040	99	
1157	0	45606	20040	99	
1158	0	45616	20044	99	
1159	0	45611	20044	99	
1160	0	45616	20043	99	
1161	0	45618	20050	99	
1162	0	45623	20051	99	
1163	0	45629	20058	99	
1164	0	45630	20059	99	
1165	0	45628	20059	99	
1166	0	45630	20062	99	
1167	0	45640	20065	99	
1168	0	45634	20066	99	
1169	0	45636	20067	99	
1170	0	45634	20071	99	
1171	0	45634	20076	99	
1172	0	45624	20084	99	
1173	0	45619	20085	99	
1174	0	45614	20087	99	
1175	0	45610	20090	99	
1176	0	45613	20096	99	
1177	0	45612	20100	99	
1178	0	45605	20106	99	
1179	0	45605	20105	99	
1180	0	45603	20106	99	
1181	0	45607	20102	99	
1182	0	45609	20107	99	
1183	0	45610	20108	99	
1184	0	45619	20109	99	
1185	0	45622	20114	99	
1186	0	45636	20113	99	
1187	0	45639	20111	99	
1188	0	45641	20118	99	
1189	0	45652	20114	99	
1190	0	45646	20117	99	
1191	0	45651	20114	99	
1192	0	45648	20115	99	
1193	0	45654	20120	99	
1194	0	45652	20114	99	
1195	0	45650	20115	99	
1196	0	45650	20119	99	
1197	0	45657	20120	99	
1198	0	45655	20121	99	
1199	0	45662	20121	99	
1200	0	45661	20122	99	
1201	0	45669	20120	99	
1202	0	45671	20119	99	
1203	0	45681	20118	99	
1204	0	45695	20114	99	
1205	0	45699	20107	99	
1206	0	45697	20098	99	
1207	0	45690	20087	99	
1208	0	45678	20080	99	
1209	0	45664	20062	99	
1210	0	45647	20058	99	
1211	0	45639	20046	99	
1212	0	45630	20042	99	
1213	0	45620	20039	99	
1214	0	45623	20035	99	
1215	0	45616	20040	99	
1216	0	45618	20039	99	
1217	0	45623	20036	99	
1218	0	45623	20032	99	
1219	0	45625	20031	99	
1220	0	45617	20033	99	
1221	0	45612	20031	99	
1222	0	45615	20028	99	
1223	0	45602	20032	99	
1224	0	45606	20034	99	
1225	0	45612	20031	99	
1226	0	45614	20034	99	
1227	0	45602	20031	99	
1228	0	45602	20029	99	
1229	0	45602	20033	99	
1230	0	45595	20037	99	
1231	0	45602	20039	99	
1232	0	45603	20043	99	
1233	0	45614	20046	99	
1234	0	45625	20056	99	
1235	0	45638	20058	99	
1236	0	45631	20053	99	
1237	0	45632	20058	99	
1238	0	45638	20053	99	
1239	0	45639	20052	99	
1240	0	45634	20057	99	
1241	0	45636	20056	99	
1242	0	45643	20059	99	
1243	0	45645	20063	99	
1244	0	45645	20065	99	
1245	0	45643	20062	99	
1246	0	45635	20057	99	
1247	0	45631	20049	99	
1248	0	45617	20045	99	
1249	0	45610	20035	99	
1250	0	45592	20025	99	
1251	0	45582	20019	99	
1252	0	45578	20012	99	
1253	0	45562	20007	99	
1254	0	45567	20004	99	
1255	0	45569	19995	99	
1256	0	45568	20000	99	
1257	0	45564	19988	99	
1258	0	45563	19990	99	
1259	0	45561	19988	99	
1260	0	45558	19988	99	
1261	0	45551	19984	99	
1262	0	45562	19984	99	
1263	0	45553	19980	99	
1264	0	45563	19977	99	
1265	0	45553	19974	99	
1266	0	45550	19973	99	
1267	0	45547	19969	99	
1268	0	45540	19970	99	
1269	0	45536	19973	99	
1270	0	45536	19971	99	
1271	0	45543	19970	99	
1272	0	45544	19977	99	
1273	0	45544	19971	99	
1274	0	45546	19971	99	
1275	0	45539	19966	99	
1276	0	45535	19966	99	
1277	0	45536	19965	99	
1278	0	45538	19967	99	
1279	0	45539	19964	99	
1280	0	45542	19966	99	
1281	0	45534	19963	99	
1282	0	45538	19965	99	
1283	0	45530	19962	99	
1284	0	45529	19965	99	
1285	0	45538	19970	99	
1286	0	45538	19972	99	
1287	0	45538	19981	99	
1288	0	45547	19983	99	
1289	0	45555	19991	99	
1290	0	45557	19997	99	
1291	0	45560	20004	99	
1292	0	45558	20008	99	
1293	0	45561	20014	99	
1294	0	45579	20023	99	
1295	0	45592	20028	99	
1296	0	45595	20035	99	
1297	0	45598	20035	99	
1298	0	45610	20039	99	
1299	0	45610	20040	99	
1300	0	45605	20042	99	
1301	0	45610	20046	99	
1302	0	45612	20047	99	
1303	0	45618	20054	99	
1304	0	45620	20055	99	
1305	0	45622	20056	99	
1306	0	45622	20063	99	
1307	0	45630	20066	99	
1308	0	45643	20075	99	
1309	0	45638	20076	99	
1310	0	45655	20076	99	
1311	0	45652	20084	99	
1312	0	45661	20085	99	
1313	0	45658	20088	99	
1314	0	45665	20093	99	
1315	0	45665	20092	99	
1316	0	45663	20099	99	
1317	0	45675	20102	99	
1318	0	45678	20108	99	
1319	0	45676	20108	99	
1320	0	45678	20106	99	
1321	0	45667	20104	99	
1322	0	45657	20098	99	
1323	0	45660	20094	99	
1324	0	45659	20090	99	
1325	0	45645	20088	99	
1326	0	45650	20076	99	
1327	0	45635	20070	99	
1328	0	45628	20063	99	
1329	0	45619	20056	99	
1330	0	45614	20053	99	
1331	0	45607	20050	99	
1332	0	45611	20047	99	
1333	0	45600	20050	99	
1334	0	45613	20047	99	
1335	0	45613	20046	99	
1336	0	45609	20050	99	
1337	0	45613	20048	99	
1338	0	45608	20041	99	
1339	0	45598	20039	99	
1340	0	45595	20036	99	
1341	0	45595	20036	99	
1342	0	45594	20039	99	
1343	0	45598	20041	99	
1344	0	45611	20042	99	
1345	0	45612	20039	99	
1346	0	45613	20043	99	
1347	0	45607	20042	99	
1348	0	45608	20039	99	
1349	0	45601	20036	99	
1350	0	45606	20034	99	
1351	0	45603	20032	99	
1352	0	45600	20032	99	
1353	0	45590	20033	99	
1354	0	45598	20034	99	
1355	0	45599	20034	99	
1356	0	45596	20038	99	
1357	0	45606	20041	99	
1358	0	45607	20041	99	
1359	0	45612	20043	99	
1360	0	45611	20047	99	
1361	0	45612	20048	99	
1362	0	45609	20046	99	
1363	0	45620	20050	99	
1364	0	45614	20047	99	
1365	0	45617	20048	99	
1366	0	45617	20051	99	
1367	0	45620	20047	99	
1368	0	45627	20050	99	
1369	0	45630	20054	99	
1370	0	45633	20058	99	
1371	0	45641	20060	99	
1372	0	45636	20057	99	
1373	0	45642	20058	99	
1374	0	45644	20063	99	
1375	0	45645	20060	99	
1376	0	45648	20067	99	
1377	0	45653	20064	99	
1378	0	45654	20068	99	
1379	0	45658	20065	99	
1380	0	45648	20067	99	
1381	0	45654	20068	99	
1382	0	45653	20069	99	
1383	0	45651	20069	99	
1384	0	45653	20071	99	
1385	0	45656	20071	99	
1386	0	45658	20072	99	
1387	0	45666	20078	99	
1388	0	45665	20080	99	
1389	0	45677	20083	99	
1390	0	45679	20079	99	
1391	0	45679	20082	99	
1392	0	45678	20081	99	
1393	0	45679	20083	99	
1394	0	45682	20084	99	
1395	0	45686	20082	99	
1396	0	45689	20084	99	
1397	0	45688	20084	99	
1398	0	45690	20085	99	
1399	0	45688	20083	99	
1400	0	45682	20081	99	
1401	0	45674	20077	99	
1402	0	45662	20073	99	
1403	0	45653	20069	99	
1404	0	45643	20060	99	
1405	0	45637	20050	99	
1406	0	45617	20045	99	
1407	0	45613	20035	99	
1408	0	45605	20032	99	
1409	0	45600	20025	99	
1410	0	45597	20017	99	
1411	0	45597	20015	99	
1412	0	45592	20007	99	
1413	0	45587	20006	99	
1414	0	45584	20003	99	
1415	0	45585	19993	99	
1416	0	45575	19995	99	
1417	0	45580	19988	99	
1418	0	45576	19989	99	
1419	0	45563	19986	99	
1420	0	45562	19983	99	
1421	0	45557	19982	99	
1422	0	45560	19979	99	
1423	0	45558	19978	99	
1424	0	45555	19978	99	
1425	0	45546	19978	99	
1426	0	45550	19979	99	
1427	0	45556	19983	99	
1428	0	45559	19980	99	
1429	0	45554	19979	99	
1430	0	45555	19978	99	
1431	0	45557	19977	99	
1432	0	45553	19975	99	
1433	0	45545	19972	99	
1434	0	45549	19971	99	
1435	0	45543	19969	99	
1436	0	45549	19971	99	
1437	0	45548	19971	99	
1438	0	45551	19973	99	
1439	0	45553	19974	99	
1440	0	45557	19974	99	
1441	0	45561	19978	99	
1442	0	45558	19978	99	
1443	0	45558	19976	99	
1444	0	45564	19978	99	
1445	0	45565	19984	99	
1446	0	45567	19983	99	
1447	0	45561	19986	99	
1448	0	45572	19986	99	
1449	0	45564	19989	99	
1450	0	45568	19992	99	
1451	0	45570	19995	99	
1452	0	45574	20000	99	
1453	0	45581	20000	99	
1454	0	45582	20000	99	
1455	0	45592	20010	99	
1456	0	45587	20006	99	
1457	0	45595	20005	99	
1458	0	45593	20008	99	
1459	0	45593	20011	99	
1460	0	45593	20012	99	
1461	0	45604	20015	99	
1462	0	45600	20018	99	
1463	0	45604	20018	99	
1464	0	45609	20014	99	
1465	0	45604	20019	99	
1466	0	45606	20019	99	
1467	0	45606	20022	99	
1468	0	45607	20020	99	
1469	0	45612	20026	99	
1470	0	45610	20026	99	
1471	0	45620	20026	99	
1472	0	45623	20029	99	
1473	0	45628	20030	99	
1474	0	45622	20032	99	
1475	0	45622	20033	99	
1476	0	45623	20031	99	
1477	0	45627	20035	99	
1478	0	45626	20037	99	
1479	0	45632	20040	99	
1480	0	45632	20044	99	
1481	0	45636	20040	99	
1482	0	45634	20047	99	
1483	0	45647	20046	99	
1484	0	45642	20050	99	
1485	0	45638	20049	96	
1486	0	45632	20041	96	
1487	0	45621	20039	96	
1488	0	45603	20030	96	
1489	0	45602	20028	96	
1490	0	45591	20023	96	
1491	0	45578	20013	96	
1492	0	45572	20011	96	
1493	0	45572	20001	96	
1494	0	45562	20000	96	
1495	0	45558	19999	96	
1496	0	45560	19999	96	
1497	0	45568	19998	96	
1498	0	45556	19987	96	
1499	0	45559	19990	96	
1500	0	45556	19990	96	
1501	0	45551	19991	96	
1502	0	45550	19991	96	
1503	0	45548	19991	96	
1504	0	45547	19990	96	
1505	0	45553	19993	96	
1506	0	45557	19989	96	
1507	0	45554	19991	96	
1508	0	45558	19995	96	
1509	0	45551	19989	96	
1510	0	45551	19989	96	
1511	0	45548	19990	96	
1512	0	45549	19988	96	
1513	0	45548	19983	96	
1514	0	45548	19984	96	
1515	0	45540	19982	96	
1516	0	45542	19981	96	
1517	0	45543	19981	96	
1518	0	45541	19977	96	
1519	0	45535	19980	96	
1520	0	45537	19978	96	
1521	0	45541	19979	96	
1522	0	45543	19983	96	
1523	0	45537	19981	96	
1524	0	45538	19983	96	
1525	0	45538	19979	96	
1526	0	45541	19978	96	
1527	0	45543	19982	96	
1528	0	45545	19983	96	
1529	0	45543	19984	96	
1530	0	45551	19987	96	
1531	0	45554	19991	96	
1532	0	45552	19988	96	
1533	0	45550	19995	96	
1534	0	45545	19987	96	
1535	0	45548	19989	96	
1536	0	45544	19989	96	
1537	0	45542	19995	96	
1538	0	45546	19996	96	
1539	0	45555	20002	96	
1540	0	45562	20003	96	
1541	0	45562	20008	96	
1542	0	45568	20007	96	
1543	0	45562	20008	96	
1544	0	45569	20010	96	
1545	0	45565	20007	96	
1546	0	45568	20010	96	
1547	0	45571	20012	96	
1548	0	45575	20015	96	
1549	0	45572	20018	96	
1550	0	45572	20016	96	
1551	0	45581	20022	96	
1552	0	45582	20017	96	
1553	0	45582	20017	96	
1554	0	45576	20017	96	
1555	0	45581	20023	96	
1556	0	45584	20025	96	
1557	0	45583	20024	96	
1558	0	45580	20030	96	
1559	0	45579	20031	96	
1560	0	45588	20032	96	
1561	0	45586	20037	96	
1562	0	45596	20037	96	
1563	0	45604	20044	96	
1564	0	45602	20039	96	
1565	0	45604	20041	96	
1566	0	45603	20042	96	
1567	0	45596	20035	96	
1568	0	45590	20034	96	
1569	0	45587	20034	96	
1570	0	45579	20032	96	
1571	0	45573	20028	96	
1572	0	45563	20021	96	
1573	0	45554	20013	96	
1574	0	45541	20004	96	
1575	0	45529	19998	96	
1576	0	45525	19995	96	
1577	0	45523	19992	96	
1578	0	45522	19987	96	
1579	0	45519	19989	96	
1580	0	45514	19988	96	
1581	0	45513	19986	96	
1582	0	45507	19985	96	
1583	0	45504	19987	96	
1584	0	45512	19986	96	
1585	0	45508	19989	96	
1586	0	45514	19991	96	
1587	0	45516	19989	96	
1588	0	45520	19988	96	
1589	0	45525	19989	96	
1590	0	45520	19988	96	
1591	0	45517	19991	96	
1592	0	45516	19987	96	
1593	0	45507	19993	96	
1594	0	45510	19988	96	
1595	0	45514	19992	96	
1596	0	45511	19992	96	
1597	0	45522	19997	96	
1598	0	45521	19990	96	
1599	0	45520	19994	96	
1600	0	45518	19992	96	
1601	0	45519	19986	96	
1602	0	45509	19980	96	
1603	0	45515	19982	96	
1604	0	45505	19983	96	
1605	0	45509	19982	96	
1606	0	45514	19986	96	
1607	0	45514	19987	96	
1608	0	45523	19990	96	
1609	0	45521	19996	96	
1610	0	45530	19996	96	
1611	0	45534	19994	96	
1612	0	45537	19995	96	
1613	0	45530	19995	96	
1614	0	45534	20000	96	
1615	0	45537	20000	96	
1616	0	45536	20004	96	
1617	0	45527	20000	96	
1618	0	45536	20006	96	
1619	0	45534	20007	96	
1620	0	45545	20009	96	
1621	0	45547	20009	96	
1622	0	45552	20011	96	
1623	0	45543	20011	96	
1624	0	45544	20011	96	
1625	0	45540	20014	96	
1626	0	45544	20015	96	
1627	0	45540	20016	96	
1628	0	45543	20019	96	
1629	0	45547	20021	96	
1630	0	45557	20018	96	
1631	0	45554	20023	96	
1632	0	45558	20024	96	
1633	0	45569	20030	96	
1634	0	45571	20032	96	
1635	0	45562	20033	96	
1636	0	45564	20033	96	
1637	0	45566	20033	96	
1638	0	45568	20036	96	
1639	0	45562	20036	96	
1640	0	45565	20038	96	
1641	0	45574	20044	96	
1642	0	45578	20046	96	
1643	0	45581	20055	96	
1644	0	45591	20053	96	
1645	0	45589	20055	96	
1646	0	45593	20060	96	
1647	0	45587	20058	96	
1648	0	45592	20061	96	
1649	0	45586	20060	96	
1650	0	45581	20056	96	
1651	0	45575	20053	96	
1652	0	45564	20051	96	
1653	0	45549	20044	96	
1654	0	45541	20040	96	
1655	0	45540	20040	96	
1656	0	45534	20033	96	
1657	0	45529	20030	96	
1658	0	45532	20027	96	
1659	0	45529	20026	96	
1660	0	45525	20024	96	
1661	0	45517	20020	96	
1662	0	45518	20018	96	
1663	0	45516	20018	96	
1664	0	45514	20016	96	
1665	0	45514	20013	96	
1666	0	45509	20016	96	
1667	0	45505	20017	96	
1668	0	45513	20022	96	
1669	0	45524	20024	96	
1670	0	45528	20029	96	
1671	0	45529	20026	96	
1672	0	45528	20021	96	
1673	0	45531	20026	96	
1674	0	45519	20024	96	
1675	0	45526	20023	96	
1676	0	45526	20024	96	
1677	0	45528	20021	96	
1678	0	45528	20020	96	
1679	0	45524	20019	96	
1680	0	45528	20018	96	
1681	0	45530	20016	96	
1682	0	45520	20010	96	
1683	0	45515	20012	96	
1684	0	45508	20010	96	
1685	0	45510	20009	96	
1686	0	45516	20008	96	
1687	0	45512	20010	96	
1688	0	45517	20011	96	
1689	0	45522	20014	96	
1690	0	45523	20016	96	
1691	0	45523	20015	96	
1692	0	45525	20015	96	
1693	0	45525	20012	96	
1694	0	45521	20011	96	
1695	0	45521	20014	96	
1696	0	45523	20018	96	
1697	0	45529	20019	96	
1698	0	45535	20025	96	
1699	0	45539	20026	96	
1700	0	45543	20028	96	
1701	0	45545	20026	96	
1702	0	45542	20029	96	
1703	0	45540	20028	96	
1704	0	45545	20031	96	
1705	0	45551	20031	96	
1706	0	45552	20035	96	
1707	0	45550	20034	96	
1708	0	45550	20039	96	
1709	0	45549	20029	96	
1710	0	45547	20031	96	
1711	0	45552	20038	96	
1712	0	45550	20037	96	
1713	0	45559	20037	96	
1714	0	45565	20038	96	
1715	0	45562	20040	96	
1716	0	45563	20040	96	
1717	0	45568	20043	96	
1718	0	45571	20040	96	
1719	0	45577	20045	96	
1720	0	45572	20041	96	
1721	0	45568	20045	96	
1722	0	45570	20049	96	
1723	0	45574	20048	96	
1724	0	45583	20047	96	
1725	0	45581	20055	96	
1726	0	45584	20056	96	
1727	0	45590	20057	96	
1728	0	45598	20059	96	
1729	0	45593	20056	96	
1730	0	45588	20055	96	
1731	0	45585	20053	96	
1732	0	45567	20049	96	
1733	0	45556	20043	96	
1734	0	45550	20035	96	
1735	0	45534	20028	96	
1736	0	45529	20017	96	
1737	0	45516	20014	96	
1738	0	45512	20008	96	
1739	0	45513	20003	96	
1740	0	45516	19998	96	
1741	0	45510	19993	96	
1742	0	45495	19993	96	
1743	0	45492	19990	96	
1744	0	45493	19990	96	
1745	0	45491	19987	96	
1746	0	45497	19986	96	
1747	0	45497	19986	96	
1748	0	45497	19988	96	
1749	0	45497	19988	96	
1750	0	45503	19980	96	
1751	0	45499	19983	96	
1752	0	45494	19980	96	
1753	0	45492	19976	96	
1754	0	45482	19978	96	
1755	0	45481	19974	96	
1756	0	45483	19976	96	
1757	0	45485	19977	96	
1758	0	45485	19973	96	
1759	0	45488	19970	96	
1760	0	45484	19971	96	
1761	0	45485	19970	96	
1762	0	45484	19969	96	
1763	0	45471	19965	96	
1764	0	45476	19964	96	
1765	0	45473	19964	96	
1766	0	45472	19963	96	
1767	0	45473	19966	96	
1768	0	45473	19963	96	
1769	0	45472	19970	96	
1770	0	45481	19970	96	
1771	0	45478	19972	96	
1772	0	45478	19972	96	
1773	0	45485	19975	96	
1774	0	45481	19976	96	
1775	0	45493	19976	96	
1776	0	45495	19980	96	
1777	0	45495	19980	96	
1778	0	45492	19980	96	
1779	0	45491	19983	96	
1780	0	45499	19983	96	
1781	0	45491	19983	96	
1782	0	45493	19988	96	
1783	0	45500	19989	96	
1784	0	45504	19993	96	
1785	0	45507	20000	94	
1786	0	45510	19998	94	
1787	0	45516	20002	94	
1788	0	45512	20001	94	
1789	0	45515	19997	94	
1790	0	45512	19999	94	
1791	0	45519	20001	94	
1792	0	45520	20000	94	
1793	0	45514	20004	94	
1794	0	45511	20000	94	
1795	0	45513	20004	94	
1796	0	45508	20006	94	
1797	0	45515	20007	94	
1798	0	45521	20012	94	
1799	0	45531	20012	94	
1800	0	45539	20014	94	
1801	0	45543	20015	94	
1802	0	45538	20018	94	
1803	0	45533	20014	94	
1804	0	45535	20012	94	
1805	0	45532	20017	94	
1806	0	45533	20020	94	
1807	0	45529	20022	94	
1808	0	45521	20023	94	
1809	0	45518	20018	94	
1810	0	45510	20013	94	
1811	0	45502	20009	94	
1812	0	45497	20005	94	
1813	0	45495	20002	94	
1814	0	45489	19997	94	
1815	0	45483	19986	94	
1816	0	45472	19985	94	
1817	0	45462	19980	94	
1818	0	45458	19977	94	
1819	0	45456	19974	94	
1820	0	45461	19977	94	
1821	0	45457	19974	94	
1822	0	45462	19976	94	
1823	0	45469	19975	94	
1824	0	45470	19975	94	
1825	0	45469	19976	94	
1826	0	45470	19981	94	
1827	0	45470	19976	94	
1828	0	45464	19976	94	
1829	0	45468	19977	94	
1830	0	45466	19980	94	
1831	0	45466	19982	94	
1832	0	45474	19984	94	
1833	0	45478	19979	94	
1834	0	45477	19978	94	
1835	0	45467	19971	94	
1836	0	45467	19972	94	
1837	0	45461	19974	94	
1838	0	45460	19972	94	
1839	0	45464	19968	94	
1840	0	45457	19971	94	
1841	0	45450	19966	94	
1842	0	45454	19966	94	
1843	0	45453	19962	94	
1844	0	45452	19963	94	
1845	0	45454	19962	94	
1846	0	45460	19963	94	
1847	0	45463	19966	94	
1848	0	45457	19962	94	
1849	0	45463	19969	94	
1850	0	45466	19969	94	
1851	0	45467	19970	94	
1852	0	45465	19972	94	
1853	0	45468	19972	94	
1854	0	45467	19974	94	
1855	0	45474	19975	94	
1856	0	45475	19972	94	
1857	0	45469	19970	94	
1858	0	45469	19976	94	
1859	0	45473	19976	94	
1860	0	45472	19977	94	
1861	0	45476	19974	94	
1862	0	45474	19976	94	
1863	0	45475	19980	94	
1864	0	45478	19980	94	
1865	0	45476	19983	94	
1866	0	45475	19985	94	
1867	0	45484	19985	94	
1868	0	45484	19986	94	
1869	0	45492	19993	94	
1870	0	45487	19990	94	
1871	0	45492	19992	94	
1872	0	45494	19991	94	
1873	0	45495	19991	94	
1874	0	45489	19995	94	
1875	0	45488	19993	94	
1876	0	45485	19995	94	
1877	0	45496	19997	94	
1878	0	45496	20000	94	
1879	0	45503	20004	94	
1880	0	45505	20002	94	
1881	0	45519	20010	94	
1882	0	45515	20012	94	
1883	0	45520	20006	94	
1884	0	45513	20010	94	
1885	0	45510	20008	94	
1886	0	45502	20004	94	
1887	0	45490	20000	94	
1888	0	45482	19995	94	
1889	0	45472	19987	94	
1890	0	45461	19983	94	
1891	0	45456	19977	94	
1892	0	45449	19970	94	
1893	0	45447	19962	94	
1894	0	45439	19958	94	
1895	0	45437	19961	94	
1896	0	45435	19954	94	
1897	0	45428	19955	94	
1898	0	45429	19957	94	
1899	0	45424	19959	94	
1900	0	45425	19958	94	
1901	0	45424	19961	94	
1902	0	45430	19960	94	
1903	0	45431	19966	94	
1904	0	45435	19967	94	
1905	0	45441	19967	94	
1906	0	45444	19964	94	
1907	0	45444	19963	94	
1908	0	45444	19965	94	
1909	0	45436	19964	94	
1910	0	45440	19962	94	
1911	0	45433	19963	94	
1912	0	45434	19963	94	
1913	0	45435	19963	94	
1914	0	45432	19963	94	
1915	0	45438	19963	94	
1916	0	45433	19962	94	
1917	0	45445	19961	94	
1918	0	45438	19961	94	
1919	0	45449	19960	94	
1920	0	45443	19963	94	
1921	0	45442	19961	94	
1922	0	45444	19957	94	
1923	0	45447	19961	94	
1924	0	45447	19957	94	
1925	0	45442	19964	94	
1926	0	45443	19969	94	
1927	0	45447	19967	94	
1928	0	45449	19967	94	
1929	0	45458	19969	94	
1930	0	45457	19973	94	
1931	0	45461	19972	94	
1932	0	45469	19972	94	
1933	0	45462	19977	94	
1934	0	45471	19973	94	
1935	0	45470	19976	94	
1936	0	45461	19978	94	
1937	0	45461	19979	94	
1938	0	45465	19979	94	
1939	0	45470	19982	94	
1940	0	45480	19989	94	
1941	0	45483	19992	94	
1942	0	45490	19994	94	
1943	0	45487	19994	94	
1944	0	45482	19993	94	
1945	0	45482	19993	94	
1946	0	45487	19997	94	
1947	0	45487	19990	94	
1948	0	45487	19994	94	
1949	0	45482	19993	94	
1950	0	45486	19998	94	
1951	0	45497	20003	94	
1952	0	45501	20005	94	
1953	0	45494	20007	94	
1954	0	45502	20011	94	
1955	0	45501	20009	94	
1956	0	45506	20008	94	
1957	0	45509	20013	94	
1958	0	45508	20012	94	
1959	0	45504	20012	94	
1960	0	45504	20016	94	
1961	0	45504	20019	94	
1962	0	45506	20019	94	
1963	0	45503	20021	94	
1964	0	45507	20020	94	
1965	0	45496	20015	94	
1966	0	45494	20010	94	
1967	0	45482	20002	94	
1968	0	45479	19996	94	
1969	0	45468	19989	94	
1970	0	45462	19981	94	
1971	0	45458	19972	94	
1972	0	45454	19973	94	
1973	0	45446	19971	94	
1974	0	45455	19974	94	
1975	0	45455	19970	94	
1976	0	45456	19971	94	
1977	0	45458	19965	94	
1978	0	45450	19968	94	
1979	0	45450	19965	94	
1980	0	45447	19962	94	
1981	0	45447	19963	94	
1982	0	45442	19962	94	
1983	0	45444	19961	94	
1984	0	45448	19956	94	
1985	0	45452	19957	94	
1986	0	45445	19956	94	
1987	0	45449	19953	94	
1988	0	45445	19951	94	
1989	0	45442	19955	94	
1990	0	45434	19950	94	
1991	0	45433	19951	94	
1992	0	45432	19949	94	
1993	0	45424	19946	94	
1994	0	45426	19945	94	
1995	0	45423	19946	94	
1996	0	45428	19945	94	
1997	0	45431	19949	94	
1998	0	45433	19948	94	
1999	0	45440	19948	94	
2000	0	45436	19948	94	
2001	0	45447	19949	94	
2002	0	45444	19945	94	
2003	0	45433	19946	94	
2004	0	45441	19950	94	
2005	0	45439	19949	94	
2006	0	45440	19951	94	
2007	0	45436	19951	94	
2008	0	45444	19951	94	
2009	0	45438	19954	94	
2010	0	45448	19955	94	
2011	0	45455	19956	94	
2012	0	45456	19956	94	
2013	0	45454	19959	94	
2014	0	45460	19958	94	
2015	0	45458	19960	94	
2016	0	45457	19960	94	
2017	0	45459	19959	94	
2018	0	45462	19966	94	
2019	0	45468	19967	94	
2020	0	45471	19968	94	
2021	0	45477	19972	94	
2022	0	45472	19970	94	
2023	0	45468	19969	94	
2024	0	45469	19966	94	
2025	0	45463	19971	94	
2026	0	45468	19976	94	
2027	0	45469	19974	94	
2028	0	45470	19972	94	
2029	0	45472	19980	94	
2030	0	45486	19980	94	
2031	0	45490	19983	94	
2032	0	45495	19988	94	
2033	0	45491	19985	94	
2034	0	45498	19987	94	
2035	0	45502	19986	94	
2036	0	45501	19987	94	
2037	0	45501	19989	94	
2038	0	45500	19989	94	
2039	0	45493	19990	94	
2040	0	45493	19991	94	
2041	0	45490	19992	94	
2042	0	45492	19991	94	
2043	0	45476	19988	94	
2044	0	45468	19983	94	
2045	0	45464	19971	94	
2046	0	45461	19972	94	
2047	0	45453	19970	94	
2048	0	45439	19958	94	
2049	0	45440	19955	94	
2050	0	45428	19947	94	
2051	0	45426	19947	94	
2052	0	45422	19949	94	
2053	0	45421	19948	94	
2054	0	45425	19948	94	
2055	0	45428	19947	94	
2056	0	45423	19948	94	
2057	0	45431	19950	94	
2058	0	45436	19945	94	
2059	0	45432	19951	94	
2060	0	45430	19951	94	
2061	0	45424	19952	94	
2062	0	45430	19951	94	
2063	0	45425	19953	94	
2064	0	45430	19951	94	
2065	0	45430	19954	94	
2066	0	45425	19949	94	
2067	0	45431	19951	94	
2068	0	45436	19957	94	
2069	0	45435	19950	94	
2070	0	45435	19951	94	
2071	0	45433	19945	94	
2072	0	45424	19949	94	
2073	0	45423	19945	94	
2074	0	45428	19945	94	
2075	0	45428	19947	94	
2076	0	45427	19945	94	
2077	0	45428	19944	94	
2078	0	45426	19947	94	
2079	0	45430	19951	94	
2080	0	45428	19951	94	
2081	0	45433	19951	94	
2082	0	45440	19951	94	
2083	0	45439	19949	94	
2084	0	45437	19946	94	
2085	0	45438	19946	94	
2086	0	45437	19947	94	
2087	0	45435	19951	94	
2088	0	45437	19953	94	
2089	0	45445	19955	94	
2090	0	45445	19954	94	
2091	0	45446	19956	94	
2092	0	45450	19961	94	
2093	0	45453	19958	94	
2094	0	45454	19960	94	
2095	0	45453	19958	94	
2096	0	45453	19960	94	
2097	0	45459	19959	94	
2098	0	45458	19961	94	
2099	0	45462	19960	94	
2100	0	45451	19961	94	
2101	0	45455	19958	94	
2102	0	45457	19959	94	
2103	0	45446	19961	94	
2104	0	45452	19960	94	
2105	0	45453	19961	94	
2106	0	45462	19961	94	
2107	0	45455	19962	94	
2108	0	45455	19964	94	
2109	0	45453	19961	94	
2110	0	45450	19964	94	
2111	0	45446	19965	94	
2112	0	45448	19968	94	
2113	0	45451	19971	94	
2114	0	45447	19975	94	
2115	0	45457	19977	94	
2116	0	45456	19982	94	
2117	0	45468	19977	94	
2118	0	45475	19984	94	
2119	0	45478	19987	94	
2120	0	45476	19985	94	
2121	0	45462	19986	94	
2122	0	45461	19979	94	
2123	0	45444	19972	94	
2124	0	45444	19972	94	
2125	0	45432	19963	94	
2126	0	45425	19959	94	
2127	0	45421	19954	94	
2128	0	45419	19949	94	
2129	0	45416	19945	94	
2130	0	45404	19942	94	
2131	0	45410	19940	94	
2132	0	45400	19938	94	
2133	0	45401	19941	94	
2134	0	45401	19939	94	
2135	0	45403	19943	94	
2136	0	45405	19945	94	
2137	0	45406	19947	94	
2138	0	45406	19949	94	
2139	0	45413	19950	94	
2140	0	45413	19951	94	
2141	0	45418	19955	94	
2142	0	45416	19952	94	
2143	0	45413	19955	94	
2144	0	45426	19952	94	
2145	0	45417	19951	94	
2146	0	45414	19953	94	
2147	0	45412	19952	94	
2148	0	45411	19952	94	
2149	0	45408	19950	94	
2150	0	45409	19945	94	
2151	0	45405	19946	94	
2152	0	45411	19939	94	
2153	0	45407	19937	94	
2154	0	45406	19940	94	
2155	0	45405	19939	94	
2156	0	45404	19936	94	
2157	0	45401	19936	94	
2158	0	45397	19934	94	
2159	0	45404	19937	94	
2160	0	45408	19935	94	
2161	0	45407	19940	94	
2162	0	45407	19936	94	
2163	0	45417	19941	94	
2164	0	45415	19942	94	
2165	0	45421	19942	94	
2166	0	45414	19941	94	
2167	0	45416	19938	94	
2168	0	45411	19939	94	
2169	0	45423	19941	94	
2170	0	45420	19937	94	
2171	0	45414	19940	94	
2172	0	45412	19939	94	
2173	0	45413	19939	94	
2174	0	45414	19944	94	
2175	0	45418	19936	94	
2176	0	45412	19942	94	
2177	0	45411	19944	94	
2178	0	45409	19943	94	
2179	0	45411	19946	94	
2180	0	45416	19947	94	
2181	0	45412	19949	94	
2182	0	45413	19953	94	
2183	0	45423	19955	94	
2184	0	45421	19957	94	
2185	0	45423	19954	94	
2186	0	45425	19961	94	
2187	0	45434	19954	94	
2188	0	45430	19954	94	
2189	0	45429	19959	94	
2190	0	45430	19960	94	
2191	0	45426	19962	94	
2192	0	45434	19961	94	
2193	0	45433	19963	94	
2194	0	45434	19965	94	
2195	0	45443	19976	94	
2196	0	45451	19975	94	
2197	0	45450	19980	94	
2198	0	45447	19978	94	
2199	0	45445	19974	94	
2200	0	45437	19974	94	
2201	0	45431	19973	94	
2202	0	45415	19968	94	
2203	0	45411	19957	94	
2204	0	45400	19955	94	
2205	0	45394	19947	94	
2206	0	45386	19944	94	
2207	0	45377	19941	94	
2208	0	45380	19937	94	
2209	0	45384	19940	94	
2210	0	45390	19940	94	
2211	0	45388	19937	94	
2212	0	45389	19934	94	
2213	0	45379	19936	94	
2214	0	45382	19936	94	
2215	0	45380	19933	94	
2216	0	45377	19936	94	
2217	0	45380	19937	94	
2218	0	45387	19940	94	
2219	0	45384	19938	94	
2220	0	45392	19940	94	
2221	0	45388	19939	94	
2222	0	45385	19940	94	
2223	0	45381	19941	94	
2224	0	45381	19936	94	
2225	0	45382	19935	94	
2226	0	45382	19935	94	
2227	0	45378	19936	94	
2228	0	45374	19931	94	
2229	0	45374	19928	94	
2230	0	45375	19932	94	
2231	0	45378	19931	94	
2232	0	45379	19928	94	
2233	0	45380	19930	94	
2234	0	45383	19930	94	
2235	0	45382	19931	94	
2236	0	45381	19930	94	
2237	0	45380	19928	94	
2238	0	45376	19930	94	
2239	0	45382	19931	94	
2240	0	45379	19927	94	
2241	0	45386	19934	94	
2242	0	45390	19933	94	
2243	0	45396	19932	94	
2244	0	45393	19939	94	
2245	0	45392	19935	94	
2246	0	45390	19939	94	
2247	0	45393	19934	94	
2248	0	45401	19936	94	
2249	0	45399	19944	94	
2250	0	45398	19942	94	
2251	0	45399	19939	94	
2252	0	45400	19940	94	
2253	0	45403	19942	94	
2254	0	45410	19948	94	
2255	0	45414	19945	94	
2256	0	45411	19946	94	
2257	0	45410	19945	94	
2258	0	45412	19948	94	
2259	0	45412	19948	94	
2260	0	45408	19948	94	
2261	0	45400	19948	94	
2262	0	45410	19948	94	
2263	0	45410	19955	94	
2264	0	45414	19956	94	
2265	0	45418	19958	94	
2266	0	45420	19954	94	
2267	0	45425	19954	94	
2268	0	45423	19957	94	
2269	0	45422	19956	94	
2270	0	45423	19959	94	
2271	0	45432	19961	94	
2272	0	45437	19967	94	
2273	0	45442	19970	94	
2274	0	45444	19970	94	
2275	0	45444	19973	94	
2276	0	45437	19971	94	
2277	0	45440	19968	94	
2278	0	45432	19971	94	
2279	0	45425	19963	94	
2280	0	45420	19960	94	
2281	0	45414	19954	94	
2282	0	45395	19947	94	
2283	0	45387	19942	94	
2284	0	45384	19937	94	
2285	0	45369	19932	94	
2286	0	45362	19926	94	
2287	0	45363	19920	94	
2288	0	45359	19923	94	
2289	0	45367	19917	94	
2290	0	45365	19920	94	
2291	0	45361	19921	94	
2292	0	45363	19919	94	
2293	0	45359	19920	94	
2294	0	45357	19917	94	
2295	0	45360	19916	94	
2296	0	45356	19917	94	
2297	0	45366	19919	94	
2298	0	45369	19923	94	
2299	0	45374	19924	94	
2300	0	45371	19924	94	
2301	0	45378	19922	94	
2302	0	45366	19920	94	
2303	0	45372	19921	94	
2304	0	45372	19922	94	
2305	0	45361	19918	94	
2306	0	45370	19917	94	
2307	0	45364	19916	94	
2308	0	45360	19920	94	
2309	0	45372	19917	94	
2310	0	45368	19917	94	
2311	0	45372	19916	94	
2312	0	45368	19915	94	
2313	0	45375	19915	94	
2314	0	45366	19913	94	
2315	0	45366	19916	94	
2316	0	45368	19916	94	
2317	0	45369	19921	94	
2318	0	45375	19923	94	
2319	0	45375	19921	94	
2320	0	45374	19924	94	
2321	0	45374	19925	94	
2322	0	45380	19928	94	
2323	0	45386	19931	94	
2324	0	45385	19936	94	
2325	0	45397	19936	94	
2326	0	45393	19937	94	
2327	0	45399	19940	94	
2328	0	45405	19942	94	
2329	0	45402	19939	94	
2330	0	45396	19939	94	
2331	0	45398	19944	94	
2332	0	45409	19943	94	
2333	0	45410	19949	94	
2334	0	45419	19947	94	
2335	0	45416	19948	94	
2336	0	45418	19941	94	
2337	0	45411	19945	94	
2338	0	45412	19943	94	
2339	0	45412	19947	94	
2340	0	45419	19950	94	
2341	0	45415	19944	94	
2342	0	45416	19948	94	
2343	0	45418	19952	94	
2344	0	45413	19953	94	
2345	0	45419	19956	94	
2346	0	45421	19958	94	
2347	0	45431	19954	94	
2348	0	45435	19961	94	
2349	0	45441	19963	94	
2350	0	45444	19962	94	
2351	0	45441	19959	94	
2352	0	45442	19965	94	
2353	0	45447	19967	94	
2354	0	45450	19964	94	
2355	0	45451	19966	94	
2356	0	45448	19967	94	
2357	0	45445	19966	94	
2358	0	45443	19969	94	
2359	0	45448	19969	94	
2360	0	45438	19965	94	
2361	0	45436	19964	94	
2362	0	45433	19960	94	
2363	0	45419	19949	94	
2364	0	45405	19938	94	
2365	0	45396	19931	94	
2366	0	45386	19923	94	
2367	0	45375	19914	94	
2368	0	45374	19909	94	
2369	0	45369	19908	94	
2370	0	45357	19904	94	
2371	0	45355	19902	94	
2372	0	45355	19901	94	
2373	0	45353	19900	94	
2374	0	45349	19901	94	
2375	0	45351	19898	94	
2376	0	45359	19900	94	
2377	0	45349	19899	94	
2378	0	45359	19898	94	
2379	0	45358	19898	94	
2380	0	45349	19898	94	
2381	0	45348	19900	94	
2382	0	45353	19901	94	
2383	0	45350	19899	94	
2384	0	45359	19898	94	
2385	0	45354	19902	93	
2386	0	45360	19899	93	
2387	0	45354	19897	93	
2388	0	45355	19895	93	
2389	0	45352	19895	93	
2390	0	45349	19889	93	
2391	0	45343	19892	93	
2392	0	45347	19889	93	
2393	0	45350	19890	93	
2394	0	45353	19892	93	
2395	0	45357	19887	93	
2396	0	45355	19887	93	
2397	0	45348	19889	93	
2398	0	45346	19883	93	
2399	0	45346	19884	93	
2400	0	45349	19883	93	
2401	0	45345	19883	93	
2402	0	45355	19888	93	
2403	0	45344	19889	93	
2404	0	45349	19890	93	
2405	0	45352	19888	93	
2406	0	45362	19889	93	
2407	0	45362	19890	93	
2408	0	45357	19892	93	
2409	0	45359	19893	93	
2410	0	45358	19892	93	
2411	0	45360	19892	93	
2412	0	45361	19888	93	
2413	0	45352	19892	93	
2414	0	45360	19893	93	
2415	0	45360	19892	93	
2416	0	45361	19894	93	
2417	0	45366	19892	93	
2418	0	45365	19891	93	
2419	0	45366	19896	93	
2420	0	45368	19900	93	
2421	0	45369	19903	93	
2422	0	45367	19900	93	
2423	0	45375	19902	93	
2424	0	45362	19900	93	
2425	0	45377	19902	93	
2426	0	45372	19904	93	
2427	0	45373	19906	93	
2428	0	45379	19908	93	
2429	0	45381	19909	93	
2430	0	45382	19912	93	
2431	0	45383	19916	93	
2432	0	45387	19917	93	
2433	0	45392	19924	93	
2434	0	45400	19924	93	
2435	0	45401	19922	93	
2436	0	45404	19926	93	
2437	0	45406	19920	93	
2438	0	45393	19919	93	
2439	0	45393	19917	93	
2440	0	45387	19916	93	
2441	0	45380	19913	93	
2442	0	45367	19912	93	
2443	0	45364	19903	93	
2444	0	45362	19896	93	
2445	0	45353	19886	93	
2446	0	45341	19877	93	
2447	0	45336	19872	93	
2448	0	45328	19868	93	
2449	0	45323	19859	93	
2450	0	45319	19856	93	
2451	0	45320	19860	93	
2452	0	45315	19856	93	
2453	0	45318	19858	93	
2454	0	45313	19860	93	
2455	0	45319	19858	93	
2456	0	45323	19858	93	
2457	0	45318	19861	93	
2458	0	45321	19861	93	
2459	0	45330	19858	93	
2460	0	45327	19855	93	
2461	0	45320	19852	93	
2462	0	45328	19858	93	
2463	0	45324	19850	93	
2464	0	45318	19850	93	
2465	0	45324	19852	93	
2466	0	45319	19852	93	
2467	0	45310	19849	93	
2468	0	45320	19844	93	
2469	0	45312	19844	93	
2470	0	45312	19848	93	
2471	0	45311	19842	93	
2472	0	45314	19839	93	
2473	0	45309	19839	93	
2474	0	45306	19836	93	
2475	0	45304	19835	93	
2476	0	45309	19831	93	
2477	0	45304	19833	93	
2478	0	45297	19834	93	
2479	0	45300	19835	93	
2480	0	45302	19840	93	
2481	0	45313	19838	93	
2482	0	45319	19840	93	
2483	0	45322	19840	93	
2484	0	45332	19846	93	
2485	0	45323	19846	93	
2486	0	45321	19843	93	
2487	0	45325	19844	93	
2488	0	45323	19843	93	
2489	0	45323	19847	93	
2490	0	45322	19845	93	
2491	0	45327	19846	93	
2492	0	45329	19847	93	
2493	0	45330	19853	93	
2494	0	45340	19856	93	
2495	0	45337	19856	93	
2496	0	45342	19854	93	
2497	0	45340	19854	93	
2498	0	45341	19855	93	
2499	0	45344	19851	93	
2500	0	45343	19852	93	
2501	0	45338	19852	93	
2502	0	45336	19856	93	
2503	0	45347	19859	93	
2504	0	45353	19861	93	
2505	0	45354	19863	93	
2506	0	45361	19862	93	
2507	0	45362	19861	93	
2508	0	45357	19861	93	
2509	0	45364	19863	93	
2510	0	45367	19861	93	
2511	0	45364	19866	93	
2512	0	45366	19864	93	
2513	0	45365	19869	93	
2514	0	45369	19873	93	
2515	0	45369	19874	93	
2516	0	45377	19872	93	
2517	0	45370	19871	93	
2518	0	45360	19862	93	
2519	0	45349	19857	93	
2520	0	45338	19849	93	
2521	0	45330	19843	93	
2522	0	45315	19832	93	
2523	0	45307	19823	93	
2524	0	45305	19817	93	
2525	0	45291	19808	93	
2526	0	45283	19800	93	
2527	0	45276	19793	93	
2528	0	45271	19789	93	
2529	0	45269	19787	93	
2530	0	45264	19783	93	
2531	0	45268	19785	93	
2532	0	45259	19789	93	
2533	0	45269	19788	93	
2534	0	45267	19787	93	
2535	0	45268	19782	93	
2536	0	45270	19782	93	
2537	0	45269	19781	93	
2538	0	45268	19787	93	
2539	0	45275	19786	93	
2540	0	45267	19779	93	
2541	0	45265	19783	93	
2542	0	45269	19786	93	
2543	0	45272	19785	93	
2544	0	45269	19781	93	
2545	0	45270	19786	93	
2546	0	45271	19782	93	
2547	0	45276	19781	93	
2548	0	45279	19778	93	
2549	0	45279	19776	93	
2550	0	45272	19778	93	
2551	0	45273	19772	93	
2552	0	45263	19772	93	
2553	0	45271	19773	93	
2554	0	45267	19773	93	
2555	0	45266	19775	93	
2556	0	45266	19778	93	
2557	0	45272	19777	93	
2558	0	45277	19780	93	
2559	0	45279	19779	93	
2560	0	45284	19782	93	
2561	0	45289	19786	93	
2562	0	45288	19788	93	
2563	0	45290	19789	93	
2564	0	45291	19791	93	
2565	0	45296	19788	93	
2566	0	45296	19791	93	
2567	0	45300	19796	93	
2568	0	45302	19800	93	
2569	0	45304	19801	93	
2570	0	45310	19803	93	
2571	0	45310	19808	93	
2572	0	45315	19810	93	
2573	0	45317	19814	93	
2574	0	45327	19815	93	
2575	0	45337	19815	93	
2576	0	45340	19816	93	
2577	0	45340	19820	93	
2578	0	45337	19816	93	
2579	0	45344	19822	93	
2580	0	45342	19823	93	
2581	0	45344	19820	93	
2582	0	45343	19823	93	
2583	0	45341	19828	93	
2584	0	45341	19829	93	
2585	0	45340	19832	93	
2586	0	45351	19837	93	
2587	0	45367	19839	93	
2588	0	45374	19842	93	
2589	0	45378	19851	93	
2590	0	45383	19850	93	
2591	0	45390	19852	93	
2592	0	45389	19852	93	
2593	0	45387	19852	93	
2594	0	45388	19852	93	
2595	0	45383	19852	93	
2596	0	45370	19848	93	
2597	0	45364	19841	93	
2598	0	45362	19834	93	
2599	0	45352	19823	93	
2600	0	45342	19810	93	
2601	0	45335	19807	93	
2602	0	45314	19794	93	
2603	0	45312	19787	93	
2604	0	45294	19778	93	
2605	0	45302	19777	93	
2606	0	45293	19772	93	
2607	0	45290	19769	93	
2608	0	45286	19768	93	
2609	0	45287	19767	93	
2610	0	45289	19770	93	
2611	0	45292	19769	93	
2612	0	45292	19764	93	
2613	0	45296	19767	93	
2614	0	45295	19764	93	
2615	0	45288	19764	93	
2616	0	45284	19763	93	
2617	0	45282	19757	93	
2618	0	45291	19760	93	
2619	0	45287	19764	93	
2620	0	45288	19765	93	
2621	0	45284	19762	93	
2622	0	45290	19762	93	
2623	0	45288	19763	93	
2624	0	45287	19761	93	
2625	0	45287	19764	93	
2626	0	45294	19759	93	
2627	0	45298	19762	93	
2628	0	45298	19757	93	
2629	0	45294	19757	93	
2630	0	45291	19755	93	
2631	0	45298	19749	93	
2632	0	45295	19752	93	
2633	0	45293	19750	93	
2634	0	45294	19753	93	
2635	0	45290	19757	93	
2636	0	45290	19759	93	
2637	0	45301	19761	93	
2638	0	45301	19764	93	
2639	0	45309	19769	93	
2640	0	45308	19768	93	
2641	0	45317	19767	93	
2642	0	45320	19769	93	
2643	0	45322	19770	93	
2644	0	45320	19768	93	
2645	0	45322	19769	93	
2646	0	45321	19771	93	
2647	0	45325	19773	93	
2648	0	45322	19774	93	
2649	0	45331	19775	93	
2650	0	45335	19780	93	
2651	0	45336	19775	93	
2652	0	45338	19780	93	
2653	0	45336	19779	93	
2654	0	45340	19778	93	
2655	0	45337	19779	93	
2656	0	45340	19783	93	
2657	0	45348	19784	93	
2658	0	45352	19783	93	
2659	0	45353	19787	93	
2660	0	45360	19787	93	
2661	0	45363	19785	93	
2662	0	45364	19792	93	
2663	0	45350	19785	93	
2664	0	45354	19790	93	
2665	0	45361	19788	93	
2666	0	45368	19796	93	
2667	0	45374	19800	93	
2668	0	45375	19797	93	
2669	0	45380	19800	93	
2670	0	45383	19802	93	
2671	0	45380	19797	93	
2672	0	45372	19795	93	
2673	0	45370	19787	93	
2674	0	45366	19781	93	
2675	0	45351	19774	93	
2676	0	45338	19761	93	
2677	0	45319	19753	93	
2678	0	45305	19743	93	
2679	0	45298	19738	93	
2680	0	45285	19730	93	
2681	0	45284	19727	93	
2682	0	45277	19724	93	
2683	0	45274	19723	93	
2684	0	45281	19722	93	
2685	0	45287	19721	96	
2686	0	45284	19721	96	
2687	0	45285	19722	96	
2688	0	45282	19721	96	
2689	0	45281	19720	96	
2690	0	45285	19720	96	
2691	0	45287	19722	96	
2692	0	45290	19724	96	
2693	0	45296	19730	96	
2694	0	45296	19724	96	
2695	0	45293	19727	96	
2696	0	45293	19726	96	
2697	0	45286	19728	96	
2698	0	45296	19727	96	
2699	0	45287	19727	96	
2700	0	45290	19729	96	
2701	0	45287	19723	96	
2702	0	45284	19728	96	
2703	0	45282	19729	96	
2704	0	45290	19726	96	
2705	0	45296	19727	96	
2706	0	45298	19726	96	
2707	0	45299	19726	96	
2708	0	45298	19727	96	
2709	0	45303	19721	96	
2710	0	45304	19724	96	
2711	0	45306	19728	96	
2712	0	45299	19735	96	
2713	0	45304	19729	96	
2714	0	45307	19733	96	
2715	0	45308	19730	96	
2716	0	45314	19734	96	
2717	0	45322	19734	96	
2718	0	45324	19740	96	
2719	0	45326	19739	96	
2720	0	45325	19742	96	
2721	0	45330	19737	96	
2722	0	45328	19741	96	
2723	0	45333	19743	96	
2724	0	45333	19746	96	
2725	0	45330	19747	96	
2726	0	45342	19752	96	
2727	0	45341	19752	96	
2728	0	45349	19754	96	
2729	0	45350	19757	96	
2730	0	45353	19753	96	
2731	0	45347	19753	96	
2732	0	45349	19755	96	
2733	0	45345	19759	96	
2734	0	45353	19765	96	
2735	0	45361	19763	96	
2736	0	45363	19774	96	
2737	0	45369	19776	96	
2738	0	45381	19776	96	
2739	0	45382	19776	96	
2740	0	45389	19781	96	
2741	0	45389	19779	96	
2742	0	45386	19780	96	
2743	0	45392	19781	96	
2744	0	45388	19781	96	
2745	0	45385	19785	96	
2746	0	45384	19788	96	
2747	0	45386	19783	96	
2748	0	45390	19787	96	
2749	0	45385	19782	96	
2750	0	45373	19779	96	
2751	0	45366	19769	96	
2752	0	45363	19765	96	
2753	0	45348	19760	96	
2754	0	45343	19753	96	
2755	0	45334	19748	96	
2756	0	45327	19744	96	
2757	0	45327	19738	96	
2758	0	45322	19736	96	
2759	0	45329	19736	96	
2760	0	45321	19744	96	
2761	0	45323	19746	96	
2762	0	45338	19748	96	
2763	0	45338	19753	96	
2764	0	45342	19753	96	
2765	0	45348	19748	96	
2766	0	45341	19752	96	
2767	0	45337	19751	96	
2768	0	45344	19750	96	
2769	0	45345	19748	96	
2770	0	45344	19755	96	
2771	0	45339	19753	96	
2772	0	45346	19755	96	
2773	0	45352	19757	96	
2774	0	45357	19757	96	
2775	0	45359	19757	96	
2776	0	45358	19751	96	
2777	0	45354	19752	96	
2778	0	45356	19747	96	
2779	0	45350	19748	96	
2780	0	45354	19745	96	
2781	0	45354	19746	96	
2782	0	45354	19753	96	
2783	0	45349	19750	96	
2784	0	45359	19754	96	
2785	0	45366	19757	96	
2786	0	45368	19758	96	
2787	0	45370	19756	96	
2788	0	45380	19753	96	
2789	0	45370	19756	96	
2790	0	45366	19758	96	
2791	0	45374	19754	96	
2792	0	45379	19762	96	
2793	0	45379	19761	96	
2794	0	45380	19764	96	
2795	0	45378	19767	96	
2796	0	45388	19768	96	
2797	0	45391	19768	96	
2798	0	45401	19772	96	
2799	0	45395	19771	96	
2800	0	45401	19769	96	
2801	0	45397	19773	96	
2802	0	45405	19769	96	
2803	0	45406	19774	96	
2804	0	45400	19773	96	
2805	0	45404	19776	96	
2806	0	45405	19777	96	
2807	0	45414	19782	96	
2808	0	45418	19779	96	
2809	0	45416	19780	96	
2810	0	45418	19782	96	
2811	0	45413	19788	96	
2812	0	45412	19784	96	
2813	0	45420	19782	96	
2814	0	45417	19787	96	
2815	0	45419	19789	96	
2816	0	45425	19786	96	
2817	0	45432	19792	96	
2818	0	45433	19794	96	
2819	0	45434	19795	96	
2820	0	45436	19800	96	
2821	0	45442	19792	96	
2822	0	45433	19795	96	
2823	0	45432	19793	96	
2824	0	45426	19790	96	
2825	0	45423	19786	96	
2826	0	45413	19784	96	
2827	0	45402	19782	96	
2828	0	45405	19771	96	
2829	0	45390	19764	96	
2830	0	45375	19760	96	
2831	0	45372	19752	96	
2832	0	45368	19754	96	
2833	0	45366	19750	96	
2834	0	45367	19744	96	
2835	0	45368	19746	96	
2836	0	45373	19742	96	
2837	0	45370	19743	96	
2838	0	45367	19740	96	
2839	0	45368	19738	96	
2840	0	45370	19740	96	
2841	0	45361	19740	96	
2842	0	45361	19738	96	
2843	0	45361	19739	96	
2844	0	45368	19738	96	
2845	0	45365	19736	96	
2846	0	45372	19743	96	
2847	0	45371	19740	96	
2848	0	45374	19742	96	
2849	0	45370	19743	96	
2850	0	45382	19741	96	
2851	0	45376	19742	96	
2852	0	45375	19745	96	
2853	0	45363	19738	96	
2854	0	45370	19744	96	
2855	0	45376	19746	96	
2856	0	45379	19743	96	
2857	0	45375	19743	96	
2858	0	45379	19740	96	
2859	0	45376	19737	96	
2860	0	45386	19738	96	
2861	0	45381	19741	96	
2862	0	45384	19740	96	
2863	0	45383	19741	96	
2864	0	45385	19744	96	
2865	0	45386	19743	96	
2866	0	45393	19746	96	
2867	0	45398	19747	96	
2868	0	45395	19743	96	
2869	0	45398	19750	96	
2870	0	45404	19746	96	
2871	0	45406	19745	96	
2872	0	45408	19748	96	
2873	0	45411	19747	96	
2874	0	45407	19748	96	
2875	0	45407	19749	96	
2876	0	45412	19748	96	
2877	0	45401	19752	96	
2878	0	45404	19752	96	
2879	0	45408	19754	96	
2880	0	45412	19756	96	
2881	0	45418	19761	96	
2882	0	45425	19764	96	
2883	0	45423	19763	96	
2884	0	45424	19759	96	
2885	0	45425	19762	96	
2886	0	45421	19763	96	
2887	0	45429	19765	96	
2888	0	45420	19764	96	
2889	0	45423	19764	96	
2890	0	45434	19769	96	
2891	0	45442	19773	96	
2892	0	45444	19773	96	
2893	0	45441	19770	96	
2894	0	45439	19772	96	
2895	0	45443	19774	96	
2896	0	45444	19776	96	
2897	0	45449	19775	96	
2898	0	45454	19783	96	
2899	0	45457	19781	96	
2900	0	45458	19784	96	
2901	0	45459	19788	96	
2902	0	45459	19787	96	
2903	0	45466	19790	96	
2904	0	45463	19789	96	
2905	0	45459	19786	96	
2906	0	45444	19785	96	
2907	0	45437	19776	96	
2908	0	45433	19770	96	
2909	0	45422	19767	96	
2910	0	45416	19761	96	
2911	0	45405	19757	96	
2912	0	45399	19750	96	
2913	0	45402	19748	96	
2914	0	45389	19744	96	
2915	0	45394	19743	96	
2916	0	45397	19742	96	
2917	0	45394	19742	96	
2918	0	45392	19740	96	
2919	0	45388	19740	96	
2920	0	45386	19741	96	
2921	0	45391	19743	96	
2922	0	45392	19742	96	
2923	0	45397	19744	96	
2924	0	45390	19741	96	
2925	0	45396	19741	96	
2926	0	45398	19739	96	
2927	0	45391	19743	96	
2928	0	45389	19743	96	
2929	0	45386	19741	96	
2930	0	45394	19742	96	
2931	0	45392	19742	96	
2932	0	45402	19749	96	
2933	0	45399	19743	96	
2934	0	45407	19743	96	
2935	0	45400	19739	96	
2936	0	45395	19740	96	
2937	0	45396	19735	96	
2938	0	45401	19738	96	
2939	0	45399	19741	96	
2940	0	45408	19742	96	
2941	0	45400	19735	96	
2942	0	45406	19734	96	
2943	0	45401	19736	96	
2944	0	45409	19743	96	
2945	0	45414	19738	96	
2946	0	45403	19738	96	
2947	0	45408	19738	96	
2948	0	45404	19743	96	
2949	0	45412	19746	96	
2950	0	45410	19746	96	
2951	0	45415	19753	96	
2952	0	45418	19754	96	
2953	0	45418	19753	96	
2954	0	45426	19752	96	
2955	0	45428	19757	96	
2956	0	45427	19755	96	
2957	0	45428	19758	96	
2958	0	45427	19760	96	
2959	0	45431	19761	96	
2960	0	45434	19765	96	
2961	0	45438	19760	96	
2962	0	45437	19765	96	
2963	0	45435	19765	96	
2964	0	45439	19767	96	
2965	0	45445	19767	96	
2966	0	45438	19768	96	
2967	0	45439	19770	96	
2968	0	45448	19772	96	
2969	0	45444	19771	96	
2970	0	45444	19776	96	
2971	0	45447	19776	96	
2972	0	45446	19775	96	
2973	0	45453	19776	96	
2974	0	45458	19778	96	
2975	0	45457	19781	96	
2976	0	45463	19781	96	
2977	0	45465	19783	96	
2978	0	45467	19783	96	
2979	0	45465	19784	96	
2980	0	45459	19790	96	
2981	0	45465	19791	96	
2982	0	45474	19796	96	
2983	0	45481	19795	96	
2984	0	45476	19796	96	
2985	0	45483	19800	94	
2986	0	45480	19795	94	
2987	0	45479	19797	94	
2988	0	45484	19796	94	
2989	0	45482	19798	94	
2990	0	45480	19801	94	
2991	0	45479	19797	94	
2992	0	45470	19796	94	
2993	0	45473	19786	94	
2994	0	45454	19782	94	
2995	0	45446	19776	94	
2996	0	45437	19768	94	
2997	0	45425	19766	94	
2998	0	45427	19761	94	
2999	0	45413	19755	94	
3000	0	45412	19757	94	
3001	0	45417	19752	94	
3002	0	45413	19756	94	
3003	0	45411	19752	94	
3004	0	45414	19749	94	
3005	0	45409	19748	94	
3006	0	45405	19749	94	
3007	0	45408	19748	94	
3008	0	45418	19754	94	
3009	0	45412	19752	94	
3010	0	45422	19751	94	
3011	0	45421	19750	94	
3012	0	45418	19753	94	
3013	0	45420	19753	94	
3014	0	45418	19753	94	
3015	0	45415	19758	94	
3016	0	45418	19755	94	
3017	0	45423	19758	94	
3018	0	45419	19758	94	
3019	0	45419	19753	94	
3020	0	45418	19753	94	
3021	0	45421	19754	94	
3022	0	45417	19754	94	
3023	0	45417	19751	94	
3024	0	45404	19744	94	
3025	0	45413	19748	94	
3026	0	45413	19746	94	
3027	0	45416	19748	94	
3028	0	45418	19750	94	
3029	0	45419	19745	94	
3030	0	45426	19749	94	
3031	0	45419	19746	94	
3032	0	45428	19750	94	
3033	0	45429	19751	94	
3034	0	45423	19754	94	
3035	0	45421	19752	94	
3036	0	45432	19752	94	
3037	0	45433	19758	94	
3038	0	45429	19759	94	
3039	0	45436	19761	94	
3040	0	45442	19762	94	
3041	0	45438	19757	94	
3042	0	45445	19760	94	
3043	0	45443	19764	94	
3044	0	45434	19767	94	
3045	0	45437	19766	94	
3046	0	45437	19768	94	
3047	0	45440	19770	94	
3048	0	45443	19770	94	
3049	0	45446	19770	94	
3050	0	45452	19775	94	
3051	0	45451	19777	94	
3052	0	45455	19774	94	
3053	0	45454	19773	94	
3054	0	45451	19773	94	
3055	0	45459	19775	94	
3056	0	45459	19783	94	
3057	0	45462	19779	94	
3058	0	45459	19781	94	
3059	0	45466	19780	94	
3060	0	45468	19784	94	
3061	0	45473	19783	94	
3062	0	45471	19781	94	
3063	0	45473	19787	94	
3064	0	45465	19787	94	
3065	0	45467	19791	94	
3066	0	45468	19793	94	
3067	0	45474	19798	94	
3068	0	45488	19800	94	
3069	0	45489	19803	94	
3070	0	45494	19804	94	
3071	0	45487	19800	94	
3072	0	45493	19798	94	
3073	0	45484	19797	94	
3074	0	45479	19798	94	
3075	0	45464	19793	94	
3076	0	45462	19794	94	
3077	0	45452	19786	94	
3078	0	45452	19782	94	
3079	0	45450	19778	94	
3080	0	45443	19774	94	
3081	0	45429	19767	94	
3082	0	45430	19766	94	
3083	0	45425	19762	94	
3084	0	45420	19762	94	
3085	0	45426	19761	94	
3086	0	45419	19761	94	
3087	0	45429	19761	94	
3088	0	45430	19767	94	
3089	0	45434	19768	94	
3090	0	45426	19764	94	
3091	0	45435	19766	94	
3092	0	45431	19763	94	
3093	0	45431	19767	94	
3094	0	45428	19766	94	
3095	0	45431	19767	94	
3096	0	45431	19770	94	
3097	0	45431	19772	94	
3098	0	45434	19771	94	
3099	0	45444	19772	94	
3100	0	45435	19771	94	
3101	0	45440	19773	94	
3102	0	45436	19774	94	
3103	0	45435	19772	94	
3104	0	45435	19770	94	
3105	0	45429	19771	94	
3106	0	45433	19773	94	
3107	0	45439	19773	94	
3108	0	45443	19773	94	
3109	0	45435	19777	94	
3110	0	45446	19779	94	
3111	0	45444	19778	94	
3112	0	45446	19781	94	
3113	0	45442	19779	94	
3114	0	45448	19780	94	
3115	0	45452	19784	94	
3116	0	45454	19788	94	
3117	0	45458	19790	94	
3118	0	45464	19794	94	
3119	0	45458	19793	94	
3120	0	45467	19794	94	
3121	0	45468	19798	94	
3122	0	45466	19803	94	
3123	0	45473	19804	94	
3124	0	45475	19808	94	
3125	0	45483	19809	94	
3126	0	45480	19811	94	
3127	0	45481	19815	94	
3128	0	45481	19817	94	
3129	0	45483	19821	94	
3130	0	45489	19820	94	
3131	0	45497	19825	94	
3132	0	45500	19826	94	
3133	0	45499	19824	94	
3134	0	45503	19827	94	
3135	0	45500	19828	94	
3136	0	45500	19832	94	
3137	0	45503	19831	94	
3138	0	45509	19835	94	
3139	0	45518	19838	94	
3140	0	45514	19837	94	
3141	0	45517	19842	94	
3142	0	45521	19842	94	
3143	0	45521	19837	94	
3144	0	45530	19841	94	
3145	0	45530	19839	94	
3146	0	45526	19844	94	
3147	0	45531	19839	94	
3148	0	45528	19842	94	
3149	0	45530	19843	94	
3150	0	45538	19846	94	
3151	0	45538	19845	94	
3152	0	45534	19849	94	
3153	0	45537	19847	94	
3154	0	45533	19851	94	
3155	0	45534	19851	94	
3156	0	45531	19851	94	
3157	0	45526	19848	94	
3158	0	45525	19846	94	
3159	0	45526	19848	94	
3160	0	45515	19839	94	
3161	0	45518	19834	94	
3162	0	45498	19828	94	
3163	0	45491	19823	94	
3164	0	45483	19819	94	
3165	0	45486	19817	94	
3166	0	45484	19816	94	
3167	0	45476	19813	94	
3168	0	45473	19813	94	
3169	0	45479	19813	94	
3170	0	45476	19817	94	
3171	0	45479	19819	94	
3172	0	45480	19816	94	
3173	0	45482	19818	94	
3174	0	45482	19817	94	
3175	0	45485	19818	94	
3176	0	45493	19820	94	
3177	0	45487	19820	94	
3178	0	45485	19819	94	
3179	0	45490	19819	94	
3180	0	45490	19825	94	
3181	0	45488	19827	94	
3182	0	45493	19827	94	
3183	0	45493	19827	94	
3184	0	45491	19826	94	
3185	0	45497	19826	94	
3186	0	45501	19828	94	
3187	0	45498	19825	94	
3188	0	45497	19826	94	
3189	0	45490	19826	94	
3190	0	45497	19827	94	
3191	0	45500	19829	94	
3192	0	45494	19831	94	
3193	0	45494	19829	94	
3194	0	45499	19836	94	
3195	0	45502	19835	94	
3196	0	45513	19839	94	
3197	0	45510	19842	94	
3198	0	45513	19838	94	
3199	0	45521	19841	94	
3200	0	45515	19841	94	
3201	0	45521	19839	94	
3202	0	45510	19842	94	
3203	0	45514	19845	94	
3204	0	45521	19848	94	
3205	0	45525	19849	94	
3206	0	45533	19854	94	
3207	0	45530	19858	94	
3208	0	45540	19861	94	
3209	0	45538	19861	94	
3210	0	45547	19863	94	
3211	0	45542	19864	94	
3212	0	45545	19864	94	
3213	0	45542	19860	94	
3214	0	45547	19862	94	
3215	0	45543	19858	94	
3216	0	45544	19863	94	
3217	0	45549	19863	94	
3218	0	45549	19868	94	
3219	0	45549	19868	94	
3220	0	45551	19870	94	
3221	0	45562	19869	94	
3222	0	45555	19869	94	
3223	0	45553	19868	94	
3224	0	45562	19872	94	
3225	0	45561	19873	94	
3226	0	45557	19873	94	
3227	0	45562	19874	94	
3228	0	45557	19870	94	
3229	0	45558	19873	94	
3230	0	45564	19876	94	
3231	0	45567	19877	94	
3232	0	45567	19881	94	
3233	0	45578	19876	94	
3234	0	45576	19880	94	
3235	0	45580	19882	94	
3236	0	45581	19880	94	
3237	0	45583	19881	94	
3238	0	45583	19886	94	
3239	0	45584	19881	94	
3240	0	45585	19885	94	
3241	0	45579	19878	94	
3242	0	45574	19880	94	
3243	0	45561	19871	94	
3244	0	45557	19872	94	
3245	0	45550	19867	94	
3246	0	45538	19860	94	
3247	0	45533	19856	94	
3248	0	45527	19849	94	
3249	0	45530	19846	94	
3250	0	45525	19842	94	
3251	0	45522	19843	94	
3252	0	45515	19839	94	
3253	0	45510	19838	94	
3254	0	45523	19837	94	
3255	0	45524	19834	94	
3256	0	45521	19833	94	
3257	0	45513	19834	94	
3258	0	45514	19831	94	
3259	0	45514	19830	94	
3260	0	45518	19826	94	
3261	0	45523	19828	94	
3262	0	45514	19828	94	
3263	0	45520	19822	94	
3264	0	45517	19822	94	
3265	0	45513	19823	94	
3266	0	45515	19820	94	
3267	0	45510	19814	94	
3268	0	45517	19817	94	
3269	0	45510	19819	94	
3270	0	45511	19820	94	
3271	0	45509	19813	94	
3272	0	45507	19808	94	
3273	0	45504	19812	94	
3274	0	45500	19804	94	
3275	0	45497	19807	94	
3276	0	45498	19803	94	
3277	0	45499	19802	94	
3278	0	45497	19803	94	
3279	0	45498	19796	94	
3280	0	45502	19797	94	
3281	0	45499	19799	94	
3282	0	45498	19796	94	
3283	0	45497	19797	94	
3284	0	45495	19796	94	
3285	0	45502	19799	95	
3286	0	45500	19800	95	
3287	0	45505	19798	95	
3288	0	45498	19797	95	
3289	0	45504	19796	95	
3290	0	45497	19795	95	
3291	0	45493	19796	95	
3292	0	45496	19799	95	
3293	0	45500	19798	95	
3294	0	45499	19800	95	
3295	0	45508	19800	95	
3296	0	45500	19802	95	
3297	0	45502	19802	95	
3298	0	45503	19803	95	
3299	0	45508	19807	95	
3300	0	45500	19801	95	
3301	0	45503	19800	95	
3302	0	45503	19804	95	
3303	0	45500	19804	95	
3304	0	45505	19804	95	
3305	0	45503	19806	95	
3306	0	45503	19806	95	
3307	0	45510	19805	95	
3308	0	45501	19805	95	
3309	0	45507	19807	95	
3310	0	45510	19806	95	
3311	0	45505	19809	95	
3312	0	45508	19809	95	
3313	0	45509	19806	95	
3314	0	45512	19814	95	
3315	0	45517	19816	95	
3316	0	45517	19817	95	
3317	0	45522	19820	95	
3318	0	45523	19820	95	
3319	0	45527	19820	95	
3320	0	45523	19819	95	
3321	0	45526	19817	95	
3322	0	45524	19818	95	
3323	0	45526	19820	95	
3324	0	45524	19818	95	
3325	0	45511	19817	95	
3326	0	45511	19814	95	
3327	0	45503	19812	95	
3328	0	45494	19808	95	
3329	0	45492	19804	95	
3330	0	45483	19797	95	
3331	0	45473	19800	95	
3332	0	45471	19796	95	
3333	0	45462	19796	95	
3334	0	45464	19788	95	
3335	0	45455	19790	95	
3336	0	45464	19787	95	
3337	0	45463	19788	95	
3338	0	45464	19787	95	
3339	0	45467	19789	95	
3340	0	45464	19793	95	
3341	0	45459	19793	95	
3342	0	45457	19790	95	
3343	0	45463	19792	95	
3344	0	45462	19795	95	
3345	0	45471	19796	95	
3346	0	45471	19804	95	
3347	0	45477	19804	95	
3348	0	45481	19803	95	
3349	0	45473	19804	95	
3350	0	45482	19805	95	
3351	0	45475	19806	95	
3352	0	45471	19807	95	
3353	0	45479	19803	95	
3354	0	45479	19802	95	
3355	0	45478	19804	95	
3356	0	45477	19798	95	
3357	0	45479	19798	95	
3358	0	45468	19796	95	
3359	0	45474	19794	95	
3360	0	45465	19792	95	
3361	0	45471	19792	95	
3362	0	45467	19790	95	
3363	0	45462	19792	95	
3364	0	45467	19797	95	
3365	0	45465	19794	95	
3366	0	45472	19795	95	
3367	0	45476	19798	95	
3368	0	45476	19797	95	
3369	0	45477	19801	95	
3370	0	45478	19800	95	
3371	0	45475	19794	95	
3372	0	45483	19795	95	
3373	0	45485	19792	95	
3374	0	45476	19796	95	
3375	0	45479	19791	95	
3376	0	45480	19794	95	
3377	0	45475	19793	95	
3378	0	45478	19797	95	
3379	0	45471	19795	95	
3380	0	45472	19795	95	
3381	0	45471	19790	95	
3382	0	45473	19792	95	
3383	0	45462	19793	95	
3384	0	45465	19793	95	
3385	0	45468	19796	95	
3386	0	45466	19798	95	
3387	0	45470	19798	95	
3388	0	45468	19803	95	
3389	0	45475	19809	95	
3390	0	45482	19812	95	
3391	0	45480	19808	95	
3392	0	45485	19812	95	
3393	0	45486	19815	95	
3394	0	45487	19814	95	
3395	0	45489	19815	95	
3396	0	45489	19820	95	
3397	0	45489	19820	95	
3398	0	45490	19824	95	
3399	0	45489	19824	95	
3400	0	45496	19825	95	
3401	0	45501	19830	95	
3402	0	45498	19833	95	
3403	0	45501	19833	95	
3404	0	45492	19833	95	
3405	0	45484	19828	95	
3406	0	45480	19827	95	
3407	0	45472	19823	95	
3408	0	45460	19813	95	
3409	0	45457	19812	95	
3410	0	45446	19805	95	
3411	0	45445	19802	95	
3412	0	45451	19799	95	
3413	0	45451	19801	95	
3414	0	45458	19803	95	
3415	0	45449	19798	95	
3416	0	45453	19798	95	
3417	0	45450	19799	95	
3418	0	45445	19797	95	
3419	0	45446	19797	95	
3420	0	45449	19800	95	
3421	0	45447	19801	95	
3422	0	45453	19806	95	
3423	0	45457	19803	95	
3424	0	45454	19804	95	
3425	0	45454	19804	95	
3426	0	45464	19802	95	
3427	0	45456	19801	95	
3428	0	45454	19801	95	
3429	0	45458	19802	95	
3430	0	45452	19798	95	
3431	0	45449	19802	95	
3432	0	45448	19803	95	
3433	0	45448	19799	95	
3434	0	45455	19799	95	
3435	0	45458	19805	95	
3436	0	45453	19799	95	
3437	0	45459	19797	95	
3438	0	45455	19798	95	
3439	0	45445	19800	95	
3440	0	45443	19796	95	
3441	0	45451	19797	95	
3442	0	45443	19797	95	
3443	0	45447	19796	95	
3444	0	45443	19801	95	
3445	0	45447	19801	95	
3446	0	45451	19809	95	
3447	0	45458	19808	95	
3448	0	45459	19810	95	
3449	0	45469	19810	95	
3450	0	45469	19811	95	
3451	0	45469	19813	95	
3452	0	45466	19815	95	
3453	0	45466	19814	95	
3454	0	45464	19814	95	
3455	0	45467	19818	95	
3456	0	45469	19813	95	
3457	0	45463	19816	95	
3458	0	45468	19821	95	
3459	0	45470	19825	95	
3460	0	45476	19828	95	
3461	0	45481	19834	95	
3462	0	45485	19838	95	
3463	0	45490	19833	95	
3464	0	45489	19835	95	
3465	0	45489	19837	95	
3466	0	45493	19840	95	
3467	0	45493	19842	95	
3468	0	45490	19845	95	
3469	0	45488	19845	95	
3470	0	45501	19850	95	
3471	0	45509	19858	95	
3472	0	45511	19861	95	
3473	0	45515	19862	95	
3474	0	45526	19868	95	
3475	0	45526	19868	95	
3476	0	45528	19867	95	
3477	0	45526	19871	95	
3478	0	45517	19871	95	
3479	0	45512	19868	95	
3480	0	45514	19866	95	
3481	0	45507	19864	95	
3482	0	45497	19861	95	
3483	0	45484	19851	95	
3484	0	45482	19847	95	
3485	0	45479	19838	95	
3486	0	45468	19834	95	
3487	0	45453	19825	95	
3488	0	45449	19825	95	
3489	0	45451	19819	95	
3490	0	45446	19820	95	
3491	0	45441	19815	95	
3492	0	45444	19814	95	
3493	0	45444	19813	95	
3494	0	45445	19814	95	
3495	0	45445	19813	95	
3496	0	45444	19815	95	
3497	0	45440	19812	95	
3498	0	45441	19816	95	
3499	0	45444	19817	95	
3500	0	45443	19818	95	
3501	0	45451	19816	95	
3502	0	45450	19819	95	
3503	0	45447	19819	95	
3504	0	45454	19820	95	
3505	0	45452	19818	95	
3506	0	45454	19816	95	
3507	0	45449	19820	95	
3508	0	45442	19819	95	
3509	0	45446	19821	95	
3510	0	45443	19817	95	
3511	0	45442	19818	95	
3512	0	45451	19821	95	
3513	0	45453	19819	95	
3514	0	45455	19819	95	
3515	0	45456	19820	95	
3516	0	45452	19817	95	
3517	0	45462	19823	95	
3518	0	45454	19818	95	
3519	0	45459	19820	95	
3520	0	45449	19823	95	
3521	0	45452	19823	95	
3522	0	45454	19829	95	
3523	0	45449	19830	95	
3524	0	45465	19834	95	
3525	0	45469	19839	95	
3526	0	45474	19844	95	
3527	0	45482	19845	95	
3528	0	45476	19842	95	
3529	0	45478	19847	95	
3530	0	45486	19847	95	
3531	0	45482	19847	95	
3532	0	45480	19853	95	
3533	0	45483	19853	95	
3534	0	45486	19854	95	
3535	0	45493	19856	95	
3536	0	45492	19860	95	
3537	0	45501	19866	95	
3538	0	45500	19866	95	
3539	0	45509	19867	95	
3540	0	45510	19869	95	
3541	0	45514	19869	95	
3542	0	45506	19871	95	
3543	0	45512	19869	95	
3544	0	45506	19870	95	
3545	0	45517	19874	95	
3546	0	45513	19876	95	
3547	0	45522	19879	95	
3548	0	45522	19877	95	
3549	0	45535	19883	95	
3550	0	45533	19884	95	
3551	0	45531	19880	95	
3552	0	45530	19884	95	
3553	0	45528	19879	95	
3554	0	45528	19879	95	
3555	0	45523	19882	95	
3556	0	45525	19880	95	
3557	0	45513	19876	95	
3558	0	45514	19874	95	
3559	0	45502	19875	95	
3560	0	45491	19866	95	
3561	0	45491	19856	95	
3562	0	45481	19851	95	
3563	0	45476	19843	95	
3564	0	45465	19837	95	
3565	0	45462	19835	95	
3566	0	45461	19825	95	
3567	0	45453	19822	95	
3568	0	45448	19821	95	
3569	0	45445	19815	95	
3570	0	45449	19819	95	
3571	0	45443	19815	95	
3572	0	45448	19815	95	
3573	0	45450	19818	95	
3574	0	45451	19819	95	
3575	0	45442	19817	95	
3576	0	45444	19815	95	
3577	0	45446	19817	95	
3578	0	45449	19817	95	
3579	0	45449	19817	95	
3580	0	45445	19819	95	
3581	0	45443	19819	95	
3582	0	45446	19817	95	
3583	0	45443	19818	95	
3584	0	45445	19816	95	
3585	0	45445	19817	94	
3586	0	45445	19819	94	
3587	0	45438	19814	94	
3588	0	45442	19817	94	
3589	0	45444	19818	94	
3590	0	45456	19815	94	
3591	0	45450	19813	94	
3592	0	45441	19813	94	
3593	0	45446	19807	94	
3594	0	45450	19810	94	
3595	0	45449	19809	94	
3596	0	45452	19812	94	
3597	0	45453	19813	94	
3598	0	45453	19810	94	
3599	0	45451	19813	94	
3600	0	45448	19817	94	
3601	0	45455	19818	94	
3602	0	45459	19818	94	
3603	0	45461	19818	94	
3604	0	45463	19820	94	
3605	0	45465	19820	94	
3606	0	45459	19820	94	
3607	0	45462	19819	94	
3608	0	45464	19819	94	
3609	0	45460	19823	94	
3610	0	45462	19822	94	
3611	0	45464	19820	94	
3612	0	45461	19823	94	
3613	0	45471	19826	94	
3614	0	45463	19829	94	
3615	0	45479	19834	94	
3616	0	45475	19831	94	
3617	0	45478	19830	94	
3618	0	45477	19828	94	
3619	0	45475	19827	94	
3620	0	45477	19825	94	
3621	0	45469	19829	94	
3622	0	45468	19828	94	
3623	0	45476	19829	94	
3624	0	45484	19834	94	
3625	0	45482	19833	94	
3626	0	45487	19835	94	
3627	0	45489	19835	94	
3628	0	45491	19838	94	
3629	0	45495	19833	94	
3630	0	45495	19835	94	
3631	0	45497	19831	94	
3632	0	45490	19832	94	
3633	0	45489	19831	94	
3634	0	45475	19827	94	
3635	0	45472	19826	94	
3636	0	45460	19824	94	
3637	0	45453	19813	94	
3638	0	45442	19808	94	
3639	0	45437	19801	94	
3640	0	45430	19792	94	
3641	0	45428	19787	94	
3642	0	45418	19782	94	
3643	0	45404	19772	94	
3644	0	45408	19768	94	
3645	0	45407	19770	94	
3646	0	45401	19763	94	
3647	0	45391	19762	94	
3648	0	45391	19763	94	
3649	0	45396	19769	94	
3650	0	45397	19769	94	
3651	0	45404	19765	94	
3652	0	45400	19764	94	
3653	0	45399	19765	94	
3654	0	45402	19760	94	
3655	0	45399	19755	94	
3656	0	45392	19760	94	
3657	0	45396	19755	94	
3658	0	45395	19755	94	
3659	0	45406	19758	94	
3660	0	45393	19753	94	
3661	0	45398	19749	94	
3662	0	45387	19749	94	
3663	0	45387	19745	94	
3664	0	45377	19742	94	
3665	0	45380	19737	94	
3666	0	45379	19738	94	
3667	0	45374	19740	94	
3668	0	45374	19736	94	
3669	0	45376	19736	94	
3670	0	45376	19733	94	
3671	0	45379	19732	94	
3672	0	45376	19736	94	
3673	0	45379	19738	94	
3674	0	45377	19733	94	
3675	0	45375	19732	94	
3676	0	45372	19733	94	
3677	0	45373	19731	94	
3678	0	45381	19735	94	
3679	0	45376	19737	94	
3680	0	45384	19744	94	
3681	0	45394	19746	94	
3682	0	45391	19746	94	
3683	0	45398	19748	94	
3684	0	45402	19749	94	
3685	0	45400	19743	94	
3686	0	45399	19748	94	
3687	0	45404	19748	94	
3688	0	45403	19745	94	
3689	0	45398	19741	94	
3690	0	45396	19743	94	
3691	0	45398	19740	94	
3692	0	45397	19740	94	
3693	0	45388	19739	94	
3694	0	45393	19743	94	
3695	0	45390	19743	94	
3696	0	45397	19749	94	
3697	0	45398	19750	94	
3698	0	45404	19753	94	
3699	0	45399	19747	94	
3700	0	45393	19755	94	
3701	0	45396	19754	94	
3702	0	45396	19762	94	
3703	0	45403	19761	94	
3704	0	45402	19763	94	
3705	0	45418	19767	94	
3706	0	45421	19773	94	
3707	0	45425	19770	94	
3708	0	45424	19775	94	
3709	0	45432	19774	94	
3710	0	45434	19775	94	
3711	0	45437	19772	94	
3712	0	45440	19772	94	
3713	0	45429	19770	94	
3714	0	45418	19768	94	
3715	0	45410	19758	94	
3716	0	45405	19747	94	
3717	0	45393	19738	94	
3718	0	45380	19730	94	
3719	0	45359	19720	94	
3720	0	45358	19715	94	
3721	0	45350	19709	94	
3722	0	45345	19702	94	
3723	0	45337	19699	94	
3724	0	45345	19692	94	
3725	0	45333	19688	94	
3726	0	45334	19687	94	
3727	0	45325	19687	94	
3728	0	45326	19681	94	
3729	0	45333	19684	94	
3730	0	45324	19684	94	
3731	0	45324	19683	94	
3732	0	45323	19684	94	
3733	0	45325	19684	94	
3734	0	45325	19683	94	
3735	0	45334	19682	94	
3736	0	45334	19687	94	
3737	0	45340	19683	94	
3738	0	45334	19681	94	
3739	0	45333	19680	94	
3740	0	45331	19679	94	
3741	0	45328	19675	94	
3742	0	45318	19678	94	
3743	0	45325	19672	94	
3744	0	45321	19671	94	
3745	0	45320	19672	94	
3746	0	45323	19672	94	
3747	0	45323	19672	94	
3748	0	45317	19673	94	
3749	0	45316	19672	94	
3750	0	45319	19671	94	
3751	0	45314	19674	94	
3752	0	45310	19677	94	
3753	0	45312	19680	94	
3754	0	45313	19683	94	
3755	0	45319	19688	94	
3756	0	45321	19694	94	
3757	0	45316	19705	94	
3758	0	45329	19714	94	
3759	0	45343	19720	94	
3760	0	45353	19727	94	
3761	0	45357	19728	94	
3762	0	45361	19732	94	
3763	0	45360	19737	94	
3764	0	45368	19743	94	
3765	0	45378	19748	94	
3766	0	45378	19756	94	
3767	0	45386	19757	94	
3768	0	45390	19760	94	
3769	0	45398	19767	94	
3770	0	45399	19767	94	
3771	0	45410	19777	94	
3772	0	45422	19783	94	
3773	0	45424	19788	94	
3774	0	45429	19787	94	
3775	0	45432	19790	94	
3776	0	45434	19790	94	
3777	0	45439	19787	94	
3778	0	45432	19794	94	
3779	0	45430	19795	94	
3780	0	45441	19799	94	
3781	0	45444	19804	94	
3782	0	45451	19810	94	
3783	0	45465	19809	94	
3784	0	45469	19813	94	
3785	0	45470	19813	94	
3786	0	45474	19809	94	
3787	0	45476	19815	94	
3788	0	45476	19814	94	
3789	0	45476	19815	94	
3790	0	45474	19824	94	
3791	0	45480	19823	94	
3792	0	45488	19829	94	
3793	0	45488	19828	94	
3794	0	45484	19825	94	
3795	0	45472	19822	94	
3796	0	45464	19813	94	
3797	0	45452	19805	94	
3798	0	45444	19799	94	
3799	0	45436	19790	94	
3800	0	45421	19783	94	
3801	0	45408	19776	94	
3802	0	45404	19777	94	
3803	0	45408	19772	94	
3804	0	45416	19776	94	
3805	0	45422	19772	94	
3806	0	45420	19771	94	
3807	0	45417	19769	94	
3808	0	45421	19770	94	
3809	0	45418	19769	94	
3810	0	45416	19767	94	
3811	0	45409	19767	94	
3812	0	45414	19770	94	
3813	0	45419	19770	94	
3814	0	45419	19773	94	
3815	0	45426	19776	94	
3816	0	45436	19780	94	
3817	0	45432	19776	94	
3818	0	45435	19778	94	
3819	0	45432	19776	94	
3820	0	45433	19774	94	
3821	0	45429	19776	94	
3822	0	45427	19773	94	
3823	0	45430	19773	94	
3824	0	45429	19775	94	
3825	0	45427	19774	94	
3826	0	45426	19774	94	
3827	0	45436	19776	94	
3828	0	45439	19780	94	
3829	0	45436	19778	94	
3830	0	45436	19783	94	
3831	0	45436	19782	94	
3832	0	45442	19782	94	
3833	0	45445	19781	94	
3834	0	45444	19786	94	
3835	0	45445	19785	94	
3836	0	45446	19788	94	
3837	0	45453	19790	94	
3838	0	45451	19797	94	
3839	0	45460	19803	94	
3840	0	45467	19806	94	
3841	0	45475	19805	94	
3842	0	45482	19808	94	
3843	0	45484	19811	94	
3844	0	45488	19814	94	
3845	0	45489	19813	94	
3846	0	45487	19814	94	
3847	0	45490	19818	94	
3848	0	45489	19818	94	
3849	0	45495	19821	94	
3850	0	45499	19822	94	
3851	0	45499	19824	94	
3852	0	45503	19828	94	
3853	0	45510	19825	94	
3854	0	45505	19827	94	
3855	0	45507	19831	94	
3856	0	45504	19830	94	
3857	0	45511	19828	94	
3858	0	45515	19834	94	
3859	0	45525	19836	94	
3860	0	45529	19835	94	
3861	0	45527	19836	94	
3862	0	45537	19834	94	
3863	0	45530	19835	94	
3864	0	45531	19835	94	
3865	0	45523	19837	94	
3866	0	45527	19838	94	
3867	0	45530	19840	94	
3868	0	45529	19843	94	
3869	0	45532	19846	94	
3870	0	45530	19849	94	
3871	0	45533	19855	94	
3872	0	45544	19859	94	
3873	0	45551	19865	94	
3874	0	45543	19860	94	
3875	0	45543	19861	94	
3876	0	45531	19854	94	
3877	0	45523	19842	94	
3878	0	45518	19834	94	
3879	0	45503	19827	94	
3880	0	45491	19817	94	
3881	0	45485	19810	94	
3882	0	45478	19809	94	
3883	0	45469	19805	94	
3884	0	45478	19808	94	
3885	0	45482	19801	97	
3886	0	45475	19799	97	
3887	0	45474	19800	97	
3888	0	45472	19797	97	
3889	0	45473	19798	97	
3890	0	45471	19800	97	
3891	0	45475	19800	97	
3892	0	45471	19800	97	
3893	0	45478	19800	97	
3894	0	45479	19803	97	
3895	0	45480	19802	97	
3896	0	45481	19807	97	
3897	0	45475	19806	97	
3898	0	45482	19808	97	
3899	0	45480	19807	97	
3900	0	45484	19808	97	
3901	0	45483	19804	97	
3902	0	45477	19802	97	
3903	0	45480	19803	97	
3904	0	45473	19801	97	
3905	0	45474	19804	97	
3906	0	45487	19800	97	
3907	0	45486	19799	97	
3908	0	45483	19795	97	
3909	0	45475	19795	97	
3910	0	45480	19793	97	
3911	0	45471	19791	97	
3912	0	45477	19790	97	
3913	0	45471	19797	97	
3914	0	45474	19795	97	
3915	0	45468	19799	97	
3916	0	45472	19800	97	
3917	0	45481	19803	97	
3918	0	45486	19809	97	
3919	0	45492	19809	97	
3920	0	45503	19812	97	
3921	0	45507	19812	97	
3922	0	45510	19812	97	
3923	0	45507	19813	97	
3924	0	45505	19813	97	
3925	0	45503	19810	97	
3926	0	45500	19808	97	
3927	0	45503	19811	97	
3928	0	45507	19814	97	
3929	0	45514	19817	97	
3930	0	45513	19817	97	
3931	0	45518	19817	97	
3932	0	45519	19816	97	
3933	0	45515	19811	97	
3934	0	45512	19809	97	
3935	0	45516	19809	97	
3936	0	45518	19803	97	
3937	0	45515	19808	97	
3938	0	45520	19802	97	
3939	0	45516	19807	97	
3940	0	45517	19807	97	
3941	0	45520	19804	97	
3942	0	45518	19806	97	
3943	0	45519	19802	97	
3944	0	45518	19803	97	
3945	0	45519	19805	97	
3946	0	45522	19803	97	
3947	0	45523	19803	97	
3948	0	45528	19803	97	
3949	0	45523	19804	97	
3950	0	45518	19806	97	
3951	0	45518	19808	97	
3952	0	45517	19804	97	
3953	0	45508	19803	97	
3954	0	45497	19796	97	
3955	0	45487	19792	97	
3956	0	45468	19780	97	
3957	0	45457	19773	97	
3958	0	45444	19764	97	
3959	0	45443	19758	97	
3960	0	45435	19750	97	
3961	0	45438	19748	97	
3962	0	45431	19746	97	
3963	0	45429	19743	97	
3964	0	45428	19743	97	
3965	0	45425	19740	97	
3966	0	45427	19743	97	
3967	0	45421	19738	97	
3968	0	45420	19742	97	
3969	0	45426	19737	97	
3970	0	45430	19736	97	
3971	0	45426	19736	97	
3972	0	45430	19737	97	
3973	0	45431	19740	97	
3974	0	45435	19738	97	
3975	0	45438	19737	97	
3976	0	45428	19737	97	
3977	0	45426	19734	97	
3978	0	45427	19732	97	
3979	0	45414	19728	97	
3980	0	45411	19731	97	
3981	0	45414	19727	97	
3982	0	45408	19730	97	
3983	0	45415	19724	97	
3984	0	45424	19728	97	
3985	0	45430	19727	97	
3986	0	45424	19729	97	
3987	0	45432	19725	97	
3988	0	45425	19725	97	
3989	0	45430	19725	97	
3990	0	45426	19720	97	
3991	0	45418	19717	97	
3992	0	45422	19721	97	
3993	0	45419	19721	97	
3994	0	45417	19725	97	
3995	0	45428	19727	97	
3996	0	45433	19729	97	
3997	0	45436	19733	97	
3998	0	45440	19730	97	
3999	0	45439	19739	97	
4000	0	45443	19733	97	
4001	0	45438	19732	97	
4002	0	45441	19735	97	
4003	0	45445	19734	97	
4004	0	45444	19739	97	
4005	0	45449	19742	97	
4006	0	45448	19743	97	
4007	0	45459	19743	97	
4008	0	45454	19748	97	
4009	0	45456	19747	97	
4010	0	45463	19749	97	
4011	0	45469	19754	97	
4012	0	45462	19754	97	
4013	0	45463	19752	97	
4014	0	45467	19755	97	
4015	0	45466	19755	97	
4016	0	45471	19759	97	
4017	0	45465	19757	97	
4018	0	45465	19761	97	
4019	0	45472	19762	97	
4020	0	45482	19763	97	
4021	0	45486	19768	97	
4022	0	45492	19769	97	
4023	0	45496	19767	97	
4024	0	45495	19770	97	
4025	0	45501	19770	97	
4026	0	45502	19775	97	
4027	0	45504	19779	97	
4028	0	45508	19777	97	
4029	0	45509	19778	97	
4030	0	45514	19779	97	
4031	0	45503	19781	97	
4032	0	45502	19782	97	
4033	0	45493	19770	97	
4034	0	45488	19766	97	
4035	0	45480	19757	97	
4036	0	45463	19749	97	
4037	0	45445	19738	97	
4038	0	45442	19733	97	
4039	0	45431	19724	97	
4040	0	45427	19711	97	
4041	0	45420	19711	97	
4042	0	45411	19703	97	
4043	0	45415	19699	97	
4044	0	45409	19702	97	
4045	0	45407	19697	97	
4046	0	45411	19697	97	
4047	0	45417	19691	97	
4048	0	45410	19690	97	
4049	0	45412	19692	97	
4050	0	45410	19685	97	
4051	0	45401	19682	97	
4052	0	45403	19683	97	
4053	0	45398	19682	97	
4054	0	45403	19678	97	
4055	0	45400	19683	97	
4056	0	45394	19681	97	
4057	0	45401	19684	97	
4058	0	45396	19684	97	
4059	0	45392	19681	97	
4060	0	45391	19682	97	
4061	0	45400	19683	97	
4062	0	45400	19679	97	
4063	0	45396	19677	97	
4064	0	45399	19678	97	
4065	0	45394	19678	97	
4066	0	45393	19673	97	
4067	0	45396	19675	97	
4068	0	45397	19678	97	
4069	0	45403	19677	97	
4070	0	45394	19675	97	
4071	0	45397	19674	97	
4072	0	45397	19674	97	
4073	0	45409	19676	97	
4074	0	45413	19674	97	
4075	0	45411	19679	97	
4076	0	45409	19678	97	
4077	0	45414	19679	97	
4078	0	45407	19678	97	
4079	0	45409	19680	97	
4080	0	45419	19680	97	
4081	0	45417	19680	97	
4082	0	45418	19678	97	
4083	0	45417	19677	97	
4084	0	45426	19681	97	
4085	0	45427	19679	97	
4086	0	45431	19682	97	
4087	0	45423	19678	97	
4088	0	45428	19679	97	
4089	0	45426	19680	97	
4090	0	45429	19677	97	
4091	0	45424	19677	97	
4092	0	45428	19674	97	
4093	0	45432	19678	97	
4094	0	45430	19678	97	
4095	0	45427	19676	97	
4096	0	45437	19677	97	
4097	0	45433	19676	97	
4098	0	45432	19680	97	
4099	0	45438	19681	97	
4100	0	45434	19680	97	
4101	0	45442	19679	97	
4102	0	45441	19684	97	
4103	0	45441	19681	97	
4104	0	45446	19684	97	
4105	0	45448	19681	97	
4106	0	45449	19681	97	
4107	0	45452	19680	97	
4108	0	45452	19681	97	
4109	0	45458	19684	97	
4110	0	45451	19681	97	
4111	0	45450	19680	97	
4112	0	45455	19680	97	
4113	0	45458	19677	97	
4114	0	45449	19679	97	
4115	0	45442	19672	97	
4116	0	45420	19663	97	
4117	0	45414	19660	97	
4118	0	45398	19649	97	
4119	0	45388	19639	97	
4120	0	45390	19628	97	
4121	0	45380	19619	97	
4122	0	45364	19610	97	
4123	0	45356	19603	97	
4124	0	45352	19594	97	
4125	0	45343	19592	97	
4126	0	45340	19591	97	
4127	0	45344	19588	97	
4128	0	45338	19586	97	
4129	0	45343	19584	97	
4130	0	45343	19586	97	
4131	0	45341	19579	97	
4132	0	45336	19578	97	
4133	0	45336	19576	97	
4134	0	45342	19577	97	
4135	0	45340	19575	97	
4136	0	45333	19574	97	
4137	0	45329	19571	97	
4138	0	45331	19569	97	
4139	0	45327	19570	97	
4140	0	45325	19570	97	
4141	0	45322	19566	97	
4142	0	45326	19566	97	
4143	0	45329	19563	97	
4144	0	45326	19562	97	
4145	0	45317	19559	97	
4146	0	45322	19554	97	
4147	0	45322	19554	97	
4148	0	45315	19552	97	
4149	0	45319	19552	97	
4150	0	45315	19552	97	
4151	0	45323	19550	97	
4152	0	45319	19554	97	
4153	0	45321	19551	97	
4154	0	45319	19550	97	
4155	0	45323	19549	97	
4156	0	45323	19551	97	
4157	0	45320	19551	97	
4158	0	45322	19549	97	
4159	0	45327	19552	97	
4160	0	45328	19552	97	
4161	0	45333	19553	97	
4162	0	45336	19549	97	
4163	0	45335	19549	97	
4164	0	45337	19555	97	
4165	0	45341	19553	97	
4166	0	45341	19553	97	
4167	0	45338	19553	97	
4168	0	45334	19552	97	
4169	0	45339	19557	97	
4170	0	45336	19556	97	
4171	0	45334	19558	97	
4172	0	45341	19559	97	
4173	0	45340	19559	97	
4174	0	45344	19563	97	
4175	0	45343	19564	97	
4176	0	45341	19558	97	
4177	0	45344	19564	97	
4178	0	45351	19564	97	
4179	0	45354	19565	97	
4180	0	45350	19566	97	
4181	0	45351	19567	97	
4182	0	45356	19562	97	
4183	0	45354	19566	97	
4184	0	45353	19562	97	
4185	0	45352	19565	95	
4186	0	45363	19564	95	
4187	0	45357	19568	95	
4188	0	45363	19568	95	
4189	0	45365	19571	95	
4190	0	45364	19570	95	
4191	0	45366	19572	95	
4192	0	45357	19574	95	
4193	0	45363	19568	95	
4194	0	45357	19572	95	
4195	0	45360	19571	95	
4196	0	45347	19569	95	
4197	0	45339	19562	95	
4198	0	45327	19560	95	
4199	0	45324	19550	95	
4200	0	45312	19543	95	
4201	0	45304	19537	95	
4202	0	45288	19532	95	
4203	0	45288	19532	95	
4204	0	45288	19523	95	
4205	0	45284	19523	95	
4206	0	45289	19522	95	
4207	0	45283	19520	95	
4208	0	45283	19520	95	
4209	0	45280	19522	95	
4210	0	45282	19523	95	
4211	0	45290	19529	95	
4212	0	45291	19526	95	
4213	0	45292	19526	95	
4214	0	45290	19529	95	
4215	0	45287	19526	95	
4216	0	45292	19530	95	
4217	0	45297	19532	95	
4218	0	45289	19533	95	
4219	0	45287	19536	95	
4220	0	45293	19531	95	
4221	0	45282	19536	95	
4222	0	45277	19539	95	
4223	0	45288	19539	95	
4224	0	45288	19545	95	
4225	0	45296	19542	95	
4226	0	45294	19538	95	
4227	0	45295	19540	95	
4228	0	45296	19537	95	
4229	0	45291	19541	95	
4230	0	45291	19539	95	
4231	0	45291	19542	95	
4232	0	45300	19544	95	
4233	0	45301	19539	95	
4234	0	45301	19540	95	
4235	0	45295	19544	95	
4236	0	45303	19548	95	
4237	0	45305	19548	95	
4238	0	45307	19547	95	
4239	0	45298	19550	95	
4240	0	45306	19552	95	
4241	0	45309	19550	95	
4242	0	45318	19555	95	
4243	0	45317	19560	95	
4244	0	45318	19557	95	
4245	0	45312	19558	95	
4246	0	45314	19567	95	
4247	0	45317	19565	95	
4248	0	45320	19563	95	
4249	0	45317	19568	95	
4250	0	45319	19567	95	
4251	0	45325	19571	95	
4252	0	45327	19575	95	
4253	0	45326	19574	95	
4254	0	45327	19578	95	
4255	0	45338	19581	95	
4256	0	45341	19581	95	
4257	0	45337	19582	95	
4258	0	45333	19589	95	
4259	0	45342	19591	95	
4260	0	45340	19590	95	
4261	0	45350	19593	95	
4262	0	45351	19592	95	
4263	0	45347	19592	95	
4264	0	45351	19596	95	
4265	0	45353	19598	95	
4266	0	45360	19600	95	
4267	0	45355	19607	95	
4268	0	45358	19610	95	
4269	0	45364	19613	95	
4270	0	45367	19612	95	
4271	0	45369	19616	95	
4272	0	45358	19614	95	
4273	0	45353	19611	95	
4274	0	45340	19608	95	
4275	0	45335	19602	95	
4276	0	45322	19597	95	
4277	0	45317	19592	95	
4278	0	45316	19591	95	
4279	0	45307	19583	95	
4280	0	45307	19581	95	
4281	0	45300	19573	95	
4282	0	45298	19578	95	
4283	0	45298	19576	95	
4284	0	45301	19578	95	
4285	0	45292	19576	95	
4286	0	45292	19578	95	
4287	0	45299	19581	95	
4288	0	45305	19583	95	
4289	0	45305	19585	95	
4290	0	45308	19583	95	
4291	0	45305	19590	95	
4292	0	45310	19588	95	
4293	0	45311	19592	95	
4294	0	45311	19588	95	
4295	0	45307	19595	95	
4296	0	45313	19597	95	
4297	0	45310	19601	95	
4298	0	45316	19601	95	
4299	0	45318	19602	95	
4300	0	45323	19605	95	
4301	0	45322	19604	95	
4302	0	45323	19600	95	
4303	0	45319	19600	95	
4304	0	45317	19596	95	
4305	0	45314	19597	95	
4306	0	45316	19598	95	
4307	0	45316	19599	95	
4308	0	45316	19600	95	
4309	0	45326	19601	95	
4310	0	45323	19602	95	
4311	0	45327	19603	95	
4312	0	45330	19602	95	
4313	0	45325	19604	95	
4314	0	45325	19606	95	
4315	0	45329	19607	95	
4316	0	45325	19614	95	
4317	0	45335	19613	95	
4318	0	45329	19618	95	
4319	0	45342	19621	95	
4320	0	45342	19621	95	
4321	0	45347	19625	95	
4322	0	45356	19621	95	
4323	0	45355	19630	95	
4324	0	45363	19628	95	
4325	0	45359	19629	95	
4326	0	45355	19631	95	
4327	0	45355	19627	95	
4328	0	45355	19630	95	
4329	0	45359	19629	95	
4330	0	45355	19635	95	
4331	0	45361	19636	95	
4332	0	45366	19639	95	
4333	0	45366	19641	95	
4334	0	45367	19642	95	
4335	0	45371	19638	95	
4336	0	45375	19642	95	
4337	0	45378	19644	95	
4338	0	45373	19648	95	
4339	0	45380	19647	95	
4340	0	45382	19648	95	
4341	0	45380	19651	95	
4342	0	45381	19648	95	
4343	0	45379	19650	95	
4344	0	45387	19652	95	
4345	0	45389	19658	95	
4346	0	45394	19656	95	
4347	0	45396	19657	95	
4348	0	45388	19656	95	
4349	0	45386	19655	95	
4350	0	45373	19653	95	
4351	0	45371	19649	95	
4352	0	45360	19642	95	
4353	0	45349	19632	95	
4354	0	45340	19626	95	
4355	0	45333	19618	95	
4356	0	45327	19609	95	
4357	0	45316	19604	95	
4358	0	45309	19603	95	
4359	0	45308	19598	95	
4360	0	45313	19601	95	
4361	0	45307	19598	95	
4362	0	45310	19598	95	
4363	0	45304	19599	95	
4364	0	45309	19594	95	
4365	0	45313	19596	95	
4366	0	45308	19593	95	
4367	0	45308	19594	95	
4368	0	45311	19595	95	
4369	0	45316	19596	95	
4370	0	45306	19596	95	
4371	0	45310	19596	95	
4372	0	45311	19598	95	
4373	0	45306	19598	95	
4374	0	45307	19594	95	
4375	0	45304	19594	95	
4376	0	45306	19590	95	
4377	0	45298	19592	95	
4378	0	45298	19595	95	
4379	0	45304	19598	95	
4380	0	45305	19594	95	
4381	0	45305	19595	95	
4382	0	45303	19595	95	
4383	0	45308	19594	95	
4384	0	45312	19592	95	
4385	0	45310	19587	95	
4386	0	45301	19590	95	
4387	0	45304	19589	95	
4388	0	45302	19595	95	
4389	0	45311	19593	95	
4390	0	45308	19595	95	
4391	0	45315	19597	95	
4392	0	45322	19601	95	
4393	0	45317	19601	95	
4394	0	45318	19596	95	
4395	0	45320	19599	95	
4396	0	45316	19602	95	
4397	0	45325	19607	95	
4398	0	45325	19607	95	
4399	0	45333	19610	95	
4400	0	45329	19614	95	
4401	0	45330	19612	95	
4402	0	45341	19617	95	
4403	0	45334	19616	95	
4404	0	45336	19619	95	
4405	0	45347	19619	95	
4406	0	45345	19618	95	
4407	0	45339	19617	95	
4408	0	45351	19620	95	
4409	0	45352	19621	95	
4410	0	45351	19617	95	
4411	0	45352	19622	95	
4412	0	45354	19627	95	
4413	0	45350	19625	95	
4414	0	45349	19626	95	
4415	0	45351	19625	95	
4416	0	45352	19634	95	
4417	0	45359	19634	95	
4418	0	45358	19638	95	
4419	0	45368	19638	95	
4420	0	45366	19636	95	
4421	0	45373	19637	95	
4422	0	45373	19638	95	
4423	0	45375	19639	95	
4424	0	45372	19642	95	
4425	0	45370	19642	95	
4426	0	45368	19640	95	
4427	0	45359	19638	95	
4428	0	45358	19627	95	
4429	0	45345	19626	95	
4430	0	45337	19621	95	
4431	0	45325	19613	95	
4432	0	45314	19603	95	
4433	0	45305	19597	95	
4434	0	45299	19592	95	
4435	0	45294	19588	95	
4436	0	45289	19584	95	
4437	0	45290	19583	95	
4438	0	45287	19581	95	
4439	0	45281	19579	95	
4440	0	45282	19581	95	
4441	0	45285	19581	95	
4442	0	45295	19587	95	
4443	0	45294	19589	95	
4444	0	45295	19586	95	
4445	0	45299	19587	95	
4446	0	45298	19589	95	
4447	0	45292	19586	95	
4448	0	45297	19585	95	
4449	0	45289	19590	95	
4450	0	45294	19590	95	
4451	0	45301	19588	95	
4452	0	45297	19588	95	
4453	0	45296	19588	95	
4454	0	45291	19583	95	
4455	0	45291	19588	95	
4456	0	45289	19587	95	
4457	0	45288	19582	95	
4458	0	45285	19583	95	
4459	0	45283	19581	95	
4460	0	45273	19577	95	
4461	0	45277	19576	95	
4462	0	45281	19578	95	
4463	0	45286	19579	95	
4464	0	45288	19575	95	
4465	0	45279	19578	95	
4466	0	45285	19578	95	
4467	0	45287	19576	95	
4468	0	45292	19577	95	
4469	0	45299	19582	95	
4470	0	45302	19583	95	
4471	0	45304	19583	95	
4472	0	45299	19583	95	
4473	0	45307	19581	95	
4474	0	45303	19583	95	
4475	0	45300	19584	95	
4476	0	45305	19583	95	
4477	0	45299	19583	95	
4478	0	45301	19584	95	
4479	0	45307	19585	95	
4480	0	45304	19587	95	
4481	0	45307	19591	95	
4482	0	45311	19590	95	
4483	0	45311	19591	95	
4484	0	45311	19591	95	
4485	0	45314	19588	94	
4486	0	45307	19592	94	
4487	0	45310	19591	94	
4488	0	45307	19592	94	
4489	0	45315	19589	94	
4490	0	45315	19593	94	
4491	0	45312	19592	94	
4492	0	45320	19595	94	
4493	0	45313	19598	94	
4494	0	45317	19596	94	
4495	0	45323	19598	94	
4496	0	45325	19600	94	
4497	0	45329	19605	94	
4498	0	45332	19605	94	
4499	0	45335	19608	94	
4500	0	45328	19606	94	
4501	0	45333	19606	94	
4502	0	45327	19606	94	
4503	0	45326	19606	94	
4504	0	45316	19603	94	
4505	0	45310	19600	94	
4506	0	45299	19589	94	
4507	0	45283	19579	94	
4508	0	45274	19578	94	
4509	0	45266	19570	94	
4510	0	45266	19563	94	
4511	0	45257	19556	94	
4512	0	45246	19551	94	
4513	0	45252	19553	94	
4514	0	45242	19550	94	
4515	0	45243	19550	94	
4516	0	45245	19547	94	
4517	0	45244	19549	94	
4518	0	45248	19548	94	
4519	0	45251	19550	94	
4520	0	45249	19546	94	
4521	0	45249	19543	94	
4522	0	45250	19542	94	
4523	0	45249	19546	94	
4524	0	45245	19546	94	
4525	0	45248	19552	94	
4526	0	45248	19551	94	
4527	0	45249	19552	94	
4528	0	45252	19553	94	
4529	0	45254	19555	94	
4530	0	45254	19549	94	
4531	0	45260	19544	94	
4532	0	45251	19542	94	
4533	0	45243	19539	94	
4534	0	45242	19540	94	
4535	0	45246	19535	94	
4536	0	45238	19536	94	
4537	0	45238	19530	94	
4538	0	45234	19529	94	
4539	0	45234	19528	94	
4540	0	45231	19526	94	
4541	0	45232	19524	94	
4542	0	45231	19526	94	
4543	0	45236	19531	94	
4544	0	45240	19529	94	
4545	0	45236	19528	94	
4546	0	45247	19535	94	
4547	0	45245	19535	94	
4548	0	45245	19538	94	
4549	0	45254	19538	94	
4550	0	45254	19536	94	
4551	0	45250	19538	94	
4552	0	45250	19540	94	
4553	0	45258	19542	94	
4554	0	45254	19542	94	
4555	0	45261	19545	94	
4556	0	45258	19549	94	
4557	0	45261	19550	94	
4558	0	45260	19547	94	
4559	0	45263	19549	94	
4560	0	45266	19553	94	
4561	0	45269	19552	94	
4562	0	45268	19555	94	
4563	0	45276	19558	94	
4564	0	45271	19562	94	
4565	0	45280	19558	94	
4566	0	45281	19560	94	
4567	0	45280	19562	94	
4568	0	45282	19562	94	
4569	0	45286	19567	94	
4570	0	45289	19567	94	
4571	0	45281	19567	94	
4572	0	45286	19566	94	
4573	0	45286	19571	94	
4574	0	45288	19572	94	
4575	0	45292	19574	94	
4576	0	45298	19574	94	
4577	0	45301	19578	94	
4578	0	45297	19574	94	
4579	0	45294	19578	94	
4580	0	45300	19576	94	
4581	0	45291	19576	94	
4582	0	45282	19570	94	
4583	0	45272	19567	94	
4584	0	45262	19552	94	
4585	0	45247	19548	94	
4586	0	45242	19537	94	
4587	0	45233	19530	94	
4588	0	45223	19522	94	
4589	0	45214	19514	94	
4590	0	45209	19512	94	
4591	0	45205	19505	94	
4592	0	45205	19501	94	
4593	0	45197	19497	94	
4594	0	45196	19501	94	
4595	0	45201	19499	94	
4596	0	45201	19498	94	
4597	0	45199	19500	94	
4598	0	45202	19501	94	
4599	0	45207	19500	94	
4600	0	45200	19499	94	
4601	0	45193	19497	94	
4602	0	45193	19495	94	
4603	0	45195	19498	94	
4604	0	45201	19493	94	
4605	0	45200	19494	94	
4606	0	45200	19494	94	
4607	0	45193	19493	94	
4608	0	45196	19489	94	
4609	0	45191	19487	94	
4610	0	45188	19490	94	
4611	0	45189	19486	94	
4612	0	45182	19484	94	
4613	0	45184	19480	94	
4614	0	45179	19481	94	
4615	0	45180	19481	94	
4616	0	45188	19482	94	
4617	0	45183	19482	94	
4618	0	45190	19482	94	
4619	0	45189	19479	94	
4620	0	45190	19481	94	
4621	0	45184	19480	94	
4622	0	45190	19484	94	
4623	0	45187	19483	94	
4624	0	45188	19484	94	
4625	0	45192	19489	94	
4626	0	45201	19488	94	
4627	0	45202	19489	94	
4628	0	45205	19489	94	
4629	0	45205	19490	94	
4630	0	45202	19490	94	
4631	0	45199	19492	94	
4632	0	45206	19497	94	
4633	0	45209	19499	94	
4634	0	45217	19496	94	
4635	0	45211	19501	94	
4636	0	45214	19496	94	
4637	0	45216	19503	94	
4638	0	45218	19499	94	
4639	0	45215	19499	94	
4640	0	45219	19500	94	
4641	0	45218	19501	94	
4642	0	45214	19506	94	
4643	0	45215	19507	94	
4644	0	45215	19505	94	
4645	0	45222	19513	94	
4646	0	45219	19512	94	
4647	0	45222	19511	94	
4648	0	45228	19517	94	
4649	0	45232	19518	94	
4650	0	45239	19516	94	
4651	0	45242	19520	94	
4652	0	45241	19518	94	
4653	0	45245	19523	94	
4654	0	45250	19523	94	
4655	0	45248	19524	94	
4656	0	45251	19521	94	
4657	0	45247	19525	94	
4658	0	45248	19522	94	
4659	0	45250	19521	94	
4660	0	45241	19520	94	
4661	0	45227	19511	94	
4662	0	45217	19504	94	
4663	0	45209	19494	94	
4664	0	45197	19483	94	
4665	0	45181	19477	94	
4666	0	45170	19470	94	
4667	0	45161	19460	94	
4668	0	45160	19454	94	
4669	0	45155	19452	94	
4670	0	45145	19447	94	
4671	0	45142	19445	94	
4672	0	45142	19446	94	
4673	0	45146	19447	94	
4674	0	45145	19441	94	
4675	0	45143	19442	94	
4676	0	45145	19440	94	
4677	0	45143	19444	94	
4678	0	45143	19438	94	
4679	0	45139	19435	94	
4680	0	45148	19437	94	
4681	0	45142	19439	94	
4682	0	45140	19438	94	
4683	0	45146	19433	94	
4684	0	45147	19432	94	
4685	0	45138	19438	94	
4686	0	45136	19434	94	
4687	0	45137	19434	94	
4688	0	45131	19425	94	
4689	0	45136	19425	94	
4690	0	45132	19425	94	
4691	0	45131	19426	94	
4692	0	45130	19422	94	
4693	0	45122	19419	94	
4694	0	45122	19419	94	
4695	0	45119	19414	94	
4696	0	45123	19417	94	
4697	0	45126	19418	94	
4698	0	45120	19418	94	
4699	0	45125	19418	94	
4700	0	45125	19419	94	
4701	0	45124	19417	94	
4702	0	45129	19420	94	
4703	0	45133	19418	94	
4704	0	45131	19422	94	
4705	0	45126	19428	94	
4706	0	45131	19423	94	
4707	0	45132	19429	94	
4708	0	45142	19426	94	
4709	0	45145	19431	94	
4710	0	45138	19428	94	
4711	0	45143	19427	94	
4712	0	45146	19429	94	
4713	0	45143	19434	94	
4714	0	45141	19432	94	
4715	0	45146	19430	94	
4716	0	45147	19432	94	
4717	0	45142	19432	94	
4718	0	45145	19430	94	
4719	0	45150	19433	94	
4720	0	45153	19431	94	
4721	0	45149	19429	94	
4722	0	45152	19434	94	
4723	0	45146	19435	94	
4724	0	45145	19434	94	
4725	0	45151	19437	94	
4726	0	45154	19436	94	
4727	0	45154	19434	94	
4728	0	45156	19432	94	
4729	0	45165	19437	94	
4730	0	45159	19436	94	
4731	0	45159	19439	94	
4732	0	45173	19440	94	
4733	0	45177	19442	94	
4734	0	45172	19444	94	
4735	0	45170	19439	94	
4736	0	45173	19443	94	
4737	0	45170	19442	94	
4738	0	45164	19441	94	
4739	0	45157	19436	94	
4740	0	45147	19429	94	
4741	0	45139	19422	94	
4742	0	45129	19416	94	
4743	0	45115	19408	94	
4744	0	45096	19393	94	
4745	0	45090	19389	94	
4746	0	45077	19377	94	
4747	0	45067	19372	94	
4748	0	45066	19370	94	
4749	0	45060	19365	94	
4750	0	45063	19364	94	
4751	0	45054	19360	94	
4752	0	45057	19357	94	
4753	0	45053	19359	94	
4754	0	45062	19360	94	
4755	0	45058	19358	94	
4756	0	45061	19359	94	
4757	0	45061	19360	94	
4758	0	45050	19356	94	
4759	0	45053	19353	94	
4760	0	45053	19352	94	
4761	0	45056	19354	94	
4762	0	45059	19354	94	
4763	0	45056	19352	94	
4764	0	45049	19353	94	
4765	0	45056	19352	94	
4766	0	45055	19350	94	
4767	0	45052	19349	94	
4768	0	45045	19352	94	
4769	0	45048	19347	94	
4770	0	45049	19352	94	
4771	0	45044	19347	94	
4772	0	45041	19343	94	
4773	0	45041	19349	94	
4774	0	45049	19354	94	
4775	0	45050	19348	94	
4776	0	45049	19349	94	
4777	0	45049	19348	94	
4778	0	45046	19353	94	
4779	0	45055	19350	94	
4780	0	45057	19355	94	
4781	0	45051	19355	94	
4782	0	45056	19357	94	
4783	0	45055	19361	94	
4784	0	45056	19360	94	
4785	0	45063	19363	95	
4786	0	45060	19368	95	
4787	0	45065	19365	95	
4788	0	45070	19373	95	
4789	0	45067	19370	95	
4790	0	45073	19371	95	
4791	0	45077	19380	95	
4792	0	45079	19377	95	
4793	0	45077	19380	95	
4794	0	45082	19384	95	
4795	0	45085	19386	95	
4796	0	45091	19387	95	
4797	0	45095	19390	95	
4798	0	45092	19391	95	
4799	0	45092	19390	95	
4800	0	45089	19393	95	
4801	0	45094	19394	95	
4802	0	45091	19394	95	
4803	0	45096	19396	95	
4804	0	45098	19402	95	
4805	0	45103	19403	95	
4806	0	45101	19406	95	
4807	0	45112	19405	95	
4808	0	45115	19411	95	
4809	0	45111	19412	95	
4810	0	45119	19415	95	
4811	0	45120	19421	95	
4812	0	45125	19417	95	
4813	0	45126	19419	95	
4814	0	45128	19422	95	
4815	0	45133	19422	95	
4816	0	45139	19430	95	
4817	0	45137	19437	95	
4818	0	45140	19436	95	
4819	0	45144	19438	95	
4820	0	45145	19438	95	
4821	0	45144	19440	95	
4822	0	45142	19437	95	
4823	0	45134	19434	95	
4824	0	45124	19427	95	
4825	0	45116	19425	95	
4826	0	45100	19410	95	
4827	0	45085	19399	95	
4828	0	45073	19392	95	
4829	0	45063	19385	95	
4830	0	45057	19378	95	
4831	0	45050	19370	95	
4832	0	45043	19369	95	
4833	0	45039	19360	95	
4834	0	45044	19362	95	
4835	0	45040	19361	95	
4836	0	45038	19364	95	
4837	0	45046	19364	95	
4838	0	45046	19365	95	
4839	0	45041	19365	95	
4840	0	45046	19365	95	
4841	0	45044	19368	95	
4842	0	45042	19364	95	
4843	0	45045	19363	95	
4844	0	45048	19366	95	
4845	0	45052	19369	95	
4846	0	45052	19367	95	
4847	0	45043	19367	95	
4848	0	45046	19366	95	
4849	0	45047	19368	95	
4850	0	45041	19369	95	
4851	0	45054	19370	95	
4852	0	45051	19371	95	
4853	0	45043	19368	95	
4854	0	45039	19365	95	
4855	0	45046	19362	95	
4856	0	45048	19368	95	
4857	0	45039	19362	95	
4858	0	45041	19365	95	
4859	0	45045	19364	95	
4860	0	45047	19369	95	
4861	0	45048	19374	95	
4862	0	45055	19372	95	
4863	0	45055	19375	95	
4864	0	45061	19380	95	
4865	0	45067	19377	95	
4866	0	45065	19384	95	
4867	0	45070	19388	95	
4868	0	45070	19391	95	
4869	0	45077	19394	95	
4870	0	45079	19395	95	
4871	0	45080	19395	95	
4872	0	45081	19399	95	
4873	0	45087	19398	95	
4874	0	45081	19401	95	
4875	0	45085	19404	95	
4876	0	45090	19407	95	
4877	0	45106	19406	95	
4878	0	45106	19409	95	
4879	0	45104	19409	95	
4880	0	45108	19413	95	
4881	0	45105	19412	95	
4882	0	45105	19415	95	
4883	0	45111	19410	95	
4884	0	45110	19418	95	
4885	0	45112	19420	95	
4886	0	45120	19421	95	
4887	0	45116	19424	95	
4888	0	45118	19424	95	
4889	0	45124	19431	95	
4890	0	45131	19431	95	
4891	0	45126	19435	95	
4892	0	45132	19437	95	
4893	0	45138	19439	95	
4894	0	45139	19437	95	
4895	0	45142	19440	95	
4896	0	45152	19445	95	
4897	0	45150	19443	95	
4898	0	45154	19446	95	
4899	0	45155	19448	95	
4900	0	45160	19454	95	
4901	0	45158	19454	95	
4902	0	45161	19455	95	
4903	0	45166	19455	95	
4904	0	45164	19458	95	
4905	0	45166	19464	95	
4906	0	45163	19465	95	
4907	0	45162	19457	95	
4908	0	45156	19455	95	
4909	0	45142	19451	95	
4910	0	45136	19442	95	
4911	0	45119	19433	95	
4912	0	45102	19424	95	
4913	0	45088	19413	95	
4914	0	45079	19406	95	
4915	0	45077	19398	95	
4916	0	45069	19397	95	
4917	0	45065	19396	95	
4918	0	45068	19394	95	
4919	0	45071	19396	95	
4920	0	45070	19396	95	
4921	0	45078	19393	95	
4922	0	45079	19389	95	
4923	0	45076	19392	95	
4924	0	45076	19396	95	
4925	0	45075	19394	95	
4926	0	45079	19398	95	
4927	0	45080	19397	95	
4928	0	45087	19401	95	
4929	0	45087	19402	95	
4930	0	45082	19401	95	
4931	0	45083	19398	95	
4932	0	45084	19399	95	
4933	0	45093	19400	95	
4934	0	45087	19397	95	
4935	0	45091	19397	95	
4936	0	45091	19393	95	
4937	0	45086	19398	95	
4938	0	45084	19391	95	
4939	0	45085	19389	95	
4940	0	45082	19388	95	
4941	0	45074	19388	95	
4942	0	45075	19386	95	
4943	0	45073	19388	95	
4944	0	45079	19392	95	
4945	0	45084	19392	95	
4946	0	45094	19394	95	
4947	0	45092	19397	95	
4948	0	45098	19394	95	
4949	0	45103	19398	95	
4950	0	45099	19401	95	
4951	0	45104	19400	95	
4952	0	45102	19400	95	
4953	0	45113	19407	95	
4954	0	45109	19408	95	
4955	0	45118	19407	95	
4956	0	45120	19408	95	
4957	0	45122	19412	95	
4958	0	45118	19411	95	
4959	0	45124	19411	95	
4960	0	45124	19413	95	
4961	0	45129	19410	95	
4962	0	45130	19415	95	
4963	0	45128	19415	95	
4964	0	45135	19414	95	
4965	0	45135	19419	95	
4966	0	45136	19421	95	
4967	0	45137	19424	95	
4968	0	45136	19419	95	
4969	0	45139	19422	95	
4970	0	45137	19425	95	
4971	0	45145	19423	95	
4972	0	45146	19428	95	
4973	0	45144	19429	95	
4974	0	45151	19436	95	
4975	0	45162	19435	95	
4976	0	45154	19435	95	
4977	0	45157	19435	95	
4978	0	45156	19435	95	
4979	0	45160	19438	95	
4980	0	45155	19436	95	
4981	0	45159	19440	95	
4982	0	45165	19442	95	
4983	0	45165	19450	95	
4984	0	45178	19454	95	
4985	0	45186	19456	95	
4986	0	45181	19458	95	
4987	0	45186	19459	95	
4988	0	45192	19460	95	
4989	0	45188	19463	95	
4990	0	45186	19462	95	
4991	0	45180	19463	95	
4992	0	45182	19457	95	
4993	0	45169	19449	95	
4994	0	45148	19443	95	
4995	0	45136	19430	95	
4996	0	45121	19420	95	
4997	0	45102	19410	95	
4998	0	45095	19402	95	
4999	0	45092	19395	95	
5000	0	45088	19396	95	
5001	0	45090	19393	95	
5002	0	45089	19390	95	
5003	0	45090	19389	95	
5004	0	45086	19389	95	
5005	0	45089	19392	95	
5006	0	45095	19390	95	
5007	0	45090	19393	95	
5008	0	45092	19395	95	
5009	0	45090	19391	95	
5010	0	45090	19395	95	
5011	0	45099	19399	95	
5012	0	45102	19403	95	
5013	0	45106	19403	95	
5014	0	45106	19404	95	
5015	0	45105	19404	95	
5016	0	45112	19402	95	
5017	0	45109	19401	95	
5018	0	45109	19408	95	
5019	0	45103	19403	95	
5020	0	45106	19399	95	
5021	0	45096	19398	95	
5022	0	45096	19398	95	
5023	0	45098	19396	95	
5024	0	45092	19396	95	
5025	0	45100	19396	95	
5026	0	45099	19398	95	
5027	0	45109	19394	95	
5028	0	45107	19398	95	
5029	0	45102	19394	95	
5030	0	45100	19394	95	
5031	0	45101	19395	95	
5032	0	45099	19393	95	
5033	0	45106	19402	95	
5034	0	45101	19398	95	
5035	0	45108	19403	95	
5036	0	45108	19407	95	
5037	0	45114	19408	95	
5038	0	45113	19409	95	
5039	0	45123	19413	95	
5040	0	45124	19416	95	
5041	0	45124	19415	95	
5042	0	45124	19420	95	
5043	0	45134	19420	95	
5044	0	45130	19421	95	
5045	0	45134	19423	95	
5046	0	45143	19423	95	
5047	0	45139	19423	95	
5048	0	45146	19422	95	
5049	0	45138	19421	95	
5050	0	45139	19428	95	
5051	0	45145	19423	95	
5052	0	45145	19427	95	
5053	0	45144	19426	95	
5054	0	45145	19428	95	
5055	0	45146	19428	95	
5056	0	45146	19431	95	
5057	0	45151	19435	95	
5058	0	45147	19436	95	
5059	0	45157	19439	95	
5060	0	45158	19441	95	
5061	0	45162	19443	95	
5062	0	45164	19444	95	
5063	0	45172	19448	95	
5064	0	45172	19446	95	
5065	0	45171	19447	95	
5066	0	45172	19450	95	
5067	0	45179	19449	95	
5068	0	45179	19451	95	
5069	0	45177	19447	95	
5070	0	45176	19449	95	
5071	0	45171	19448	95	
5072	0	45150	19443	95	
5073	0	45140	19432	95	
5074	0	45131	19424	95	
5075	0	45118	19413	95	
5076	0	45106	19406	95	
5077	0	45100	19396	95	
5078	0	45083	19383	95	
5079	0	45075	19383	95	
5080	0	45076	19380	95	
5081	0	45076	19377	95	
5082	0	45080	19377	95	
5083	0	45083	19376	95	
5084	0	45086	19377	95	
5085	0	45082	19380	95	
5086	0	45086	19380	95	
5087	0	45095	19372	95	
5088	0	45088	19378	95	
5089	0	45089	19374	95	
5090	0	45085	19380	95	
5091	0	45092	19378	95	
5092	0	45094	19380	95	
5093	0	45099	19383	95	
5094	0	45102	19378	95	
5095	0	45100	19379	95	
5096	0	45097	19378	95	
5097	0	45090	19376	95	
5098	0	45097	19379	95	
5099	0	45091	19374	95	
5100	0	45089	19372	95	
5101	0	45082	19365	95	
5102	0	45082	19363	95	
5103	0	45079	19360	95	
5104	0	45078	19359	95	
5105	0	45074	19358	95	
5106	0	45078	19358	95	
5107	0	45080	19354	95	
5108	0	45082	19355	95	
5109	0	45079	19356	95	
5110	0	45077	19355	95	
5111	0	45084	19360	95	
5112	0	45089	19357	95	
5113	0	45081	19358	95	
5114	0	45089	19361	95	
5115	0	45091	19363	95	
5116	0	45097	19366	95	
5117	0	45099	19366	95	
5118	0	45103	19368	95	
5119	0	45104	19369	95	
5120	0	45107	19368	95	
5121	0	45102	19370	95	
5122	0	45105	19368	95	
5123	0	45102	19371	95	
5124	0	45105	19375	95	
5125	0	45106	19378	95	
5126	0	45114	19377	95	
5127	0	45120	19383	95	
5128	0	45121	19383	95	
5129	0	45114	19385	95	
5130	0	45117	19385	95	
5131	0	45115	19386	95	
5132	0	45119	19383	95	
5133	0	45119	19386	95	
5134	0	45126	19387	95	
5135	0	45124	19388	95	
5136	0	45118	19391	95	
5137	0	45127	19389	95	
5138	0	45128	19396	95	
5139	0	45132	19398	95	
5140	0	45137	19400	95	
5141	0	45140	19402	95	
5142	0	45146	19400	95	
5143	0	45141	19406	95	
5144	0	45146	19407	95	
5145	0	45142	19407	95	
5146	0	45142	19408	95	
5147	0	45139	19409	95	
5148	0	45133	19405	95	
5149	0	45119	19396	95	
5150	0	45113	19388	95	
5151	0	45088	19374	95	
5152	0	45074	19365	95	
5153	0	45063	19355	95	
5154	0	45052	19348	95	
5155	0	45037	19344	95	
5156	0	45034	19338	95	
5157	0	45030	19339	95	
5158	0	45032	19336	95	
5159	0	45036	19336	95	
5160	0	45042	19341	95	
5161	0	45049	19344	95	
5162	0	45052	19340	95	
5163	0	45052	19341	95	
5164	0	45055	19345	95	
5165	0	45052	19344	95	
5166	0	45049	19346	95	
5167	0	45051	19348	95	
5168	0	45054	19349	95	
5169	0	45055	19352	95	
5170	0	45063	19355	95	
5171	0	45064	19355	95	
5172	0	45069	19356	95	
5173	0	45060	19350	95	
5174	0	45062	19349	95	
5175	0	45059	19348	95	
5176	0	45059	19350	95	
5177	0	45052	19347	95	
5178	0	45053	19344	95	
5179	0	45052	19343	95	
5180	0	45055	19348	95	
5181	0	45059	19341	95	
5182	0	45058	19342	95	
5183	0	45061	19343	95	
5184	0	45062	19343	95	
5185	0	45057	19342	95	
5186	0	45058	19347	95	
5187	0	45056	19350	95	
5188	0	45061	19349	95	
5189	0	45075	19347	95	
5190	0	45072	19344	95	
5191	0	45077	19349	95	
5192	0	45077	19347	95	
5193	0	45080	19351	95	
5194	0	45077	19354	95	
5195	0	45076	19356	95	
5196	0	45078	19357	95	
5197	0	45085	19360	95	
5198	0	45082	19365	95	
5199	0	45086	19367	95	
5200	0	45087	19366	95	
5201	0	45098	19372	95	
5202	0	45095	19376	95	
5203	0	45108	19374	95	
5204	0	45105	19376	95	
5205	0	45109	19379	95	
5206	0	45107	19378	95	
5207	0	45107	19377	95	
5208	0	45109	19374	95	
5209	0	45106	19377	95	
5210	0	45108	19374	95	
5211	0	45107	19376	95	
5212	0	45118	19379	95	
5213	0	45112	19378	95	
5214	0	45117	19383	95	
5215	0	45120	19381	95	
5216	0	45121	19385	95	
5217	0	45118	19384	95	
5218	0	45112	19381	95	
5219	0	45104	19380	95	
5220	0	45094	19371	95	
5221	0	45082	19363	95	
5222	0	45067	19353	95	
5223	0	45055	19346	95	
5224	0	45050	19337	95	
5225	0	45037	19329	95	
5226	0	45027	19319	95	
5227	0	45017	19313	95	
5228	0	45009	19307	95	
5229	0	45007	19304	95	
5230	0	45013	19305	95	
5231	0	45006	19305	95	
5232	0	45015	19305	95	
5233	0	45011	19303	95	
5234	0	45011	19303	95	
5235	0	45016	19305	95	
5236	0	45021	19309	95	
5237	0	45019	19307	95	
5238	0	45015	19312	95	
5239	0	45018	19313	95	
5240	0	45023	19314	95	
5241	0	45025	19316	95	
5242	0	45018	19314	95	
5243	0	45028	19316	95	
5244	0	45022	19318	95	
5245	0	45028	19317	95	
5246	0	45018	19319	95	
5247	0	45021	19315	95	
5248	0	45013	19313	95	
5249	0	45015	19314	95	
5250	0	45016	19312	95	
5251	0	45017	19313	95	
5252	0	45015	19312	95	
5253	0	45024	19307	95	
5254	0	45022	19309	95	
5255	0	45027	19304	95	
5256	0	45017	19311	95	
5257	0	45026	19306	95	
5258	0	45020	19310	95	
5259	0	45029	19313	95	
5260	0	45038	19317	95	
5261	0	45036	19318	95	
5262	0	45043	19318	95	
5263	0	45045	19322	95	
5264	0	45046	19325	95	
5265	0	45045	19327	95	
5266	0	45051	19325	95	
5267	0	45050	19330	95	
5268	0	45050	19330	95	
5269	0	45053	19329	95	
5270	0	45049	19329	95	
5271	0	45060	19332	95	
5272	0	45063	19335	95	
5273	0	45061	19338	95	
5274	0	45068	19338	95	
5275	0	45064	19339	95	
5276	0	45066	19339	95	
5277	0	45070	19345	95	
5278	0	45074	19347	95	
5279	0	45078	19348	95	
5280	0	45079	19352	95	
5281	0	45081	19355	95	
5282	0	45090	19356	95	
5283	0	45085	19352	95	
5284	0	45076	19354	95	
5285	0	45078	19345	95	
5286	0	45068	19340	95	
5287	0	45051	19331	95	
5288	0	45038	19318	95	
5289	0	45013	19310	95	
5290	0	45002	19295	95	
5291	0	44989	19288	95	
5292	0	44973	19284	95	
5293	0	44973	19282	95	
5294	0	44977	19282	95	
5295	0	44974	19278	95	
5296	0	44982	19274	95	
5297	0	44979	19279	95	
5298	0	44984	19275	95	
5299	0	44983	19273	95	
5300	0	44976	19272	95	
5301	0	44985	19278	95	
5302	0	44972	19279	95	
5303	0	44984	19275	95	
5304	0	44984	19277	95	
5305	0	44984	19280	95	
5306	0	44986	19276	95	
5307	0	44991	19276	95	
5308	0	44990	19281	95	
5309	0	44997	19277	95	
5310	0	44999	19279	95	
5311	0	44997	19276	95	
5312	0	44986	19279	95	
5313	0	44986	19277	95	
5314	0	44987	19272	95	
5315	0	44988	19274	95	
5316	0	44988	19269	95	
5317	0	44989	19270	95	
5318	0	44982	19273	95	
5319	0	44986	19265	95	
5320	0	44990	19268	95	
5321	0	44990	19268	95	
5322	0	44989	19265	95	
5323	0	44990	19266	95	
5324	0	44999	19267	95	
5325	0	45000	19273	95	
5326	0	45003	19277	95	
5327	0	45008	19276	95	
5328	0	45007	19278	95	
5329	0	45010	19277	95	
5330	0	45009	19278	95	
5331	0	45018	19281	95	
5332	0	45011	19284	95	
5333	0	45019	19285	95	
5334	0	45022	19284	95	
5335	0	45025	19288	95	
5336	0	45028	19292	95	
5337	0	45038	19292	95	
5338	0	45036	19288	95	
5339	0	45039	19293	95	
5340	0	45035	19299	95	
5341	0	45041	19295	95	
5342	0	45035	19299	95	
5343	0	45047	19305	95	
5344	0	45049	19306	95	
5345	0	45052	19307	95	
5346	0	45061	19308	95	
5347	0	45061	19307	95	
5348	0	45053	19306	95	
5349	0	45055	19307	95	
5350	0	45052	19306	95	
5351	0	45043	19305	95	
5352	0	45033	19295	95	
5353	0	45027	19286	95	
5354	0	45012	19274	95	
5355	0	44991	19265	95	
5356	0	44977	19258	95	
5357	0	44965	19245	95	
5358	0	44965	19241	95	
5359	0	44955	19236	95	
5360	0	44944	19229	95	
5361	0	44946	19228	95	
5362	0	44952	19227	95	
5363	0	44953	19229	95	
5364	0	44955	19226	95	
5365	0	44959	19230	95	
5366	0	44953	19227	95	
5367	0	44955	19223	95	
5368	0	44955	19227	95	
5369	0	44955	19227	95	
5370	0	44955	19230	95	
5371	0	44962	19233	95	
5372	0	44967	19232	95	
5373	0	44970	19233	95	
5374	0	44970	19232	95	
5375	0	44976	19231	95	
5376	0	44966	19234	95	
5377	0	44975	19230	95	
5378	0	44972	19226	95	
5379	0	44967	19228	95	
5380	0	44964	19228	95	
5381	0	44967	19230	95	
5382	0	44970	19228	95	
5383	0	44967	19228	95	
5384	0	44975	19231	95	
5385	0	44976	19230	94	
5386	0	44971	19229	94	
5387	0	44971	19230	94	
5388	0	44982	19234	94	
5389	0	44979	19234	94	
5390	0	44987	19240	94	
5391	0	44986	19240	94	
5392	0	44996	19238	94	
5393	0	44994	19244	94	
5394	0	45000	19243	94	
5395	0	45001	19247	94	
5396	0	45003	19249	94	
5397	0	45006	19247	94	
5398	0	45011	19251	94	
5399	0	45011	19254	94	
5400	0	45011	19255	94	
5401	0	45016	19264	94	
5402	0	45022	19261	94	
5403	0	45024	19259	94	
5404	0	45022	19260	94	
5405	0	45029	19261	94	
5406	0	45031	19263	94	
5407	0	45034	19265	94	
5408	0	45030	19264	94	
5409	0	45037	19266	94	
5410	0	45036	19268	94	
5411	0	45033	19269	94	
5412	0	45039	19275	94	
5413	0	45040	19268	94	
5414	0	45047	19273	94	
5415	0	45043	19277	94	
5416	0	45054	19276	94	
5417	0	45054	19276	94	
5418	0	45049	19278	94	
5419	0	45052	19283	94	
5420	0	45050	19283	94	
5421	0	45064	19285	94	
5422	0	45070	19291	94	
5423	0	45076	19292	94	
5424	0	45076	19296	94	
5425	0	45080	19297	94	
5426	0	45073	19296	94	
5427	0	45083	19296	94	
5428	0	45074	19296	94	
5429	0	45068	19293	94	
5430	0	45063	19292	94	
5431	0	45051	19285	94	
5432	0	45027	19275	94	
5433	0	45012	19263	94	
5434	0	44991	19252	94	
5435	0	44984	19246	94	
5436	0	44972	19238	94	
5437	0	44961	19229	94	
5438	0	44952	19222	94	
5439	0	44952	19223	94	
5440	0	44953	19222	94	
5441	0	44951	19219	94	
5442	0	44955	19217	94	
5443	0	44965	19226	94	
5444	0	44971	19216	94	
5445	0	44967	19220	94	
5446	0	44971	19219	94	
5447	0	44965	19221	94	
5448	0	44969	19219	94	
5449	0	44969	19217	94	
5450	0	44964	19221	94	
5451	0	44969	19225	94	
5452	0	44974	19219	94	
5453	0	44974	19223	94	
5454	0	44979	19221	94	
5455	0	44978	19223	94	
5456	0	44970	19223	94	
5457	0	44973	19223	94	
5458	0	44971	19215	94	
5459	0	44964	19216	94	
5460	0	44963	19213	94	
5461	0	44962	19212	94	
5462	0	44961	19211	94	
5463	0	44961	19210	94	
5464	0	44962	19207	94	
5465	0	44963	19214	94	
5466	0	44958	19208	94	
5467	0	44967	19216	94	
5468	0	44969	19218	94	
5469	0	44976	19218	94	
5470	0	44982	19224	94	
5471	0	44983	19226	94	
5472	0	44985	19230	94	
5473	0	44981	19227	94	
5474	0	44989	19229	94	
5475	0	44999	19232	94	
5476	0	45000	19236	94	
5477	0	45000	19234	94	
5478	0	44999	19237	94	
5479	0	44996	19233	94	
5480	0	44999	19243	94	
5481	0	44997	19241	94	
5482	0	45005	19247	94	
5483	0	45010	19245	94	
5484	0	45014	19247	94	
5485	0	45018	19249	94	
5486	0	45021	19250	94	
5487	0	45023	19251	94	
5488	0	45025	19249	94	
5489	0	45019	19249	94	
5490	0	45022	19248	94	
5491	0	45020	19255	94	
5492	0	45025	19253	94	
5493	0	45027	19256	94	
5494	0	45032	19254	94	
5495	0	45035	19259	94	
5496	0	45036	19262	94	
5497	0	45049	19264	94	
5498	0	45048	19261	94	
5499	0	45042	19265	94	
5500	0	45039	19267	94	
5501	0	45053	19267	94	
5502	0	45048	19266	94	
5503	0	45049	19271	94	
5504	0	45059	19277	94	
5505	0	45064	19277	94	
5506	0	45063	19279	94	
5507	0	45066	19280	94	
5508	0	45078	19281	94	
5509	0	45072	19283	94	
5510	0	45072	19279	94	
5511	0	45076	19284	94	
5512	0	45078	19285	94	
5513	0	45072	19280	94	
5514	0	45062	19275	94	
5515	0	45048	19266	94	
5516	0	45035	19259	94	
5517	0	45020	19246	94	
5518	0	45009	19233	94	
5519	0	44988	19224	94	
5520	0	44968	19206	94	
5521	0	44960	19202	94	
5522	0	44945	19191	94	
5523	0	44943	19188	94	
5524	0	44939	19184	94	
5525	0	44942	19182	94	
5526	0	44949	19180	94	
5527	0	44943	19184	94	
5528	0	44939	19185	94	
5529	0	44947	19186	94	
5530	0	44949	19187	94	
5531	0	44949	19189	94	
5532	0	44951	19188	94	
5533	0	44952	19189	94	
5534	0	44959	19194	94	
5535	0	44962	19192	94	
5536	0	44954	19194	94	
5537	0	44956	19193	94	
5538	0	44950	19189	94	
5539	0	44954	19192	94	
5540	0	44948	19194	94	
5541	0	44948	19190	94	
5542	0	44952	19190	94	
5543	0	44940	19190	94	
5544	0	44952	19193	94	
5545	0	44951	19192	94	
5546	0	44943	19185	94	
5547	0	44948	19187	94	
5548	0	44945	19188	94	
5549	0	44956	19189	94	
5550	0	44951	19187	94	
5551	0	44948	19187	94	
5552	0	44950	19189	94	
5553	0	44952	19193	94	
5554	0	44963	19200	94	
5555	0	44967	19197	94	
5556	0	44966	19199	94	
5557	0	44973	19204	94	
5558	0	44981	19206	94	
5559	0	44976	19207	94	
5560	0	44985	19213	94	
5561	0	44981	19216	94	
5562	0	44986	19217	94	
5563	0	44986	19221	94	
5564	0	44994	19224	94	
5565	0	44998	19220	94	
5566	0	45002	19224	94	
5567	0	45002	19225	94	
5568	0	45011	19224	94	
5569	0	45012	19230	94	
5570	0	45014	19227	94	
5571	0	45012	19227	94	
5572	0	45009	19233	94	
5573	0	45013	19232	94	
5574	0	45017	19236	94	
5575	0	45020	19236	94	
5576	0	45030	19238	94	
5577	0	45027	19238	94	
5578	0	45031	19242	94	
5579	0	45030	19242	94	
5580	0	45030	19238	94	
5581	0	45032	19241	94	
5582	0	45028	19243	94	
5583	0	45033	19249	94	
5584	0	45032	19255	94	
5585	0	45035	19251	94	
5586	0	45046	19260	94	
5587	0	45051	19262	94	
5588	0	45053	19265	94	
5589	0	45057	19266	94	
5590	0	45071	19268	94	
5591	0	45071	19270	94	
5592	0	45072	19268	94	
5593	0	45069	19270	94	
5594	0	45075	19265	94	
5595	0	45075	19274	94	
5596	0	45074	19278	94	
5597	0	45077	19276	94	
5598	0	45078	19271	94	
5599	0	45060	19266	94	
5600	0	45048	19260	94	
5601	0	45030	19248	94	
5602	0	45002	19231	94	
5603	0	44989	19222	94	
5604	0	44969	19207	94	
5605	0	44955	19198	94	
5606	0	44952	19192	94	
5607	0	44942	19185	94	
5608	0	44931	19182	94	
5609	0	44927	19180	94	
5610	0	44927	19178	94	
5611	0	44932	19182	94	
5612	0	44929	19181	94	
5613	0	44939	19182	94	
5614	0	44932	19180	94	
5615	0	44945	19189	94	
5616	0	44940	19180	94	
5617	0	44940	19180	94	
5618	0	44936	19186	94	
5619	0	44941	19187	94	
5620	0	44936	19184	94	
5621	0	44940	19188	94	
5622	0	44948	19189	94	
5623	0	44947	19185	94	
5624	0	44952	19186	94	
5625	0	44948	19185	94	
5626	0	44942	19184	94	
5627	0	44937	19180	94	
5628	0	44943	19183	94	
5629	0	44933	19182	94	
5630	0	44938	19181	94	
5631	0	44936	19182	94	
5632	0	44934	19178	94	
5633	0	44943	19180	94	
5634	0	44941	19181	94	
5635	0	44945	19184	94	
5636	0	44948	19190	94	
5637	0	44957	19187	94	
5638	0	44956	19190	94	
5639	0	44964	19191	94	
5640	0	44960	19192	94	
5641	0	44966	19198	94	
5642	0	44965	19197	94	
5643	0	44975	19203	94	
5644	0	44975	19203	94	
5645	0	44984	19209	94	
5646	0	44983	19215	94	
5647	0	44986	19210	94	
5648	0	44996	19216	94	
5649	0	44991	19213	94	
5650	0	45000	19214	94	
5651	0	44999	19215	94	
5652	0	45002	19216	94	
5653	0	45005	19222	94	
5654	0	45006	19218	94	
5655	0	45009	19221	94	
5656	0	45009	19228	94	
5657	0	45011	19223	94	
5658	0	45013	19227	94	
5659	0	45012	19230	94	
5660	0	45012	19236	94	
5661	0	45020	19235	94	
5662	0	45027	19240	94	
5663	0	45028	19241	94	
5664	0	45033	19242	94	
5665	0	45034	19239	94	
5666	0	45041	19243	94	
5667	0	45041	19244	94	
5668	0	45042	19242	94	
5669	0	45044	19247	94	
5670	0	45053	19249	94	
5671	0	45054	19247	94	
5672	0	45065	19252	94	
5673	0	45063	19255	94	
5674	0	45067	19257	94	
5675	0	45063	19258	94	
5676	0	45069	19261	94	
5677	0	45077	19264	94	
5678	0	45077	19266	94	
5679	0	45083	19267	94	
5680	0	45081	19268	94	
5681	0	45080	19272	94	
5682	0	45085	19275	94	
5683	0	45075	19268	94	
5684	0	45063	19261	94	
5685	0	45040	19253	94	
5686	0	45030	19239	94	
5687	0	45008	19228	94	
5688	0	44987	19216	94	
5689	0	44974	19203	94	
5690	0	44959	19197	94	
5691	0	44956	19190	94	
5692	0	44948	19185	94	
5693	0	44944	19183	94	
5694	0	44946	19185	94	
5695	0	44948	19180	94	
5696	0	44948	19179	94	
5697	0	44948	19182	94	
5698	0	44945	19182	94	
5699	0	44946	19185	94	
5700	0	44956	19190	94	
5701	0	44956	19187	94	
5702	0	44961	19189	94	
5703	0	44952	19191	94	
5704	0	44958	19193	94	
5705	0	44959	19195	94	
5706	0	44958	19190	94	
5707	0	44955	19192	94	
5708	0	44956	19197	94	
5709	0	44957	19200	94	
5710	0	44961	19202	94	
5711	0	44954	19201	94	
5712	0	44956	19207	94	
5713	0	44956	19201	94	
5714	0	44961	19205	94	
5715	0	44952	19202	94	
5716	0	44954	19197	94	
5717	0	44953	19203	94	
5718	0	44961	19204	94	
5719	0	44959	19204	94	
5720	0	44962	19207	94	
5721	0	44965	19206	94	
5722	0	44972	19213	94	
5723	0	44975	19213	94	
5724	0	44975	19217	94	
5725	0	44978	19216	94	
5726	0	44980	19222	94	
5727	0	44982	19217	94	
5728	0	44994	19226	94	
5729	0	44995	19224	94	
5730	0	44995	19225	94	
5731	0	45006	19235	94	
5732	0	45006	19235	94	
5733	0	45012	19240	94	
5734	0	45015	19242	94	
5735	0	45020	19242	94	
5736	0	45019	19242	94	
5737	0	45022	19242	94	
5738	0	45016	19245	94	
5739	0	45016	19245	94	
5740	0	45017	19254	94	
5741	0	45018	19255	94	
5742	0	45020	19255	94	
5743	0	45026	19265	94	
5744	0	45019	19269	94	
5745	0	45026	19276	94	
5746	0	45031	19281	94	
5747	0	45041	19283	94	
5748	0	45041	19292	94	
5749	0	45045	19292	94	
5750	0	45050	19300	94	
5751	0	45059	19304	94	
5752	0	45064	19306	94	
5753	0	45071	19308	94	
5754	0	45072	19309	94	
5755	0	45083	19316	94	
5756	0	45093	19319	94	
5757	0	45091	19319	94	
5758	0	45094	19320	94	
5759	0	45097	19327	94	
5760	0	45100	19329	94	
5761	0	45106	19329	94	
5762	0	45113	19337	94	
5763	0	45109	19337	94	
5764	0	45115	19338	94	
5765	0	45112	19342	94	
5766	0	45111	19333	94	
5767	0	45094	19327	94	
5768	0	45077	19320	94	
5769	0	45056	19306	94	
5770	0	45035	19296	94	
5771	0	45015	19285	94	
5772	0	45005	19275	94	
5773	0	45001	19263	94	
5774	0	44990	19260	94	
5775	0	44981	19253	94	
5776	0	44980	19249	94	
5777	0	44982	19246	94	
5778	0	44979	19243	94	
5779	0	44978	19248	94	
5780	0	44979	19246	94	
5781	0	44980	19252	94	
5782	0	44980	19251	94	
5783	0	44986	19250	94	
5784	0	44989	19254	94	
5785	0	44991	19257	94	
5786	0	44998	19261	94	
5787	0	44995	19260	94	
5788	0	44999	19266	94	
5789	0	45002	19266	94	
5790	0	45006	19268	94	
5791	0	45009	19265	94	
5792	0	44996	19265	94	
5793	0	44999	19262	94	
5794	0	44998	19260	94	
5795	0	44992	19259	94	
5796	0	44996	19258	94	
5797	0	44996	19257	94	
5798	0	44994	19257	94	
5799	0	44987	19256	94	
5800	0	44984	19255	94	
5801	0	44992	19260	94	
5802	0	44985	19259	94	
5803	0	44988	19263	94	
5804	0	44990	19267	94	
5805	0	44991	19267	94	
5806	0	44996	19274	94	
5807	0	44991	19275	94	
5808	0	45001	19285	94	
5809	0	45012	19296	94	
5810	0	45018	19304	94	
5811	0	45024	19309	94	
5812	0	45030	19312	94	
5813	0	45037	19322	94	
5814	0	45038	19322	94	
5815	0	45043	19327	94	
5816	0	45050	19335	94	
5817	0	45052	19340	94	
5818	0	45062	19348	94	
5819	0	45059	19351	94	
5820	0	45077	19355	94	
5821	0	45078	19360	94	
5822	0	45091	19364	94	
5823	0	45086	19359	94	
5824	0	45095	19366	94	
5825	0	45096	19368	94	
5826	0	45100	19367	94	
5827	0	45095	19372	94	
5828	0	45104	19375	94	
5829	0	45098	19377	94	
5830	0	45114	19380	94	
5831	0	45115	19381	94	
5832	0	45132	19383	94	
5833	0	45135	19384	94	
5834	0	45139	19381	94	
5835	0	45131	19382	94	
5836	0	45134	19382	94	
5837	0	45129	19383	94	
5838	0	45136	19381	94	
5839	0	45136	19386	94	
5840	0	45136	19388	94	
5841	0	45138	19394	94	
5842	0	45143	19399	94	
5843	0	45150	19399	94	
5844	0	45154	19407	94	
5845	0	45161	19407	94	
5846	0	45149	19406	94	
5847	0	45142	19398	94	
5848	0	45135	19390	94	
5849	0	45110	19376	94	
5850	0	45096	19366	94	
5851	0	45075	19354	94	
5852	0	45058	19341	94	
5853	0	45048	19334	94	
5854	0	45036	19326	94	
5855	0	45034	19317	94	
5856	0	45032	19315	94	
5857	0	45023	19314	94	
5858	0	45028	19309	94	
5859	0	45041	19309	94	
5860	0	45040	19305	94	
5861	0	45037	19302	94	
5862	0	45031	19305	94	
5863	0	45027	19299	94	
5864	0	45035	19302	94	
5865	0	45030	19303	94	
5866	0	45039	19304	94	
5867	0	45038	19307	94	
5868	0	45048	19314	94	
5869	0	45048	19310	94	
5870	0	45058	19311	94	
5871	0	45054	19312	94	
5872	0	45052	19306	94	
5873	0	45041	19306	94	
5874	0	45039	19304	94	
5875	0	45033	19300	94	
5876	0	45034	19298	94	
5877	0	45022	19298	94	
5878	0	45022	19293	94	
5879	0	45026	19298	94	
5880	0	45029	19295	94	
5881	0	45028	19291	94	
5882	0	45031	19291	94	
5883	0	45026	19293	94	
5884	0	45036	19292	94	
5885	0	45033	19292	94	
5886	0	45038	19296	94	
5887	0	45037	19293	94	
5888	0	45041	19296	94	
5889	0	45035	19298	94	
5890	0	45043	19300	94	
5891	0	45049	19303	94	
5892	0	45052	19311	94	
5893	0	45060	19315	94	
5894	0	45066	19317	94	
5895	0	45067	19319	94	
5896	0	45073	19318	94	
5897	0	45075	19316	94	
5898	0	45073	19316	94	
5899	0	45073	19315	94	
5900	0	45070	19318	94	
5901	0	45066	19320	94	
5902	0	45074	19322	94	
5903	0	45080	19329	94	
5904	0	45093	19333	94	
5905	0	45096	19333	94	
5906	0	45097	19334	94	
5907	0	45102	19331	94	
5908	0	45100	19331	94	
5909	0	45100	19330	94	
5910	0	45099	19325	94	
5911	0	45096	19329	94	
5912	0	45099	19332	94	
5913	0	45094	19338	94	
5914	0	45098	19339	94	
5915	0	45109	19337	94	
5916	0	45119	19343	94	
5917	0	45122	19345	94	
5918	0	45128	19344	94	
5919	0	45129	19348	94	
5920	0	45125	19344	94	
5921	0	45123	19342	94	
5922	0	45119	19333	94	
5923	0	45102	19330	94	
5924	0	45087	19321	94	
5925	0	45069	19311	94	
5926	0	45044	19291	94	
5927	0	45033	19285	94	
5928	0	45007	19273	94	
5929	0	44995	19259	94	
5930	0	44982	19251	94	
5931	0	44975	19247	94	
5932	0	44966	19241	94	
5933	0	44970	19241	94	
5934	0	44967	19237	94	
5935	0	44974	19240	94	
5936	0	44975	19244	94	
5937	0	44975	19242	94	
5938	0	44973	19244	94	
5939	0	44969	19242	94	
5940	0	44975	19247	94	
5941	0	44975	19247	94	
5942	0	44982	19250	94	
5943	0	44983	19252	94	
5944	0	44987	19256	94	
5945	0	44988	19256	94	
5946	0	44999	19257	94	
5947	0	44995	19259	94	
5948	0	45002	19256	94	
5949	0	44999	19258	94	
5950	0	45003	19255	94	
5951	0	44999	19250	94	
5952	0	44990	19251	94	
5953	0	44986	19250	94	
5954	0	44981	19244	94	
5955	0	44981	19247	94	
5956	0	44990	19246	94	
5957	0	44997	19249	94	
5958	0	44996	19247	94	
5959	0	45000	19247	94	
5960	0	45006	19250	94	
5961	0	44999	19249	94	
5962	0	44998	19252	94	
5963	0	44994	19254	94	
5964	0	45001	19256	94	
5965	0	45009	19260	94	
5966	0	45001	19262	94	
5967	0	45006	19266	94	
5968	0	45015	19273	94	
5969	0	45021	19275	94	
5970	0	45025	19280	94	
5971	0	45030	19283	94	
5972	0	45038	19287	94	
5973	0	45040	19292	94	
5974	0	45050	19291	94	
5975	0	45051	19291	94	
5976	0	45048	19296	94	
5977	0	45056	19302	94	
5978	0	45053	19301	94	
5979	0	45055	19305	94	
5980	0	45059	19306	94	
5981	0	45054	19305	94	
5982	0	45058	19311	94	
5983	0	45068	19310	94	
5984	0	45062	19313	94	
5985	0	45062	19315	95	
5986	0	45076	19317	95	
5987	0	45076	19322	95	
5988	0	45082	19320	95	
5989	0	45086	19328	95	
5990	0	45086	19329	95	
5991	0	45094	19333	95	
5992	0	45100	19338	95	
5993	0	45099	19340	95	
5994	0	45105	19341	95	
5995	0	45113	19348	95	
5996	0	45113	19348	95	
5997	0	45113	19347	95	
5998	0	45104	19345	95	
5999	0	45092	19334	95	
6000	0	45079	19326	95	
6001	0	45059	19312	95	
6002	0	45031	19295	95	
6003	0	45008	19284	95	
6004	0	44993	19274	95	
6005	0	44983	19259	95	
6006	0	44973	19255	95	
6007	0	44966	19248	95	
6008	0	44962	19246	95	
6009	0	44962	19246	95	
6010	0	44964	19244	95	
6011	0	44970	19243	95	
6012	0	44965	19237	95	
6013	0	44972	19237	95	
6014	0	44971	19235	95	
6015	0	44962	19236	95	
6016	0	44971	19233	95	
6017	0	44959	19238	95	
6018	0	44965	19237	95	
6019	0	44967	19236	95	
6020	0	44970	19238	95	
6021	0	44965	19240	95	
6022	0	44972	19242	95	
6023	0	44972	19242	95	
6024	0	44974	19241	95	
6025	0	44968	19240	95	
6026	0	44963	19244	95	
6027	0	44963	19239	95	
6028	0	44963	19240	95	
6029	0	44968	19237	95	
6030	0	44971	19242	95	
6031	0	44967	19240	95	
6032	0	44971	19240	95	
6033	0	44977	19243	95	
6034	0	44968	19243	95	
6035	0	44974	19240	95	
6036	0	44976	19243	95	
6037	0	44972	19243	95	
6038	0	44975	19248	95	
6039	0	44982	19247	95	
6040	0	44991	19254	95	
6041	0	44996	19255	95	
6042	0	44998	19259	95	
6043	0	45004	19264	95	
6044	0	45018	19267	95	
6045	0	45016	19268	95	
6046	0	45023	19267	95	
6047	0	45021	19271	95	
6048	0	45019	19266	95	
6049	0	45018	19267	95	
6050	0	45027	19265	95	
6051	0	45017	19277	95	
6052	0	45023	19277	95	
6053	0	45024	19277	95	
6054	0	45041	19282	95	
6055	0	45040	19284	95	
6056	0	45048	19288	95	
6057	0	45045	19285	95	
6058	0	45047	19285	95	
6059	0	45045	19287	95	
6060	0	45052	19285	95	
6061	0	45049	19290	95	
6062	0	45052	19293	95	
6063	0	45057	19295	95	
6064	0	45057	19298	95	
6065	0	45065	19299	95	
6066	0	45067	19302	95	
6067	0	45079	19308	95	
6068	0	45073	19306	95	
6069	0	45079	19308	95	
6070	0	45088	19309	95	
6071	0	45087	19312	95	
6072	0	45097	19313	95	
6073	0	45095	19316	95	
6074	0	45100	19321	95	
6075	0	45097	19323	95	
6076	0	45104	19320	95	
6077	0	45100	19321	95	
6078	0	45085	19313	95	
6079	0	45072	19303	95	
6080	0	45050	19288	95	
6081	0	45031	19274	95	
6082	0	45009	19265	95	
6083	0	44989	19253	95	
6084	0	44972	19242	95	
6085	0	44963	19233	95	
6086	0	44950	19226	95	
6087	0	44946	19220	95	
6088	0	44949	19215	95	
6089	0	44944	19214	95	
6090	0	44944	19216	95	
6091	0	44950	19216	95	
6092	0	44948	19215	95	
6093	0	44944	19214	95	
6094	0	44950	19218	95	
6095	0	44948	19216	95	
6096	0	44946	19215	95	
6097	0	44951	19220	95	
6098	0	44955	19220	95	
6099	0	44952	19224	95	
6100	0	44960	19227	95	
6101	0	44963	19226	95	
6102	0	44958	19224	95	
6103	0	44962	19229	95	
6104	0	44963	19230	95	
6105	0	44961	19226	95	
6106	0	44956	19230	95	
6107	0	44949	19225	95	
6108	0	44951	19230	95	
6109	0	44958	19229	95	
6110	0	44957	19229	95	
6111	0	44959	19228	95	
6112	0	44967	19228	95	
6113	0	44970	19232	95	
6114	0	44969	19232	95	
6115	0	44975	19233	95	
6116	0	44974	19234	95	
6117	0	44975	19238	95	
6118	0	44984	19234	95	
6119	0	44976	19238	95	
6120	0	44977	19246	95	
6121	0	44988	19247	95	
6122	0	44996	19255	95	
6123	0	44997	19255	95	
6124	0	45015	19256	95	
6125	0	45013	19256	95	
6126	0	45012	19258	95	
6127	0	45011	19260	95	
6128	0	45008	19256	95	
6129	0	45010	19259	95	
6130	0	45015	19260	95	
6131	0	45017	19261	95	
6132	0	45020	19267	95	
6133	0	45026	19269	95	
6134	0	45037	19272	95	
6135	0	45040	19274	95	
6136	0	45040	19272	95	
6137	0	45033	19272	95	
6138	0	45037	19272	95	
6139	0	45035	19274	95	
6140	0	45034	19276	95	
6141	0	45036	19275	95	
6142	0	45038	19278	95	
6143	0	45045	19282	95	
6144	0	45049	19284	95	
6145	0	45053	19287	95	
6146	0	45061	19287	95	
6147	0	45064	19287	95	
6148	0	45067	19291	95	
6149	0	45070	19291	95	
6150	0	45075	19291	95	
6151	0	45068	19293	95	
6152	0	45080	19295	95	
6153	0	45078	19292	95	
6154	0	45078	19297	95	
6155	0	45086	19300	95	
6156	0	45088	19300	95	
6157	0	45084	19303	95	
6158	0	45083	19307	95	
6159	0	45072	19300	95	
6160	0	45064	19293	95	
6161	0	45049	19284	95	
6162	0	45032	19270	95	
6163	0	45003	19261	95	
6164	0	44984	19252	95	
6165	0	44980	19243	95	
6166	0	44969	19233	95	
6167	0	44961	19231	95	
6168	0	44956	19227	95	
6169	0	44952	19220	95	
6170	0	44958	19221	95	
6171	0	44958	19221	95	
6172	0	44958	19218	95	
6173	0	44952	19221	95	
6174	0	44960	19223	95	
6175	0	44964	19219	95	
6176	0	44967	19222	95	
6177	0	44971	19224	95	
6178	0	44970	19225	95	
6179	0	44972	19228	95	
6180	0	44978	19227	95	
6181	0	44979	19226	95	
6182	0	44982	19234	95	
6183	0	44981	19228	95	
6184	0	44981	19229	95	
6185	0	44976	19227	95	
6186	0	44982	19228	95	
6187	0	44972	19222	95	
6188	0	44974	19219	95	
6189	0	44967	19219	95	
6190	0	44965	19216	95	
6191	0	44969	19219	95	
6192	0	44968	19219	95	
6193	0	44965	19219	95	
6194	0	44961	19215	95	
6195	0	44966	19215	95	
6196	0	44962	19216	95	
6197	0	44971	19219	95	
6198	0	44970	19225	95	
6199	0	44976	19229	95	
6200	0	44969	19232	95	
6201	0	44985	19232	95	
6202	0	44988	19236	95	
6203	0	44992	19242	95	
6204	0	45003	19246	95	
6205	0	45008	19246	95	
6206	0	45006	19249	95	
6207	0	45012	19254	95	
6208	0	45015	19254	95	
6209	0	45018	19257	95	
6210	0	45014	19257	95	
6211	0	45020	19264	95	
6212	0	45018	19266	95	
6213	0	45034	19273	95	
6214	0	45039	19275	95	
6215	0	45042	19273	95	
6216	0	45044	19274	95	
6217	0	45039	19276	95	
6218	0	45043	19277	95	
6219	0	45044	19278	95	
6220	0	45050	19282	95	
6221	0	45051	19282	95	
6222	0	45058	19285	95	
6223	0	45059	19286	95	
6224	0	45063	19287	95	
6225	0	45061	19287	95	
6226	0	45059	19288	95	
6227	0	45063	19286	95	
6228	0	45072	19285	95	
6229	0	45065	19288	95	
6230	0	45072	19290	95	
6231	0	45075	19290	95	
6232	0	45074	19295	95	
6233	0	45073	19298	95	
6234	0	45078	19303	95	
6235	0	45091	19304	95	
6236	0	45093	19307	95	
6237	0	45100	19310	95	
6238	0	45102	19312	95	
6239	0	45093	19310	95	
6240	0	45087	19300	95	
6241	0	45070	19299	95	
6242	0	45047	19285	95	
6243	0	45029	19273	95	
6244	0	45017	19263	95	
6245	0	44996	19252	95	
6246	0	44984	19245	95	
6247	0	44970	19237	95	
6248	0	44965	19233	95	
6249	0	44967	19232	95	
6250	0	44963	19230	95	
6251	0	44963	19230	95	
6252	0	44968	19229	95	
6253	0	44965	19234	95	
6254	0	44976	19232	95	
6255	0	44976	19232	95	
6256	0	44975	19232	95	
6257	0	44977	19234	95	
6258	0	44980	19237	95	
6259	0	44984	19235	95	
6260	0	44979	19236	95	
6261	0	44990	19238	95	
6262	0	44984	19237	95	
6263	0	44991	19240	95	
6264	0	44987	19238	95	
6265	0	44986	19239	95	
6266	0	44988	19238	95	
6267	0	44991	19238	95	
6268	0	44982	19235	95	
6269	0	44981	19236	95	
6270	0	44978	19237	95	
6271	0	44981	19236	95	
6272	0	44975	19236	95	
6273	0	44977	19240	95	
6274	0	44984	19241	95	
6275	0	44984	19243	95	
6276	0	44990	19246	95	
6277	0	44991	19250	95	
6278	0	44999	19250	95	
6279	0	45004	19251	95	
6280	0	45009	19253	95	
6281	0	45009	19258	95	
6282	0	45013	19258	95	
6283	0	45016	19264	95	
6284	0	45017	19264	95	
6285	0	45018	19268	94	
6286	0	45022	19267	94	
6287	0	45025	19274	94	
6288	0	45036	19279	94	
6289	0	45047	19282	94	
6290	0	45042	19285	94	
6291	0	45050	19285	94	
6292	0	45054	19287	94	
6293	0	45049	19283	94	
6294	0	45050	19287	94	
6295	0	45050	19292	94	
6296	0	45063	19292	94	
6297	0	45059	19294	94	
6298	0	45060	19294	94	
6299	0	45065	19298	94	
6300	0	45068	19304	94	
6301	0	45066	19302	94	
6302	0	45071	19304	94	
6303	0	45067	19304	94	
6304	0	45070	19308	94	
6305	0	45079	19312	94	
6306	0	45080	19311	94	
6307	0	45084	19313	94	
6308	0	45086	19318	94	
6309	0	45079	19316	94	
6310	0	45084	19321	94	
6311	0	45091	19327	94	
6312	0	45092	19328	94	
6313	0	45103	19327	94	
6314	0	45111	19335	94	
6315	0	45116	19339	94	
6316	0	45119	19338	94	
6317	0	45119	19344	94	
6318	0	45119	19340	94	
6319	0	45116	19342	94	
6320	0	45125	19344	94	
6321	0	45113	19342	94	
6322	0	45101	19329	94	
6323	0	45080	19321	94	
6324	0	45073	19311	94	
6325	0	45042	19295	94	
6326	0	45030	19290	94	
6327	0	45011	19273	94	
6328	0	44999	19268	94	
6329	0	44993	19253	94	
6330	0	44980	19256	94	
6331	0	44980	19253	94	
6332	0	44977	19249	94	
6333	0	44977	19247	94	
6334	0	44977	19250	94	
6335	0	44987	19252	94	
6336	0	44987	19249	94	
6337	0	44987	19255	94	
6338	0	44992	19254	94	
6339	0	44992	19253	94	
6340	0	44985	19250	94	
6341	0	44985	19243	94	
6342	0	44987	19246	94	
6343	0	44990	19248	94	
6344	0	44990	19251	94	
6345	0	44994	19247	94	
6346	0	44985	19252	94	
6347	0	44988	19253	94	
6348	0	44989	19255	94	
6349	0	44992	19256	94	
6350	0	44990	19256	94	
6351	0	44984	19249	94	
6352	0	44989	19251	94	
6353	0	44990	19248	94	
6354	0	44989	19249	94	
6355	0	44987	19252	94	
6356	0	44993	19252	94	
6357	0	44992	19254	94	
6358	0	44987	19255	94	
6359	0	44990	19255	94	
6360	0	44997	19257	94	
6361	0	44998	19260	94	
6362	0	45012	19268	94	
6363	0	45009	19263	94	
6364	0	45014	19265	94	
6365	0	45023	19270	94	
6366	0	45021	19270	94	
6367	0	45020	19274	94	
6368	0	45028	19275	94	
6369	0	45036	19280	94	
6370	0	45031	19278	94	
6371	0	45034	19277	94	
6372	0	45037	19276	94	
6373	0	45048	19281	94	
6374	0	45048	19283	94	
6375	0	45049	19278	94	
6376	0	45041	19284	94	
6377	0	45041	19283	94	
6378	0	45043	19281	94	
6379	0	45046	19286	94	
6380	0	45045	19286	94	
6381	0	45047	19292	94	
6382	0	45047	19295	94	
6383	0	45057	19297	94	
6384	0	45064	19299	94	
6385	0	45062	19302	94	
6386	0	45069	19307	94	
6387	0	45070	19309	94	
6388	0	45076	19307	94	
6389	0	45081	19314	94	
6390	0	45080	19313	94	
6391	0	45087	19312	94	
6392	0	45093	19318	94	
6393	0	45093	19317	94	
6394	0	45091	19317	94	
6395	0	45096	19317	94	
6396	0	45092	19319	94	
6397	0	45102	19323	94	
6398	0	45098	19326	94	
6399	0	45106	19332	94	
6400	0	45111	19330	94	
6401	0	45117	19334	94	
6402	0	45115	19340	94	
6403	0	45126	19344	94	
6404	0	45116	19339	94	
6405	0	45111	19337	94	
6406	0	45101	19329	94	
6407	0	45073	19322	94	
6408	0	45063	19307	94	
6409	0	45038	19300	94	
6410	0	45027	19290	94	
6411	0	45010	19281	94	
6412	0	45000	19273	94	
6413	0	44988	19263	94	
6414	0	44990	19262	94	
6415	0	44983	19255	94	
6416	0	44975	19249	94	
6417	0	44976	19251	94	
6418	0	44980	19253	94	
6419	0	44980	19258	94	
6420	0	44982	19254	94	
6421	0	44980	19255	94	
6422	0	44983	19256	94	
6423	0	44989	19259	94	
6424	0	44991	19252	94	
6425	0	44988	19256	94	
6426	0	44989	19254	94	
6427	0	44984	19255	94	
6428	0	44985	19252	94	
6429	0	44982	19254	94	
6430	0	44983	19257	94	
6431	0	44986	19257	94	
6432	0	44990	19262	94	
6433	0	44988	19260	94	
6434	0	44985	19260	94	
6435	0	44986	19257	94	
6436	0	44979	19260	94	
6437	0	44972	19255	94	
6438	0	44973	19258	94	
6439	0	44973	19255	94	
6440	0	44980	19257	94	
6441	0	44975	19254	94	
6442	0	44981	19261	94	
6443	0	44982	19256	94	
6444	0	44987	19259	94	
6445	0	44985	19261	94	
6446	0	44991	19262	94	
6447	0	44989	19265	94	
6448	0	44997	19268	94	
6449	0	45000	19265	94	
6450	0	45004	19271	94	
6451	0	45002	19267	94	
6452	0	45001	19266	94	
6453	0	44998	19273	94	
6454	0	45007	19275	94	
6455	0	45004	19276	94	
6456	0	45016	19277	94	
6457	0	45018	19277	94	
6458	0	45015	19278	94	
6459	0	45021	19276	94	
6460	0	45017	19274	94	
6461	0	45019	19276	94	
6462	0	45016	19272	94	
6463	0	45018	19278	94	
6464	0	45018	19276	94	
6465	0	45013	19273	94	
6466	0	45022	19276	94	
6467	0	45019	19280	94	
6468	0	45025	19279	94	
6469	0	45020	19282	94	
6470	0	45029	19282	94	
6471	0	45028	19279	94	
6472	0	45032	19281	94	
6473	0	45031	19281	94	
6474	0	45031	19282	94	
6475	0	45025	19280	94	
6476	0	45033	19280	94	
6477	0	45026	19284	94	
6478	0	45037	19287	94	
6479	0	45034	19285	94	
6480	0	45042	19291	94	
6481	0	45042	19291	94	
6482	0	45046	19291	94	
6483	0	45040	19291	94	
6484	0	45043	19292	94	
6485	0	45024	19288	94	
6486	0	45010	19284	94	
6487	0	44998	19276	94	
6488	0	44990	19272	94	
6489	0	44967	19264	94	
6490	0	44963	19252	94	
6491	0	44945	19248	94	
6492	0	44939	19242	94	
6493	0	44940	19239	94	
6494	0	44943	19236	94	
6495	0	44932	19235	94	
6496	0	44932	19232	94	
6497	0	44939	19228	94	
6498	0	44935	19233	94	
6499	0	44939	19231	94	
6500	0	44941	19233	94	
6501	0	44942	19237	94	
6502	0	44942	19239	94	
6503	0	44943	19239	94	
6504	0	44952	19247	94	
6505	0	44956	19243	94	
6506	0	44960	19250	94	
6507	0	44963	19251	94	
6508	0	44962	19253	94	
6509	0	44968	19253	94	
6510	0	44964	19251	94	
6511	0	44965	19255	94	
6512	0	44968	19255	94	
6513	0	44962	19250	94	
6514	0	44955	19247	94	
6515	0	44957	19252	94	
6516	0	44952	19253	94	
6517	0	44956	19249	94	
6518	0	44956	19250	94	
6519	0	44964	19245	94	
6520	0	44962	19245	94	
6521	0	44962	19248	94	
6522	0	44966	19246	94	
6523	0	44965	19249	94	
6524	0	44965	19252	94	
6525	0	44965	19254	94	
6526	0	44973	19257	94	
6527	0	44973	19263	94	
6528	0	44981	19265	94	
6529	0	44986	19264	94	
6530	0	44987	19269	94	
6531	0	44994	19273	94	
6532	0	45000	19274	94	
6533	0	45001	19272	94	
6534	0	45005	19270	94	
6535	0	45001	19275	94	
6536	0	45007	19271	94	
6537	0	45004	19271	94	
6538	0	45004	19271	94	
6539	0	44999	19274	94	
6540	0	45002	19276	94	
6541	0	44999	19278	94	
6542	0	45007	19281	94	
6543	0	45009	19284	94	
6544	0	45014	19288	94	
6545	0	45024	19289	94	
6546	0	45030	19288	94	
6547	0	45021	19286	94	
6548	0	45025	19286	94	
6549	0	45020	19288	94	
6550	0	45029	19289	94	
6551	0	45026	19293	94	
6552	0	45026	19294	94	
6553	0	45033	19297	94	
6554	0	45038	19300	94	
6555	0	45039	19301	94	
6556	0	45048	19304	94	
6557	0	45046	19305	94	
6558	0	45043	19302	94	
6559	0	45032	19296	94	
6560	0	45016	19290	94	
6561	0	45005	19284	94	
6562	0	44999	19276	94	
6563	0	44974	19261	94	
6564	0	44968	19252	94	
6565	0	44950	19246	94	
6566	0	44943	19241	94	
6567	0	44946	19235	94	
6568	0	44941	19235	94	
6569	0	44934	19235	94	
6570	0	44934	19234	94	
6571	0	44946	19235	94	
6572	0	44940	19236	94	
6573	0	44947	19237	94	
6574	0	44946	19238	94	
6575	0	44949	19240	94	
6576	0	44943	19235	94	
6577	0	44945	19238	94	
6578	0	44951	19239	94	
6579	0	44953	19240	94	
6580	0	44960	19246	94	
6581	0	44960	19246	94	
6582	0	44955	19244	94	
6583	0	44954	19245	94	
6584	0	44959	19243	94	
6585	0	44954	19241	93	
6586	0	44960	19242	93	
6587	0	44960	19241	93	
6588	0	44955	19240	93	
6589	0	44952	19237	93	
6590	0	44947	19237	93	
6591	0	44947	19236	93	
6592	0	44949	19236	93	
6593	0	44951	19239	93	
6594	0	44951	19234	93	
6595	0	44955	19234	93	
6596	0	44956	19238	93	
6597	0	44958	19238	93	
6598	0	44958	19239	93	
6599	0	44958	19240	93	
6600	0	44964	19243	93	
6601	0	44962	19243	93	
6602	0	44972	19249	93	
6603	0	44967	19247	93	
6604	0	44976	19255	93	
6605	0	44980	19258	93	
6606	0	44978	19260	93	
6607	0	44980	19258	93	
6608	0	44986	19259	93	
6609	0	44986	19264	93	
6610	0	44996	19270	93	
6611	0	44987	19271	93	
6612	0	44998	19269	93	
6613	0	44995	19267	93	
6614	0	44991	19277	93	
6615	0	45000	19278	93	
6616	0	44996	19277	93	
6617	0	45008	19282	93	
6618	0	45001	19280	93	
6619	0	45009	19282	93	
6620	0	45012	19283	93	
6621	0	45015	19283	93	
6622	0	45014	19287	93	
6623	0	45019	19287	93	
6624	0	45021	19288	93	
6625	0	45024	19290	93	
6626	0	45022	19293	93	
6627	0	45024	19293	93	
6628	0	45024	19294	93	
6629	0	45024	19301	93	
6630	0	45022	19299	93	
6631	0	45021	19302	93	
6632	0	45015	19294	93	
6633	0	45001	19286	93	
6634	0	44994	19278	93	
6635	0	44978	19267	93	
6636	0	44960	19262	93	
6637	0	44954	19252	93	
6638	0	44938	19246	93	
6639	0	44933	19247	93	
6640	0	44941	19243	93	
6641	0	44934	19241	93	
6642	0	44938	19244	93	
6643	0	44930	19239	93	
6644	0	44930	19238	93	
6645	0	44930	19242	93	
6646	0	44940	19244	93	
6647	0	44937	19247	93	
6648	0	44937	19242	93	
6649	0	44944	19246	93	
6650	0	44938	19244	93	
6651	0	44943	19247	93	
6652	0	44946	19246	93	
6653	0	44951	19250	93	
6654	0	44951	19250	93	
6655	0	44955	19247	93	
6656	0	44949	19250	93	
6657	0	44953	19249	93	
6658	0	44947	19248	93	
6659	0	44949	19250	93	
6660	0	44949	19249	93	
6661	0	44954	19251	93	
6662	0	44955	19245	93	
6663	0	44948	19246	93	
6664	0	44950	19244	93	
6665	0	44945	19246	93	
6666	0	44945	19246	93	
6667	0	44952	19247	93	
6668	0	44945	19245	93	
6669	0	44956	19251	93	
6670	0	44960	19250	93	
6671	0	44962	19255	93	
6672	0	44965	19253	93	
6673	0	44960	19257	93	
6674	0	44961	19260	93	
6675	0	44966	19257	93	
6676	0	44976	19259	93	
6677	0	44971	19263	93	
6678	0	44982	19260	93	
6679	0	44979	19260	93	
6680	0	44983	19265	93	
6681	0	44981	19261	93	
6682	0	44984	19266	93	
6683	0	44993	19263	93	
6684	0	44987	19264	93	
6685	0	44991	19269	93	
6686	0	44998	19264	93	
6687	0	44996	19262	93	
6688	0	44990	19267	93	
6689	0	44989	19268	93	
6690	0	44987	19268	93	
6691	0	44990	19268	93	
6692	0	44998	19269	93	
6693	0	44993	19272	93	
6694	0	44997	19272	93	
6695	0	45001	19273	93	
6696	0	45004	19275	93	
6697	0	45002	19277	93	
6698	0	45006	19276	93	
6699	0	45006	19273	93	
6700	0	45014	19279	93	
6701	0	45020	19281	93	
6702	0	45017	19280	93	
6703	0	45020	19278	93	
6704	0	45023	19284	93	
6705	0	45017	19278	93	
6706	0	45014	19278	93	
6707	0	45013	19279	93	
6708	0	45004	19274	93	
6709	0	44996	19268	93	
6710	0	44978	19264	93	
6711	0	44967	19256	93	
6712	0	44950	19249	93	
6713	0	44947	19244	93	
6714	0	44932	19240	93	
6715	0	44924	19231	93	
6716	0	44925	19235	93	
6717	0	44919	19232	93	
6718	0	44921	19232	93	
6719	0	44921	19230	93	
6720	0	44929	19235	93	
6721	0	44933	19232	93	
6722	0	44927	19236	93	
6723	0	44933	19235	93	
6724	0	44924	19231	93	
6725	0	44928	19238	93	
6726	0	44922	19239	93	
6727	0	44927	19234	93	
6728	0	44923	19235	93	
6729	0	44930	19240	93	
6730	0	44938	19242	93	
6731	0	44940	19241	93	
6732	0	44938	19244	93	
6733	0	44937	19242	93	
6734	0	44932	19243	93	
6735	0	44932	19248	93	
6736	0	44927	19242	93	
6737	0	44926	19250	93	
6738	0	44921	19253	93	
6739	0	44924	19258	93	
6740	0	44928	19258	93	
6741	0	44933	19254	93	
6742	0	44934	19254	93	
6743	0	44938	19259	93	
6744	0	44938	19262	93	
6745	0	44940	19260	93	
6746	0	44946	19259	93	
6747	0	44945	19261	93	
6748	0	44944	19263	93	
6749	0	44943	19265	93	
6750	0	44941	19271	93	
6751	0	44954	19270	93	
6752	0	44960	19276	93	
6753	0	44957	19274	93	
6754	0	44965	19280	93	
6755	0	44969	19278	93	
6756	0	44967	19280	93	
6757	0	44971	19282	93	
6758	0	44966	19279	93	
6759	0	44971	19281	93	
6760	0	44964	19283	93	
6761	0	44970	19287	93	
6762	0	44971	19291	93	
6763	0	44979	19292	93	
6764	0	44980	19292	93	
6765	0	44985	19292	93	
6766	0	44985	19294	93	
6767	0	44985	19296	93	
6768	0	44988	19296	93	
6769	0	44987	19293	93	
6770	0	44992	19301	93	
6771	0	44993	19298	93	
6772	0	44990	19305	93	
6773	0	44997	19309	93	
6774	0	44998	19309	93	
6775	0	44993	19306	93	
6776	0	44994	19309	93	
6777	0	44998	19310	93	
6778	0	44998	19312	93	
6779	0	45005	19315	93	
6780	0	45013	19314	93	
6781	0	45016	19317	93	
6782	0	45020	19323	93	
6783	0	45016	19319	93	
6784	0	45023	19320	93	
6785	0	45011	19319	93	
6786	0	45020	19323	93	
6787	0	45018	19325	93	
6788	0	45006	19326	93	
6789	0	45008	19326	93	
6790	0	45003	19325	93	
6791	0	44989	19317	93	
6792	0	44979	19317	93	
6793	0	44974	19309	93	
6794	0	44964	19304	93	
6795	0	44957	19300	93	
6796	0	44946	19291	93	
6797	0	44950	19288	93	
6798	0	44948	19284	93	
6799	0	44941	19287	93	
6800	0	44942	19286	93	
6801	0	44946	19286	93	
6802	0	44938	19283	93	
6803	0	44947	19292	93	
6804	0	44948	19288	93	
6805	0	44944	19289	93	
6806	0	44953	19294	93	
6807	0	44949	19294	93	
6808	0	44957	19292	93	
6809	0	44950	19293	93	
6810	0	44952	19293	93	
6811	0	44958	19300	93	
6812	0	44961	19299	93	
6813	0	44961	19303	93	
6814	0	44962	19300	93	
6815	0	44959	19300	93	
6816	0	44963	19302	93	
6817	0	44961	19304	93	
6818	0	44961	19300	93	
6819	0	44962	19299	93	
6820	0	44966	19297	93	
6821	0	44963	19298	93	
6822	0	44960	19297	93	
6823	0	44960	19297	93	
6824	0	44960	19296	93	
6825	0	44961	19292	93	
6826	0	44962	19296	93	
6827	0	44962	19300	93	
6828	0	44958	19300	93	
6829	0	44961	19302	93	
6830	0	44963	19304	93	
6831	0	44971	19310	93	
6832	0	44966	19310	93	
6833	0	44967	19310	93	
6834	0	44973	19313	93	
6835	0	44971	19313	93	
6836	0	44971	19318	93	
6837	0	44973	19322	93	
6838	0	44972	19322	93	
6839	0	44978	19329	93	
6840	0	44982	19327	93	
6841	0	44976	19331	93	
6842	0	44983	19338	93	
6843	0	44991	19341	93	
6844	0	44996	19344	93	
6845	0	44998	19345	93	
6846	0	45004	19349	93	
6847	0	44997	19352	93	
6848	0	45000	19353	93	
6849	0	44997	19354	93	
6850	0	44997	19356	93	
6851	0	45001	19358	93	
6852	0	45005	19364	93	
6853	0	45006	19371	93	
6854	0	45009	19371	93	
6855	0	45016	19375	93	
6856	0	45019	19381	93	
6857	0	45021	19384	93	
6858	0	45028	19384	93	
6859	0	45025	19387	93	
6860	0	45029	19386	93	
6861	0	45033	19391	93	
6862	0	45035	19393	93	
6863	0	45034	19393	93	
6864	0	45045	19396	93	
6865	0	45049	19398	93	
6866	0	45052	19400	93	
6867	0	45056	19397	93	
6868	0	45052	19401	93	
6869	0	45056	19400	93	
6870	0	45044	19396	93	
6871	0	45036	19393	93	
6872	0	45027	19398	93	
6873	0	45021	19383	93	
6874	0	45013	19382	93	
6875	0	45003	19381	93	
6876	0	44992	19379	93	
6877	0	44986	19375	93	
6878	0	44980	19370	93	
6879	0	44983	19374	93	
6880	0	44984	19373	93	
6881	0	44991	19373	93	
6882	0	44990	19371	93	
6883	0	44993	19375	93	
6884	0	44994	19373	93	
6885	0	45001	19373	92	
6886	0	44994	19380	92	
6887	0	44996	19375	92	
6888	0	44999	19373	92	
6889	0	45006	19379	92	
6890	0	45003	19376	92	
6891	0	45011	19380	92	
6892	0	45006	19380	92	
6893	0	45007	19380	92	
6894	0	45009	19379	92	
6895	0	45006	19383	92	
6896	0	45003	19379	92	
6897	0	45008	19380	92	
6898	0	45001	19379	92	
6899	0	44996	19378	92	
6900	0	45005	19377	92	
6901	0	44996	19380	92	
6902	0	45000	19383	92	
6903	0	45000	19379	92	
6904	0	44999	19379	92	
6905	0	44997	19379	92	
6906	0	45001	19383	92	
6907	0	44993	19383	92	
6908	0	45003	19383	92	
6909	0	45005	19387	92	
6910	0	45010	19387	92	
6911	0	45015	19388	92	
6912	0	45014	19392	92	
6913	0	45008	19392	92	
6914	0	45015	19396	92	
6915	0	45016	19399	92	
6916	0	45011	19398	92	
6917	0	45016	19401	92	
6918	0	45020	19403	92	
6919	0	45019	19405	92	
6920	0	45022	19406	92	
6921	0	45029	19411	92	
6922	0	45026	19411	92	
6923	0	45032	19410	92	
6924	0	45025	19412	92	
6925	0	45027	19415	92	
6926	0	45024	19417	92	
6927	0	45033	19421	92	
6928	0	45029	19423	92	
6929	0	45039	19424	92	
6930	0	45039	19428	92	
6931	0	45041	19434	92	
6932	0	45049	19434	92	
6933	0	45051	19439	92	
6934	0	45051	19437	92	
6935	0	45053	19438	92	
6936	0	45048	19436	92	
6937	0	45056	19444	92	
6938	0	45057	19442	92	
6939	0	45058	19447	92	
6940	0	45068	19449	92	
6941	0	45071	19449	92	
6942	0	45068	19442	92	
6943	0	45065	19445	92	
6944	0	45068	19444	92	
6945	0	45066	19447	92	
6946	0	45069	19447	92	
6947	0	45063	19451	92	
6948	0	45068	19454	92	
6949	0	45067	19453	92	
6950	0	45069	19452	92	
6951	0	45057	19452	92	
6952	0	45044	19448	92	
6953	0	45040	19445	92	
6954	0	45029	19441	92	
6955	0	45025	19436	92	
6956	0	45014	19436	92	
6957	0	45018	19430	92	
6958	0	45013	19434	92	
6959	0	45011	19432	92	
6960	0	45012	19431	92	
6961	0	45018	19429	92	
6962	0	45020	19436	92	
6963	0	45021	19430	92	
6964	0	45019	19429	92	
6965	0	45029	19436	92	
6966	0	45024	19437	92	
6967	0	45032	19442	92	
6968	0	45026	19437	92	
6969	0	45029	19440	92	
6970	0	45032	19440	92	
6971	0	45024	19440	92	
6972	0	45028	19444	92	
6973	0	45027	19442	92	
6974	0	45030	19443	92	
6975	0	45024	19445	92	
6976	0	45026	19449	92	
6977	0	45027	19451	92	
6978	0	45028	19449	92	
6979	0	45024	19443	92	
6980	0	45019	19443	92	
6981	0	45018	19437	92	
6982	0	45008	19440	92	
6983	0	45012	19441	92	
6984	0	45010	19435	92	
6985	0	45015	19436	92	
6986	0	45008	19432	92	
6987	0	45006	19434	92	
6988	0	45011	19433	92	
6989	0	45011	19437	92	
6990	0	45004	19435	92	
6991	0	45005	19437	92	
6992	0	45013	19436	92	
6993	0	45014	19439	92	
6994	0	45008	19446	92	
6995	0	45012	19445	92	
6996	0	45021	19445	92	
6997	0	45014	19444	92	
6998	0	45017	19444	92	
6999	0	45016	19443	92	
7000	0	45013	19438	92	
7001	0	45016	19443	92	
7002	0	45016	19438	92	
7003	0	45012	19438	92	
7004	0	45011	19437	92	
7005	0	45013	19438	92	
7006	0	45016	19438	92	
7007	0	45016	19434	92	
7008	0	45005	19432	92	
7009	0	45010	19427	92	
7010	0	45007	19427	92	
7011	0	45004	19425	92	
7012	0	45003	19423	92	
7013	0	44999	19426	92	
7014	0	44999	19422	92	
7015	0	45004	19423	92	
7016	0	45000	19420	92	
7017	0	44996	19419	92	
7018	0	44997	19420	92	
7019	0	45001	19418	92	
7020	0	44999	19418	92	
7021	0	44998	19415	92	
7022	0	44990	19421	92	
7023	0	44990	19417	92	
7024	0	44985	19415	92	
7025	0	44968	19409	92	
7026	0	44966	19407	92	
7027	0	44949	19405	92	
7028	0	44947	19400	92	
7029	0	44939	19397	92	
7030	0	44928	19394	92	
7031	0	44931	19392	92	
7032	0	44933	19391	92	
7033	0	44931	19385	92	
7034	0	44925	19389	92	
7035	0	44927	19386	92	
7036	0	44929	19386	92	
7037	0	44932	19387	92	
7038	0	44935	19393	92	
7039	0	44929	19386	92	
7040	0	44937	19394	92	
7041	0	44930	19392	92	
7042	0	44943	19394	92	
7043	0	44943	19392	92	
7044	0	44937	19397	92	
7045	0	44943	19395	92	
7046	0	44944	19400	92	
7047	0	44937	19393	92	
7048	0	44941	19392	92	
7049	0	44930	19392	92	
7050	0	44931	19390	92	
7051	0	44923	19389	92	
7052	0	44918	19389	92	
7053	0	44919	19395	92	
7054	0	44925	19392	92	
7055	0	44922	19392	92	
7056	0	44923	19392	92	
7057	0	44920	19389	92	
7058	0	44920	19389	92	
7059	0	44922	19386	92	
7060	0	44928	19388	92	
7061	0	44925	19390	92	
7062	0	44922	19394	92	
7063	0	44919	19395	92	
7064	0	44923	19397	92	
7065	0	44921	19395	92	
7066	0	44923	19397	92	
7067	0	44927	19393	92	
7068	0	44922	19395	92	
7069	0	44925	19394	92	
7070	0	44924	19395	92	
7071	0	44925	19399	92	
7072	0	44920	19401	92	
7073	0	44918	19402	92	
7074	0	44928	19403	92	
7075	0	44928	19401	92	
7076	0	44935	19405	92	
7077	0	44933	19404	92	
7078	0	44933	19400	92	
7079	0	44928	19400	92	
7080	0	44930	19397	92	
7081	0	44927	19396	92	
7082	0	44920	19395	92	
7083	0	44925	19401	92	
7084	0	44925	19402	92	
7085	0	44924	19399	92	
7086	0	44926	19400	92	
7087	0	44922	19403	92	
7088	0	44924	19402	92	
7089	0	44924	19404	92	
7090	0	44936	19404	92	
7091	0	44925	19406	92	
7092	0	44923	19403	92	
7093	0	44916	19401	92	
7094	0	44912	19399	92	
7095	0	44908	19397	92	
7096	0	44902	19390	92	
7097	0	44883	19383	92	
7098	0	44878	19378	92	
7099	0	44872	19374	92	
7100	0	44857	19368	92	
7101	0	44851	19366	92	
7102	0	44845	19364	92	
7103	0	44853	19364	92	
7104	0	44853	19366	92	
7105	0	44852	19369	92	
7106	0	44851	19369	92	
7107	0	44852	19368	92	
7108	0	44854	19365	92	
7109	0	44853	19366	92	
7110	0	44855	19366	92	
7111	0	44856	19363	92	
7112	0	44857	19364	92	
7113	0	44852	19368	92	
7114	0	44859	19365	92	
7115	0	44853	19366	92	
7116	0	44857	19367	92	
7117	0	44854	19367	92	
7118	0	44858	19368	92	
7119	0	44850	19370	92	
7120	0	44852	19368	92	
7121	0	44849	19368	92	
7122	0	44849	19365	92	
7123	0	44842	19370	92	
7124	0	44841	19365	92	
7125	0	44847	19365	92	
7126	0	44841	19364	92	
7127	0	44839	19359	92	
7128	0	44843	19360	92	
7129	0	44844	19356	92	
7130	0	44837	19358	92	
7131	0	44844	19361	92	
7132	0	44849	19360	92	
7133	0	44844	19363	92	
7134	0	44849	19365	92	
7135	0	44842	19363	92	
7136	0	44844	19361	92	
7137	0	44845	19360	92	
7138	0	44843	19365	92	
7139	0	44848	19366	92	
7140	0	44854	19364	92	
7141	0	44849	19366	92	
7142	0	44846	19367	92	
7143	0	44846	19367	92	
7144	0	44838	19368	92	
7145	0	44851	19366	92	
7146	0	44849	19370	92	
7147	0	44852	19367	92	
7148	0	44846	19366	92	
7149	0	44847	19369	92	
7150	0	44843	19368	92	
7151	0	44846	19364	92	
7152	0	44847	19372	92	
7153	0	44846	19370	92	
7154	0	44849	19374	92	
7155	0	44851	19377	92	
7156	0	44855	19378	92	
7157	0	44850	19376	92	
7158	0	44852	19377	92	
7159	0	44844	19374	92	
7160	0	44845	19374	92	
7161	0	44845	19373	92	
7162	0	44841	19375	92	
7163	0	44831	19369	92	
7164	0	44830	19367	92	
7165	0	44819	19362	92	
7166	0	44807	19355	92	
7167	0	44799	19352	92	
7168	0	44793	19345	92	
7169	0	44791	19341	92	
7170	0	44782	19339	92	
7171	0	44776	19334	92	
7172	0	44772	19331	92	
7173	0	44772	19334	92	
7174	0	44772	19331	92	
7175	0	44767	19332	92	
7176	0	44770	19331	92	
7177	0	44773	19334	92	
7178	0	44776	19334	92	
7179	0	44772	19335	92	
7180	0	44777	19336	92	
7181	0	44778	19334	92	
7182	0	44772	19335	92	
7183	0	44779	19333	92	
7184	0	44772	19336	92	
7185	0	44771	19334	91	
7186	0	44774	19338	91	
7187	0	44778	19334	91	
7188	0	44773	19336	91	
7189	0	44774	19334	91	
7190	0	44768	19333	91	
7191	0	44771	19330	91	
7192	0	44770	19329	91	
7193	0	44760	19330	91	
7194	0	44763	19325	91	
7195	0	44763	19327	91	
7196	0	44764	19330	91	
7197	0	44767	19324	91	
7198	0	44766	19324	91	
7199	0	44768	19324	91	
7200	0	44762	19323	91	
7201	0	44760	19322	91	
7202	0	44764	19323	91	
7203	0	44764	19327	91	
7204	0	44764	19326	91	
7205	0	44762	19326	91	
7206	0	44768	19328	91	
7207	0	44758	19334	91	
7208	0	44769	19336	91	
7209	0	44763	19333	91	
7210	0	44767	19333	91	
7211	0	44767	19332	91	
7212	0	44766	19335	91	
7213	0	44775	19335	91	
7214	0	44772	19336	91	
7215	0	44774	19334	91	
7216	0	44769	19336	91	
7217	0	44759	19335	91	
7218	0	44769	19337	91	
7219	0	44760	19338	91	
7220	0	44769	19343	91	
7221	0	44768	19344	91	
7222	0	44767	19347	91	
7223	0	44778	19345	91	
7224	0	44779	19342	91	
7225	0	44772	19341	91	
7226	0	44772	19344	91	
7227	0	44777	19341	91	
7228	0	44770	19342	91	
7229	0	44767	19343	91	
7230	0	44774	19343	91	
7231	0	44772	19344	91	
7232	0	44769	19337	91	
7233	0	44756	19335	91	
7234	0	44747	19330	91	
7235	0	44736	19319	91	
7236	0	44724	19313	91	
7237	0	44721	19304	91	
7238	0	44709	19297	91	
7239	0	44699	19295	91	
7240	0	44699	19292	91	
7241	0	44693	19291	91	
7242	0	44697	19286	91	
7243	0	44700	19285	91	
7244	0	44694	19281	91	
7245	0	44697	19283	91	
7246	0	44694	19277	91	
7247	0	44702	19281	91	
7248	0	44697	19278	91	
7249	0	44692	19281	91	
7250	0	44704	19277	91	
7251	0	44699	19277	91	
7252	0	44697	19277	91	
7253	0	44696	19277	91	
7254	0	44694	19279	91	
7255	0	44697	19276	91	
7256	0	44692	19276	91	
7257	0	44687	19277	91	
7258	0	44687	19279	91	
7259	0	44681	19278	91	
7260	0	44687	19277	91	
7261	0	44681	19277	91	
7262	0	44684	19274	91	
7263	0	44686	19271	91	
7264	0	44682	19270	91	
7265	0	44685	19267	91	
7266	0	44680	19266	91	
7267	0	44683	19264	91	
7268	0	44672	19264	91	
7269	0	44675	19266	91	
7270	0	44684	19266	91	
7271	0	44687	19268	91	
7272	0	44676	19262	91	
7273	0	44687	19263	91	
7274	0	44683	19262	91	
7275	0	44689	19263	91	
7276	0	44680	19262	91	
7277	0	44681	19261	91	
7278	0	44678	19263	91	
7279	0	44684	19260	91	
7280	0	44675	19259	91	
7281	0	44673	19257	91	
7282	0	44675	19256	91	
7283	0	44677	19257	91	
7284	0	44674	19254	91	
7285	0	44673	19258	91	
7286	0	44678	19256	91	
7287	0	44672	19256	91	
7288	0	44675	19255	91	
7289	0	44675	19255	91	
7290	0	44670	19257	91	
7291	0	44671	19255	91	
7292	0	44673	19256	91	
7293	0	44670	19257	91	
7294	0	44675	19255	91	
7295	0	44673	19259	91	
7296	0	44673	19257	91	
7297	0	44668	19257	91	
7298	0	44674	19257	91	
7299	0	44669	19263	91	
7300	0	44673	19260	91	
7301	0	44666	19263	91	
7302	0	44669	19253	91	
7303	0	44655	19253	91	
7304	0	44638	19248	91	
7305	0	44630	19237	91	
7306	0	44625	19238	91	
7307	0	44617	19226	91	
7308	0	44605	19222	91	
7309	0	44603	19220	91	
7310	0	44603	19217	91	
7311	0	44606	19213	91	
7312	0	44598	19208	91	
7313	0	44604	19211	91	
7314	0	44604	19209	91	
7315	0	44607	19206	91	
7316	0	44599	19206	91	
7317	0	44602	19213	91	
7318	0	44603	19210	91	
7319	0	44612	19209	91	
7320	0	44603	19211	91	
7321	0	44606	19208	91	
7322	0	44604	19209	91	
7323	0	44599	19209	91	
7324	0	44599	19207	91	
7325	0	44606	19206	91	
7326	0	44598	19204	91	
7327	0	44600	19201	91	
7328	0	44594	19199	91	
7329	0	44592	19196	91	
7330	0	44579	19198	91	
7331	0	44578	19196	91	
7332	0	44578	19191	91	
7333	0	44578	19197	91	
7334	0	44584	19196	91	
7335	0	44589	19193	91	
7336	0	44590	19194	91	
7337	0	44588	19192	91	
7338	0	44590	19187	91	
7339	0	44587	19186	91	
7340	0	44588	19187	91	
7341	0	44587	19188	91	
7342	0	44591	19189	91	
7343	0	44586	19185	91	
7344	0	44585	19187	91	
7345	0	44596	19187	91	
7346	0	44589	19187	91	
7347	0	44591	19185	91	
7348	0	44584	19183	91	
7349	0	44585	19184	91	
7350	0	44590	19186	91	
7351	0	44582	19184	91	
7352	0	44580	19185	91	
7353	0	44587	19189	91	
7354	0	44587	19192	91	
7355	0	44586	19193	91	
7356	0	44584	19195	91	
7357	0	44586	19197	91	
7358	0	44590	19200	91	
7359	0	44579	19196	91	
7360	0	44577	19203	91	
7361	0	44577	19205	91	
7362	0	44584	19206	91	
7363	0	44581	19214	91	
7364	0	44589	19215	91	
7365	0	44594	19214	91	
7366	0	44591	19220	91	
7367	0	44603	19221	91	
7368	0	44598	19226	91	
7369	0	44592	19227	91	
7370	0	44598	19230	91	
7371	0	44595	19222	91	
7372	0	44591	19220	91	
7373	0	44576	19214	91	
7374	0	44569	19213	91	
7375	0	44556	19203	91	
7376	0	44542	19196	91	
7377	0	44542	19195	91	
7378	0	44534	19191	91	
7379	0	44529	19187	91	
7380	0	44530	19181	91	
7381	0	44520	19179	91	
7382	0	44519	19181	91	
7383	0	44521	19181	91	
7384	0	44530	19182	91	
7385	0	44527	19184	91	
7386	0	44533	19182	91	
7387	0	44530	19182	91	
7388	0	44539	19185	91	
7389	0	44533	19183	91	
7390	0	44533	19188	91	
7391	0	44535	19187	91	
7392	0	44539	19188	91	
7393	0	44539	19189	91	
7394	0	44536	19189	91	
7395	0	44532	19193	91	
7396	0	44537	19194	91	
7397	0	44534	19195	91	
7398	0	44535	19190	91	
7399	0	44538	19186	91	
7400	0	44527	19185	91	
7401	0	44532	19182	91	
7402	0	44524	19184	91	
7403	0	44532	19183	91	
7404	0	44525	19187	91	
7405	0	44525	19179	91	
7406	0	44521	19183	91	
7407	0	44533	19182	91	
7408	0	44533	19181	91	
7409	0	44539	19185	91	
7410	0	44533	19181	91	
7411	0	44537	19187	91	
7412	0	44538	19184	91	
7413	0	44535	19186	91	
7414	0	44540	19189	91	
7415	0	44544	19189	91	
7416	0	44556	19196	91	
7417	0	44556	19191	91	
7418	0	44562	19194	91	
7419	0	44553	19193	91	
7420	0	44561	19190	91	
7421	0	44567	19189	91	
7422	0	44566	19188	91	
7423	0	44562	19185	91	
7424	0	44554	19185	91	
7425	0	44564	19181	91	
7426	0	44558	19182	91	
7427	0	44559	19178	91	
7428	0	44557	19182	91	
7429	0	44559	19182	91	
7430	0	44566	19178	91	
7431	0	44564	19180	91	
7432	0	44564	19182	91	
7433	0	44562	19178	91	
7434	0	44554	19179	91	
7435	0	44563	19178	91	
7436	0	44568	19182	91	
7437	0	44560	19178	91	
7438	0	44563	19182	91	
7439	0	44562	19182	91	
7440	0	44549	19183	91	
7441	0	44543	19183	91	
7442	0	44543	19177	91	
7443	0	44529	19174	91	
7444	0	44516	19170	91	
7445	0	44506	19166	91	
7446	0	44505	19159	91	
7447	0	44503	19159	91	
7448	0	44492	19154	91	
7449	0	44481	19152	91	
7450	0	44490	19150	91	
7451	0	44484	19153	91	
7452	0	44489	19152	91	
7453	0	44490	19152	91	
7454	0	44491	19153	91	
7455	0	44481	19153	91	
7456	0	44487	19160	91	
7457	0	44495	19166	91	
7458	0	44497	19166	91	
7459	0	44500	19167	91	
7460	0	44498	19171	91	
7461	0	44490	19174	91	
7462	0	44495	19177	91	
7463	0	44499	19178	91	
7464	0	44495	19185	91	
7465	0	44493	19186	91	
7466	0	44491	19187	91	
7467	0	44504	19188	91	
7468	0	44495	19192	91	
7469	0	44501	19187	91	
7470	0	44492	19192	91	
7471	0	44499	19188	91	
7472	0	44495	19190	91	
7473	0	44501	19186	91	
7474	0	44500	19189	91	
7475	0	44492	19190	91	
7476	0	44497	19193	91	
7477	0	44496	19194	91	
7478	0	44493	19191	91	
7479	0	44497	19197	91	
7480	0	44501	19200	91	
7481	0	44499	19199	91	
7482	0	44497	19207	91	
7483	0	44500	19205	91	
7484	0	44506	19214	91	
7485	0	44503	19214	93	
7486	0	44512	19217	93	
7487	0	44509	19218	93	
7488	0	44505	19220	93	
7489	0	44515	19222	93	
7490	0	44507	19223	93	
7491	0	44512	19230	93	
7492	0	44517	19229	93	
7493	0	44518	19232	93	
7494	0	44518	19227	93	
7495	0	44520	19235	93	
7496	0	44528	19236	93	
7497	0	44529	19237	93	
7498	0	44523	19237	93	
7499	0	44526	19238	93	
7500	0	44524	19238	93	
7501	0	44533	19241	93	
7502	0	44533	19242	93	
7503	0	44528	19242	93	
7504	0	44523	19239	93	
7505	0	44528	19248	93	
7506	0	44523	19249	93	
7507	0	44532	19249	93	
7508	0	44524	19247	93	
7509	0	44516	19246	93	
7510	0	44505	19244	93	
7511	0	44503	19236	93	
7512	0	44494	19233	93	
7513	0	44482	19230	93	
7514	0	44476	19224	93	
7515	0	44473	19218	93	
7516	0	44463	19218	93	
7517	0	44467	19213	93	
7518	0	44460	19211	93	
7519	0	44463	19207	93	
7520	0	44465	19208	93	
7521	0	44459	19210	93	
7522	0	44459	19215	93	
7523	0	44464	19214	93	
7524	0	44463	19218	93	
7525	0	44468	19216	93	
7526	0	44472	19214	93	
7527	0	44467	19220	93	
7528	0	44475	19220	93	
7529	0	44468	19227	93	
7530	0	44472	19222	93	
7531	0	44479	19223	93	
7532	0	44473	19225	93	
7533	0	44469	19223	93	
7534	0	44464	19226	93	
7535	0	44470	19223	93	
7536	0	44464	19224	93	
7537	0	44465	19217	93	
7538	0	44454	19214	93	
7539	0	44464	19217	93	
7540	0	44456	19216	93	
7541	0	44455	19213	93	
7542	0	44459	19216	93	
7543	0	44465	19220	93	
7544	0	44465	19221	93	
7545	0	44463	19217	93	
7546	0	44466	19219	93	
7547	0	44465	19220	93	
7548	0	44468	19222	93	
7549	0	44473	19218	93	
7550	0	44472	19219	93	
7551	0	44468	19220	93	
7552	0	44471	19224	93	
7553	0	44476	19222	93	
7554	0	44480	19224	93	
7555	0	44484	19224	93	
7556	0	44475	19221	93	
7557	0	44480	19228	93	
7558	0	44477	19226	93	
7559	0	44478	19226	93	
7560	0	44479	19227	93	
7561	0	44485	19230	93	
7562	0	44479	19230	93	
7563	0	44481	19232	93	
7564	0	44480	19233	93	
7565	0	44485	19237	93	
7566	0	44486	19236	93	
7567	0	44488	19240	93	
7568	0	44488	19242	93	
7569	0	44495	19238	93	
7570	0	44486	19238	93	
7571	0	44479	19239	93	
7572	0	44486	19241	93	
7573	0	44471	19241	93	
7574	0	44473	19236	93	
7575	0	44461	19233	93	
7576	0	44459	19229	93	
7577	0	44445	19222	93	
7578	0	44440	19217	93	
7579	0	44430	19215	93	
7580	0	44431	19212	93	
7581	0	44424	19209	93	
7582	0	44430	19210	93	
7583	0	44424	19212	93	
7584	0	44428	19213	93	
7585	0	44430	19212	93	
7586	0	44433	19214	93	
7587	0	44433	19212	93	
7588	0	44440	19215	93	
7589	0	44433	19217	93	
7590	0	44443	19222	93	
7591	0	44437	19222	93	
7592	0	44444	19223	93	
7593	0	44444	19228	93	
7594	0	44446	19229	93	
7595	0	44448	19225	93	
7596	0	44444	19225	93	
7597	0	44451	19227	93	
7598	0	44446	19222	93	
7599	0	44442	19226	93	
7600	0	44440	19224	93	
7601	0	44443	19225	93	
7602	0	44436	19221	93	
7603	0	44443	19224	93	
7604	0	44447	19226	93	
7605	0	44447	19223	93	
7606	0	44443	19226	93	
7607	0	44440	19227	93	
7608	0	44440	19226	93	
7609	0	44450	19227	93	
7610	0	44447	19231	93	
7611	0	44452	19231	93	
7612	0	44456	19231	93	
7613	0	44456	19239	93	
7614	0	44453	19241	93	
7615	0	44462	19239	93	
7616	0	44459	19239	93	
7617	0	44462	19242	93	
7618	0	44465	19246	93	
7619	0	44467	19244	93	
7620	0	44466	19248	93	
7621	0	44468	19247	93	
7622	0	44470	19251	93	
7623	0	44470	19247	93	
7624	0	44474	19253	93	
7625	0	44477	19255	93	
7626	0	44471	19261	93	
7627	0	44479	19264	93	
7628	0	44481	19263	93	
7629	0	44483	19265	93	
7630	0	44495	19267	93	
7631	0	44491	19266	93	
7632	0	44498	19269	93	
7633	0	44489	19270	93	
7634	0	44498	19268	93	
7635	0	44493	19267	93	
7636	0	44490	19268	93	
7637	0	44496	19272	93	
7638	0	44486	19272	93	
7639	0	44494	19271	93	
7640	0	44485	19266	93	
7641	0	44475	19263	93	
7642	0	44462	19252	93	
7643	0	44454	19249	93	
7644	0	44444	19244	93	
7645	0	44435	19232	93	
7646	0	44433	19234	93	
7647	0	44425	19231	93	
7648	0	44431	19224	93	
7649	0	44431	19224	93	
7650	0	44431	19228	93	
7651	0	44429	19227	93	
7652	0	44431	19224	93	
7653	0	44427	19227	93	
7654	0	44428	19226	93	
7655	0	44432	19228	93	
7656	0	44434	19227	93	
7657	0	44436	19230	93	
7658	0	44435	19226	93	
7659	0	44427	19226	93	
7660	0	44434	19230	93	
7661	0	44441	19230	93	
7662	0	44441	19237	93	
7663	0	44439	19233	93	
7664	0	44438	19234	93	
7665	0	44441	19234	93	
7666	0	44451	19234	93	
7667	0	44441	19232	93	
7668	0	44443	19228	93	
7669	0	44441	19226	93	
7670	0	44433	19230	93	
7671	0	44444	19230	93	
7672	0	44449	19231	93	
7673	0	44448	19229	93	
7674	0	44445	19226	93	
7675	0	44441	19228	93	
7676	0	44443	19227	93	
7677	0	44454	19233	93	
7678	0	44449	19232	93	
7679	0	44452	19232	93	
7680	0	44453	19233	93	
7681	0	44455	19237	93	
7682	0	44460	19238	93	
7683	0	44463	19240	93	
7684	0	44468	19244	93	
7685	0	44472	19249	93	
7686	0	44471	19247	93	
7687	0	44474	19246	93	
7688	0	44472	19250	93	
7689	0	44478	19253	93	
7690	0	44476	19247	93	
7691	0	44485	19252	93	
7692	0	44480	19251	93	
7693	0	44485	19251	93	
7694	0	44482	19252	93	
7695	0	44481	19253	93	
7696	0	44485	19257	93	
7697	0	44493	19258	93	
7698	0	44494	19259	93	
7699	0	44495	19255	93	
7700	0	44496	19262	93	
7701	0	44500	19260	93	
7702	0	44503	19261	93	
7703	0	44506	19264	93	
7704	0	44511	19268	93	
7705	0	44511	19269	93	
7706	0	44510	19271	93	
7707	0	44513	19272	93	
7708	0	44520	19273	93	
7709	0	44514	19274	93	
7710	0	44515	19268	93	
7711	0	44508	19268	93	
7712	0	44489	19268	93	
7713	0	44486	19264	93	
7714	0	44475	19258	93	
7715	0	44462	19252	93	
7716	0	44463	19249	93	
7717	0	44454	19239	93	
7718	0	44448	19240	93	
7719	0	44456	19232	93	
7720	0	44456	19236	93	
7721	0	44447	19231	93	
7722	0	44448	19236	93	
7723	0	44458	19234	93	
7724	0	44456	19233	93	
7725	0	44452	19236	93	
7726	0	44455	19234	93	
7727	0	44456	19239	93	
7728	0	44460	19236	93	
7729	0	44463	19240	93	
7730	0	44458	19234	93	
7731	0	44462	19239	93	
7732	0	44468	19242	93	
7733	0	44475	19242	93	
7734	0	44478	19240	93	
7735	0	44476	19239	93	
7736	0	44478	19246	93	
7737	0	44477	19246	93	
7738	0	44474	19242	93	
7739	0	44468	19242	93	
7740	0	44475	19241	93	
7741	0	44475	19238	93	
7742	0	44477	19242	93	
7743	0	44483	19238	93	
7744	0	44481	19241	93	
7745	0	44487	19239	93	
7746	0	44488	19240	93	
7747	0	44479	19241	93	
7748	0	44487	19240	93	
7749	0	44487	19244	93	
7750	0	44488	19245	93	
7751	0	44494	19251	93	
7752	0	44491	19246	93	
7753	0	44501	19251	93	
7754	0	44501	19253	93	
7755	0	44511	19252	93	
7756	0	44513	19253	93	
7757	0	44512	19253	93	
7758	0	44514	19253	93	
7759	0	44517	19251	93	
7760	0	44521	19255	93	
7761	0	44514	19257	93	
7762	0	44517	19257	93	
7763	0	44520	19262	93	
7764	0	44527	19262	93	
7765	0	44529	19262	93	
7766	0	44525	19262	93	
7767	0	44529	19259	93	
7768	0	44530	19263	93	
7769	0	44533	19260	93	
7770	0	44540	19266	93	
7771	0	44536	19264	93	
7772	0	44537	19267	93	
7773	0	44542	19267	93	
7774	0	44548	19266	93	
7775	0	44543	19263	93	
7776	0	44547	19270	93	
7777	0	44548	19267	93	
7778	0	44548	19273	93	
7779	0	44545	19271	93	
7780	0	44549	19272	93	
7781	0	44551	19275	93	
7782	0	44560	19283	93	
7783	0	44572	19282	93	
7784	0	44571	19287	93	
7785	0	44573	19290	89	
7786	0	44579	19289	89	
7787	0	44575	19285	89	
7788	0	44572	19279	89	
7789	0	44561	19279	89	
7790	0	44550	19276	89	
7791	0	44538	19270	89	
7792	0	44524	19258	89	
7793	0	44521	19253	89	
7794	0	44505	19252	89	
7795	0	44498	19248	89	
7796	0	44500	19243	89	
7797	0	44488	19244	89	
7798	0	44499	19247	89	
7799	0	44506	19247	89	
7800	0	44502	19246	89	
7801	0	44502	19250	89	
7802	0	44510	19252	89	
7803	0	44510	19252	89	
7804	0	44510	19256	89	
7805	0	44514	19258	89	
7806	0	44516	19257	89	
7807	0	44518	19262	89	
7808	0	44523	19262	89	
7809	0	44523	19263	89	
7810	0	44527	19274	89	
7811	0	44536	19273	89	
7812	0	44541	19279	89	
7813	0	44545	19280	89	
7814	0	44553	19284	89	
7815	0	44559	19281	89	
7816	0	44550	19283	89	
7817	0	44553	19281	89	
7818	0	44550	19280	89	
7819	0	44554	19283	89	
7820	0	44556	19283	89	
7821	0	44557	19288	89	
7822	0	44563	19291	89	
7823	0	44570	19291	89	
7824	0	44580	19289	89	
7825	0	44584	19292	89	
7826	0	44583	19287	89	
7827	0	44589	19291	89	
7828	0	44586	19297	89	
7829	0	44593	19295	89	
7830	0	44591	19298	89	
7831	0	44600	19297	89	
7832	0	44598	19298	89	
7833	0	44604	19297	89	
7834	0	44597	19297	89	
7835	0	44608	19297	89	
7836	0	44610	19300	89	
7837	0	44614	19298	89	
7838	0	44610	19300	89	
7839	0	44619	19303	89	
7840	0	44618	19301	89	
7841	0	44619	19304	89	
7842	0	44617	19307	89	
7843	0	44619	19305	89	
7844	0	44624	19309	89	
7845	0	44625	19317	89	
7846	0	44628	19319	89	
7847	0	44636	19321	89	
7848	0	44639	19321	89	
7849	0	44655	19327	89	
7850	0	44657	19329	89	
7851	0	44656	19330	89	
7852	0	44665	19331	89	
7853	0	44673	19332	89	
7854	0	44667	19330	89	
7855	0	44668	19330	89	
7856	0	44672	19329	89	
7857	0	44673	19333	89	
7858	0	44675	19334	89	
7859	0	44675	19342	89	
7860	0	44688	19336	89	
7861	0	44693	19337	89	
7862	0	44686	19339	89	
7863	0	44690	19343	89	
7864	0	44689	19344	89	
7865	0	44699	19345	89	
7866	0	44698	19347	89	
7867	0	44707	19346	89	
7868	0	44701	19344	89	
7869	0	44704	19343	89	
7870	0	44704	19347	89	
7871	0	44691	19343	89	
7872	0	44688	19340	89	
7873	0	44675	19337	89	
7874	0	44662	19331	89	
7875	0	44663	19328	89	
7876	0	44653	19316	89	
7877	0	44638	19308	89	
7878	0	44639	19304	89	
7879	0	44622	19295	89	
7880	0	44619	19293	89	
7881	0	44617	19289	89	
7882	0	44616	19291	89	
7883	0	44626	19287	89	
7884	0	44618	19293	89	
7885	0	44628	19286	89	
7886	0	44620	19286	89	
7887	0	44621	19289	89	
7888	0	44625	19281	89	
7889	0	44627	19282	89	
7890	0	44625	19286	89	
7891	0	44625	19284	89	
7892	0	44617	19280	89	
7893	0	44628	19285	89	
7894	0	44624	19285	89	
7895	0	44633	19284	89	
7896	0	44628	19285	89	
7897	0	44632	19284	89	
7898	0	44633	19283	89	
7899	0	44634	19280	89	
7900	0	44627	19283	89	
7901	0	44630	19280	89	
7902	0	44626	19279	89	
7903	0	44626	19270	89	
7904	0	44635	19279	89	
7905	0	44631	19275	89	
7906	0	44637	19273	89	
7907	0	44640	19274	89	
7908	0	44642	19276	89	
7909	0	44641	19278	89	
7910	0	44645	19278	89	
7911	0	44650	19283	89	
7912	0	44649	19280	89	
7913	0	44652	19284	89	
7914	0	44660	19284	89	
7915	0	44665	19287	89	
7916	0	44667	19290	89	
7917	0	44670	19287	89	
7918	0	44676	19289	89	
7919	0	44669	19288	89	
7920	0	44672	19289	89	
7921	0	44674	19288	89	
7922	0	44675	19289	89	
7923	0	44675	19294	89	
7924	0	44682	19296	89	
7925	0	44687	19295	89	
7926	0	44688	19297	89	
7927	0	44692	19293	89	
7928	0	44697	19297	89	
7929	0	44695	19296	89	
7930	0	44701	19295	89	
7931	0	44699	19299	89	
7932	0	44700	19301	89	
7933	0	44706	19300	89	
7934	0	44709	19300	89	
7935	0	44712	19301	89	
7936	0	44718	19303	89	
7937	0	44724	19304	89	
7938	0	44722	19303	89	
7939	0	44726	19303	89	
7940	0	44721	19302	89	
7941	0	44722	19305	89	
7942	0	44728	19306	89	
7943	0	44736	19304	89	
7944	0	44737	19308	89	
7945	0	44730	19305	89	
7946	0	44741	19304	89	
7947	0	44731	19307	89	
7948	0	44740	19306	89	
7949	0	44740	19312	89	
7950	0	44738	19314	89	
7951	0	44744	19317	89	
7952	0	44747	19315	89	
7953	0	44752	19320	89	
7954	0	44758	19318	89	
7955	0	44755	19320	89	
7956	0	44747	19321	89	
7957	0	44738	19315	89	
7958	0	44732	19310	89	
7959	0	44715	19305	89	
7960	0	44698	19302	89	
7961	0	44688	19296	89	
7962	0	44676	19293	89	
7963	0	44675	19283	89	
7964	0	44665	19281	89	
7965	0	44666	19277	89	
7966	0	44667	19278	89	
7967	0	44667	19276	89	
7968	0	44670	19276	89	
7969	0	44668	19276	89	
7970	0	44668	19272	89	
7971	0	44668	19274	89	
7972	0	44680	19276	89	
7973	0	44676	19284	89	
7974	0	44677	19282	89	
7975	0	44676	19280	89	
7976	0	44688	19284	89	
7977	0	44694	19287	89	
7978	0	44694	19288	89	
7979	0	44697	19286	89	
7980	0	44705	19286	89	
7981	0	44702	19283	89	
7982	0	44707	19286	89	
7983	0	44699	19283	89	
7984	0	44703	19281	89	
7985	0	44704	19282	89	
7986	0	44700	19278	89	
7987	0	44704	19277	89	
7988	0	44699	19271	89	
7989	0	44694	19271	89	
7990	0	44693	19268	89	
7991	0	44690	19266	89	
7992	0	44694	19264	89	
7993	0	44697	19268	89	
7994	0	44699	19269	89	
7995	0	44701	19270	89	
7996	0	44713	19265	89	
7997	0	44707	19266	89	
7998	0	44715	19270	89	
7999	0	44716	19264	89	
8000	0	44719	19267	89	
8001	0	44720	19270	89	
8002	0	44721	19269	89	
8003	0	44725	19268	89	
8004	0	44723	19269	89	
8005	0	44722	19269	89	
8006	0	44724	19268	89	
8007	0	44724	19270	89	
8008	0	44726	19272	89	
8009	0	44724	19268	89	
8010	0	44727	19271	89	
8011	0	44734	19270	89	
8012	0	44728	19267	89	
8013	0	44735	19266	89	
8014	0	44733	19263	89	
8015	0	44730	19266	89	
8016	0	44735	19266	89	
8017	0	44733	19269	89	
8018	0	44730	19271	89	
8019	0	44730	19270	89	
8020	0	44736	19271	89	
8021	0	44742	19275	89	
8022	0	44746	19274	89	
8023	0	44747	19277	89	
8024	0	44749	19277	89	
8025	0	44754	19281	89	
8026	0	44748	19281	89	
8027	0	44752	19279	89	
8028	0	44747	19284	89	
8029	0	44752	19283	89	
8030	0	44750	19283	89	
8031	0	44763	19284	89	
8032	0	44764	19288	89	
8033	0	44771	19289	89	
8034	0	44775	19288	89	
8035	0	44776	19289	89	
8036	0	44778	19287	89	
8037	0	44775	19289	89	
8038	0	44765	19287	89	
8039	0	44764	19286	89	
8040	0	44750	19279	89	
8041	0	44740	19275	89	
8042	0	44731	19272	89	
8043	0	44722	19267	89	
8044	0	44714	19266	89	
8045	0	44705	19255	89	
8046	0	44702	19248	89	
8047	0	44689	19239	89	
8048	0	44685	19234	89	
8049	0	44684	19234	89	
8050	0	44683	19233	89	
8051	0	44685	19229	89	
8052	0	44687	19234	89	
8053	0	44686	19234	89	
8054	0	44685	19235	89	
8055	0	44692	19237	89	
8056	0	44687	19238	89	
8057	0	44691	19235	89	
8058	0	44696	19238	89	
8059	0	44701	19242	89	
8060	0	44702	19238	89	
8061	0	44704	19238	89	
8062	0	44704	19238	89	
8063	0	44703	19239	89	
8064	0	44707	19238	89	
8065	0	44698	19241	89	
8066	0	44704	19240	89	
8067	0	44707	19240	89	
8068	0	44707	19239	89	
8069	0	44705	19239	89	
8070	0	44704	19236	89	
8071	0	44697	19236	89	
8072	0	44701	19234	89	
8073	0	44703	19236	89	
8074	0	44696	19235	89	
8075	0	44704	19239	89	
8076	0	44703	19236	89	
8077	0	44708	19242	89	
8078	0	44710	19246	89	
8079	0	44716	19249	89	
8080	0	44720	19250	89	
8081	0	44723	19250	89	
8082	0	44723	19250	89	
8083	0	44734	19254	89	
8084	0	44734	19257	89	
8085	0	44728	19256	89	
8086	0	44741	19258	89	
8087	0	44737	19260	89	
8088	0	44742	19262	89	
8089	0	44753	19265	89	
8090	0	44742	19267	89	
8091	0	44746	19267	89	
8092	0	44755	19271	89	
8093	0	44761	19275	89	
8094	0	44759	19279	89	
8095	0	44770	19281	89	
8096	0	44773	19283	89	
8097	0	44777	19283	89	
8098	0	44772	19281	89	
8099	0	44771	19282	89	
8100	0	44779	19282	89	
8101	0	44793	19283	89	
8102	0	44791	19286	89	
8103	0	44791	19286	89	
8104	0	44797	19290	89	
8105	0	44796	19289	89	
8106	0	44796	19288	89	
8107	0	44797	19290	89	
8108	0	44796	19294	89	
8109	0	44801	19293	89	
8110	0	44805	19295	89	
8111	0	44815	19296	89	
8112	0	44812	19299	89	
8113	0	44819	19298	89	
8114	0	44822	19299	89	
8115	0	44815	19305	89	
8116	0	44825	19302	89	
8117	0	44816	19303	89	
8118	0	44818	19301	89	
8119	0	44830	19306	89	
8120	0	44820	19306	89	
8121	0	44820	19299	89	
8122	0	44807	19296	89	
8123	0	44798	19286	89	
8124	0	44777	19280	89	
8125	0	44765	19270	89	
8126	0	44755	19264	89	
8127	0	44744	19253	89	
8128	0	44731	19246	89	
8129	0	44727	19240	89	
8130	0	44726	19242	89	
8131	0	44721	19233	89	
8132	0	44721	19236	89	
8133	0	44721	19232	89	
8134	0	44724	19235	89	
8135	0	44726	19236	89	
8136	0	44728	19235	89	
8137	0	44734	19237	89	
8138	0	44735	19238	89	
8139	0	44732	19236	89	
8140	0	44732	19236	89	
8141	0	44729	19236	89	
8142	0	44736	19236	89	
8143	0	44733	19236	89	
8144	0	44734	19233	89	
8145	0	44738	19240	89	
8146	0	44746	19241	89	
8147	0	44742	19237	89	
8148	0	44743	19239	89	
8149	0	44744	19233	89	
8150	0	44743	19236	89	
8151	0	44729	19232	89	
8152	0	44735	19229	89	
8153	0	44732	19229	89	
8154	0	44730	19229	89	
8155	0	44734	19228	89	
8156	0	44743	19234	89	
8157	0	44743	19230	89	
8158	0	44744	19230	89	
8159	0	44751	19235	89	
8160	0	44753	19234	89	
8161	0	44756	19235	89	
8162	0	44759	19236	89	
8163	0	44757	19235	89	
8164	0	44764	19233	89	
8165	0	44768	19239	89	
8166	0	44766	19240	89	
8167	0	44776	19239	89	
8168	0	44776	19244	89	
8169	0	44780	19243	89	
8170	0	44779	19243	89	
8171	0	44779	19249	89	
8172	0	44786	19248	89	
8173	0	44789	19247	89	
8174	0	44785	19249	89	
8175	0	44785	19246	89	
8176	0	44800	19255	89	
8177	0	44792	19250	89	
8178	0	44802	19251	89	
8179	0	44803	19250	89	
8180	0	44810	19252	89	
8181	0	44804	19254	89	
8182	0	44799	19253	89	
8183	0	44802	19254	89	
8184	0	44811	19257	89	
8185	0	44816	19260	89	
8186	0	44816	19252	89	
8187	0	44817	19253	89	
8188	0	44816	19257	89	
8189	0	44826	19258	89	
8190	0	44821	19256	89	
8191	0	44821	19256	89	
8192	0	44828	19262	89	
8193	0	44823	19260	89	
8194	0	44825	19263	89	
8195	0	44829	19270	89	
8196	0	44837	19273	89	
8197	0	44846	19274	89	
8198	0	44847	19277	89	
8199	0	44856	19277	89	
8200	0	44853	19277	89	
8201	0	44853	19283	89	
8202	0	44851	19279	89	
8203	0	44839	19274	89	
8204	0	44838	19272	89	
8205	0	44826	19261	89	
8206	0	44812	19254	89	
8207	0	44798	19240	89	
8208	0	44786	19233	89	
8209	0	44771	19222	89	
8210	0	44762	19215	89	
8211	0	44744	19209	89	
8212	0	44738	19206	89	
8213	0	44735	19204	89	
8214	0	44743	19210	89	
8215	0	44751	19207	89	
8216	0	44759	19210	89	
8217	0	44761	19211	89	
8218	0	44759	19209	89	
8219	0	44765	19211	89	
8220	0	44754	19208	89	
8221	0	44758	19213	89	
8222	0	44760	19209	89	
8223	0	44768	19212	89	
8224	0	44768	19212	89	
8225	0	44767	19209	89	
8226	0	44767	19211	89	
8227	0	44763	19212	89	
8228	0	44766	19209	89	
8229	0	44766	19206	89	
8230	0	44758	19208	89	
8231	0	44755	19206	89	
8232	0	44752	19212	89	
8233	0	44758	19208	89	
8234	0	44754	19213	89	
8235	0	44765	19210	89	
8236	0	44761	19213	89	
8237	0	44765	19209	89	
8238	0	44769	19212	89	
8239	0	44770	19208	89	
8240	0	44765	19209	89	
8241	0	44773	19210	89	
8242	0	44768	19210	89	
8243	0	44776	19208	89	
8244	0	44779	19212	89	
8245	0	44780	19209	89	
8246	0	44781	19210	89	
8247	0	44789	19211	89	
8248	0	44792	19216	89	
8249	0	44796	19210	89	
8250	0	44801	19216	89	
8251	0	44800	19216	89	
8252	0	44798	19214	89	
8253	0	44801	19215	89	
8254	0	44802	19218	89	
8255	0	44799	19222	89	
8256	0	44805	19222	89	
8257	0	44805	19219	89	
8258	0	44804	19218	89	
8259	0	44811	19223	89	
8260	0	44809	19220	89	
8261	0	44814	19222	89	
8262	0	44810	19222	89	
8263	0	44815	19227	89	
8264	0	44821	19225	89	
8265	0	44819	19221	89	
8266	0	44818	19224	89	
8267	0	44816	19225	89	
8268	0	44822	19226	89	
8269	0	44824	19229	89	
8270	0	44823	19227	89	
8271	0	44824	19231	89	
8272	0	44830	19233	89	
8273	0	44831	19228	89	
8274	0	44829	19235	89	
8275	0	44838	19234	89	
8276	0	44841	19234	89	
8277	0	44837	19231	89	
8278	0	44843	19231	89	
8279	0	44841	19237	89	
8280	0	44849	19242	89	
8281	0	44843	19239	89	
8282	0	44845	19240	89	
8283	0	44849	19240	89	
8284	0	44840	19241	89	
8285	0	44827	19235	89	
8286	0	44811	19225	89	
8287	0	44804	19216	89	
8288	0	44792	19209	89	
8289	0	44780	19198	89	
8290	0	44759	19189	89	
8291	0	44752	19180	89	
8292	0	44749	19176	89	
8293	0	44746	19173	89	
8294	0	44748	19176	89	
8295	0	44743	19173	89	
8296	0	44747	19173	89	
8297	0	44751	19176	89	
8298	0	44750	19179	89	
8299	0	44757	19177	89	
8300	0	44758	19174	89	
8301	0	44759	19176	89	
8302	0	44760	19179	89	
8303	0	44763	19179	89	
8304	0	44765	19184	89	
8305	0	44772	19183	89	
8306	0	44780	19186	89	
8307	0	44780	19187	89	
8308	0	44779	19186	89	
8309	0	44773	19184	89	
8310	0	44769	19178	89	
8311	0	44763	19178	89	
8312	0	44766	19177	89	
8313	0	44756	19178	89	
8314	0	44758	19178	89	
8315	0	44759	19180	89	
8316	0	44761	19177	89	
8317	0	44760	19175	89	
8318	0	44761	19171	89	
8319	0	44761	19173	89	
8320	0	44761	19175	89	
8321	0	44766	19173	89	
8322	0	44760	19175	89	
8323	0	44765	19180	89	
8324	0	44771	19178	89	
8325	0	44773	19183	89	
8326	0	44773	19188	89	
8327	0	44781	19188	89	
8328	0	44786	19190	89	
8329	0	44792	19192	89	
8330	0	44796	19190	89	
8331	0	44798	19193	89	
8332	0	44798	19193	89	
8333	0	44809	19195	89	
8334	0	44801	19193	89	
8335	0	44807	19193	89	
8336	0	44811	19193	89	
8337	0	44809	19195	89	
8338	0	44804	19194	89	
8339	0	44812	19199	89	
8340	0	44814	19200	89	
8341	0	44808	19200	89	
8342	0	44819	19204	89	
8343	0	44823	19211	89	
8344	0	44825	19209	89	
8345	0	44824	19211	89	
8346	0	44831	19211	89	
8347	0	44831	19210	89	
8348	0	44835	19208	89	
8349	0	44833	19210	89	
8350	0	44831	19210	89	
8351	0	44835	19219	89	
8352	0	44834	19217	89	
8353	0	44837	19218	89	
8354	0	44845	19223	89	
8355	0	44850	19221	89	
8356	0	44856	19220	89	
8357	0	44850	19221	89	
8358	0	44858	19222	89	
8359	0	44856	19225	89	
8360	0	44854	19225	89	
8361	0	44848	19224	89	
8362	0	44842	19219	89	
8363	0	44839	19215	89	
8364	0	44816	19211	89	
8365	0	44807	19201	89	
8366	0	44787	19190	89	
8367	0	44772	19182	89	
8368	0	44757	19167	89	
8369	0	44739	19161	89	
8370	0	44733	19158	89	
8371	0	44730	19149	89	
8372	0	44727	19146	89	
8373	0	44731	19147	89	
8374	0	44725	19148	89	
8375	0	44734	19149	89	
8376	0	44731	19147	89	
8377	0	44727	19148	89	
8378	0	44717	19147	89	
8379	0	44725	19154	89	
8380	0	44732	19149	89	
8381	0	44729	19151	89	
8382	0	44737	19153	89	
8383	0	44737	19153	89	
8384	0	44739	19151	89	
8385	0	44741	19155	92	
8386	0	44735	19151	92	
8387	0	44738	19151	92	
8388	0	44732	19151	92	
8389	0	44720	19151	92	
8390	0	44732	19154	92	
8391	0	44731	19153	92	
8392	0	44733	19153	92	
8393	0	44734	19153	92	
8394	0	44740	19151	92	
8395	0	44741	19147	92	
8396	0	44737	19148	92	
8397	0	44740	19145	92	
8398	0	44743	19145	92	
8399	0	44745	19149	92	
8400	0	44745	19147	92	
8401	0	44750	19147	92	
8402	0	44752	19152	92	
8403	0	44758	19152	92	
8404	0	44764	19156	92	
8405	0	44762	19155	92	
8406	0	44774	19162	92	
8407	0	44775	19159	92	
8408	0	44773	19159	92	
8409	0	44775	19159	92	
8410	0	44779	19161	92	
8411	0	44783	19165	92	
8412	0	44794	19161	92	
8413	0	44789	19162	92	
8414	0	44795	19162	92	
8415	0	44792	19169	92	
8416	0	44792	19170	92	
8417	0	44792	19169	92	
8418	0	44801	19169	92	
8419	0	44801	19171	92	
8420	0	44800	19174	92	
8421	0	44802	19175	92	
8422	0	44802	19178	92	
8423	0	44808	19182	92	
8424	0	44808	19184	92	
8425	0	44808	19185	92	
8426	0	44810	19183	92	
8427	0	44815	19184	92	
8428	0	44821	19188	92	
8429	0	44829	19189	92	
8430	0	44837	19193	92	
8431	0	44833	19195	92	
8432	0	44840	19195	92	
8433	0	44840	19194	92	
8434	0	44846	19199	92	
8435	0	44850	19194	92	
8436	0	44844	19199	92	
8437	0	44847	19200	92	
8438	0	44850	19201	92	
8439	0	44851	19204	92	
8440	0	44852	19202	92	
8441	0	44842	19197	92	
8442	0	44823	19187	92	
8443	0	44807	19173	92	
8444	0	44796	19168	92	
8445	0	44780	19152	92	
8446	0	44760	19140	92	
8447	0	44749	19129	92	
8448	0	44738	19126	92	
8449	0	44736	19119	92	
8450	0	44727	19118	92	
8451	0	44731	19117	92	
8452	0	44726	19111	92	
8453	0	44737	19112	92	
8454	0	44742	19112	92	
8455	0	44745	19116	92	
8456	0	44746	19113	92	
8457	0	44744	19112	92	
8458	0	44747	19114	92	
8459	0	44746	19115	92	
8460	0	44745	19115	92	
8461	0	44738	19115	92	
8462	0	44743	19119	92	
8463	0	44743	19116	92	
8464	0	44747	19121	92	
8465	0	44748	19125	92	
8466	0	44754	19127	92	
8467	0	44746	19123	92	
8468	0	44756	19124	92	
8469	0	44759	19124	92	
8470	0	44754	19125	92	
8471	0	44759	19122	92	
8472	0	44752	19123	92	
8473	0	44755	19118	92	
8474	0	44751	19122	92	
8475	0	44757	19122	92	
8476	0	44758	19120	92	
8477	0	44754	19124	92	
8478	0	44759	19124	92	
8479	0	44772	19127	92	
8480	0	44776	19131	92	
8481	0	44781	19133	92	
8482	0	44787	19133	92	
8483	0	44783	19135	92	
8484	0	44793	19142	92	
8485	0	44796	19140	92	
8486	0	44799	19139	92	
8487	0	44802	19142	92	
8488	0	44803	19146	92	
8489	0	44806	19146	92	
8490	0	44816	19151	92	
8491	0	44814	19152	92	
8492	0	44820	19154	92	
8493	0	44828	19153	92	
8494	0	44831	19154	92	
8495	0	44835	19153	92	
8496	0	44830	19154	92	
8497	0	44835	19156	92	
8498	0	44829	19151	92	
8499	0	44837	19155	92	
8500	0	44837	19153	92	
8501	0	44843	19155	92	
8502	0	44843	19156	92	
8503	0	44843	19154	92	
8504	0	44851	19153	92	
8505	0	44842	19156	92	
8506	0	44845	19154	92	
8507	0	44849	19154	92	
8508	0	44849	19157	92	
8509	0	44850	19159	92	
8510	0	44855	19157	92	
8511	0	44853	19166	92	
8512	0	44858	19166	92	
8513	0	44873	19166	92	
8514	0	44874	19167	92	
8515	0	44879	19169	92	
8516	0	44882	19167	92	
8517	0	44883	19172	92	
8518	0	44883	19169	92	
8519	0	44876	19167	92	
8520	0	44864	19165	92	
8521	0	44851	19157	92	
8522	0	44834	19146	92	
8523	0	44815	19133	92	
8524	0	44795	19124	92	
8525	0	44787	19114	92	
8526	0	44774	19106	92	
8527	0	44762	19099	92	
8528	0	44753	19093	92	
8529	0	44758	19088	92	
8530	0	44747	19084	92	
8531	0	44753	19084	92	
8532	0	44748	19085	92	
8533	0	44747	19082	92	
8534	0	44752	19081	92	
8535	0	44752	19086	92	
8536	0	44756	19091	92	
8537	0	44753	19096	92	
8538	0	44758	19095	92	
8539	0	44763	19090	92	
8540	0	44765	19097	92	
8541	0	44772	19096	92	
8542	0	44780	19098	92	
8543	0	44771	19094	92	
8544	0	44771	19094	92	
8545	0	44769	19095	92	
8546	0	44762	19091	92	
8547	0	44765	19094	92	
8548	0	44759	19094	92	
8549	0	44760	19091	92	
8550	0	44759	19089	92	
8551	0	44762	19092	92	
8552	0	44768	19088	92	
8553	0	44764	19088	92	
8554	0	44769	19087	92	
8555	0	44767	19091	92	
8556	0	44766	19088	92	
8557	0	44766	19087	92	
8558	0	44773	19087	92	
8559	0	44778	19092	92	
8560	0	44778	19090	92	
8561	0	44782	19098	92	
8562	0	44785	19097	92	
8563	0	44795	19096	92	
8564	0	44798	19095	92	
8565	0	44797	19099	92	
8566	0	44797	19099	92	
8567	0	44795	19102	92	
8568	0	44799	19105	92	
8569	0	44805	19102	92	
8570	0	44801	19106	92	
8571	0	44809	19108	92	
8572	0	44818	19114	92	
8573	0	44816	19111	92	
8574	0	44817	19111	92	
8575	0	44822	19115	92	
8576	0	44822	19117	92	
8577	0	44821	19115	92	
8578	0	44822	19114	92	
8579	0	44822	19114	92	
8580	0	44830	19120	92	
8581	0	44830	19118	92	
8582	0	44831	19122	92	
8583	0	44834	19117	92	
8584	0	44839	19122	92	
8585	0	44834	19121	92	
8586	0	44836	19121	92	
8587	0	44837	19121	92	
8588	0	44836	19125	92	
8589	0	44845	19125	92	
8590	0	44854	19126	92	
8591	0	44852	19129	92	
8592	0	44854	19130	92	
8593	0	44849	19131	92	
8594	0	44863	19131	92	
8595	0	44860	19133	92	
8596	0	44864	19143	92	
8597	0	44858	19139	92	
8598	0	44855	19133	92	
8599	0	44843	19125	92	
8600	0	44823	19115	92	
8601	0	44812	19106	92	
8602	0	44796	19091	92	
8603	0	44776	19082	92	
8604	0	44761	19073	92	
8605	0	44753	19066	92	
8606	0	44745	19059	92	
8607	0	44741	19055	92	
8608	0	44738	19053	92	
8609	0	44744	19055	92	
8610	0	44739	19050	92	
8611	0	44742	19054	92	
8612	0	44750	19057	92	
8613	0	44755	19056	92	
8614	0	44757	19060	92	
8615	0	44757	19061	92	
8616	0	44756	19061	92	
8617	0	44762	19060	92	
8618	0	44763	19062	92	
8619	0	44772	19065	92	
8620	0	44772	19063	92	
8621	0	44766	19067	92	
8622	0	44775	19063	92	
8623	0	44766	19067	92	
8624	0	44772	19062	92	
8625	0	44762	19066	92	
8626	0	44764	19061	92	
8627	0	44759	19064	92	
8628	0	44759	19066	92	
8629	0	44763	19059	92	
8630	0	44757	19053	92	
8631	0	44760	19058	92	
8632	0	44762	19059	92	
8633	0	44765	19059	92	
8634	0	44763	19062	92	
8635	0	44767	19060	92	
8636	0	44775	19062	92	
8637	0	44777	19066	92	
8638	0	44773	19068	92	
8639	0	44776	19075	92	
8640	0	44788	19074	92	
8641	0	44798	19080	92	
8642	0	44800	19079	92	
8643	0	44799	19081	92	
8644	0	44809	19082	92	
8645	0	44805	19079	92	
8646	0	44808	19082	92	
8647	0	44812	19084	92	
8648	0	44808	19086	92	
8649	0	44811	19087	92	
8650	0	44816	19092	92	
8651	0	44815	19092	92	
8652	0	44824	19093	92	
8653	0	44829	19098	92	
8654	0	44833	19103	92	
8655	0	44831	19099	92	
8656	0	44827	19100	92	
8657	0	44828	19101	92	
8658	0	44831	19100	92	
8659	0	44834	19103	92	
8660	0	44833	19105	92	
8661	0	44838	19107	92	
8662	0	44844	19114	92	
8663	0	44846	19115	92	
8664	0	44852	19116	92	
8665	0	44867	19118	92	
8666	0	44863	19119	92	
8667	0	44866	19121	92	
8668	0	44868	19122	92	
8669	0	44877	19126	92	
8670	0	44872	19125	92	
8671	0	44881	19129	92	
8672	0	44878	19127	92	
8673	0	44875	19130	92	
8674	0	44875	19126	92	
8675	0	44869	19123	92	
8676	0	44858	19116	92	
8677	0	44848	19110	92	
8678	0	44825	19095	92	
8679	0	44805	19084	92	
8680	0	44795	19074	92	
8681	0	44780	19062	92	
8682	0	44764	19049	92	
8683	0	44748	19045	92	
8684	0	44745	19039	92	
8685	0	44738	19034	94	
8686	0	44739	19033	94	
8687	0	44741	19033	94	
8688	0	44743	19034	94	
8689	0	44746	19036	94	
8690	0	44743	19033	94	
8691	0	44746	19032	94	
8692	0	44746	19033	94	
8693	0	44751	19032	94	
8694	0	44746	19038	94	
8695	0	44748	19036	94	
8696	0	44752	19036	94	
8697	0	44757	19037	94	
8698	0	44759	19040	94	
8699	0	44752	19044	94	
8700	0	44757	19040	94	
8701	0	44763	19039	94	
8702	0	44758	19041	94	
8703	0	44757	19037	94	
8704	0	44761	19039	94	
8705	0	44754	19036	94	
8706	0	44752	19035	94	
8707	0	44754	19030	94	
8708	0	44755	19029	94	
8709	0	44750	19031	94	
8710	0	44762	19033	94	
8711	0	44760	19037	94	
8712	0	44765	19042	94	
8713	0	44768	19042	94	
8714	0	44770	19041	94	
8715	0	44770	19040	94	
8716	0	44774	19045	94	
8717	0	44779	19051	94	
8718	0	44781	19053	94	
8719	0	44786	19056	94	
8720	0	44791	19061	94	
8721	0	44801	19065	94	
8722	0	44805	19068	94	
8723	0	44804	19070	94	
8724	0	44816	19072	94	
8725	0	44812	19075	94	
8726	0	44818	19077	94	
8727	0	44818	19077	94	
8728	0	44824	19076	94	
8729	0	44822	19078	94	
8730	0	44826	19081	94	
8731	0	44820	19082	94	
8732	0	44829	19089	94	
8733	0	44827	19089	94	
8734	0	44834	19090	94	
8735	0	44834	19091	94	
8736	0	44835	19092	94	
8737	0	44843	19095	94	
8738	0	44849	19096	94	
8739	0	44851	19097	94	
8740	0	44849	19095	94	
8741	0	44846	19094	94	
8742	0	44853	19098	94	
8743	0	44846	19101	94	
8744	0	44855	19102	94	
8745	0	44859	19110	94	
8746	0	44857	19114	94	
8747	0	44863	19120	94	
8748	0	44876	19119	94	
8749	0	44879	19122	94	
8750	0	44888	19121	94	
8751	0	44885	19126	94	
8752	0	44886	19128	94	
8753	0	44894	19128	94	
8754	0	44894	19132	94	
8755	0	44894	19131	94	
8756	0	44885	19131	94	
8757	0	44878	19129	94	
8758	0	44869	19119	94	
8759	0	44851	19107	94	
8760	0	44834	19095	94	
8761	0	44819	19081	94	
8762	0	44799	19067	94	
8763	0	44779	19057	94	
8764	0	44767	19045	94	
8765	0	44755	19035	94	
8766	0	44746	19029	94	
8767	0	44746	19025	94	
8768	0	44747	19026	94	
8769	0	44748	19024	94	
8770	0	44747	19026	94	
8771	0	44748	19026	94	
8772	0	44757	19027	94	
8773	0	44753	19029	94	
8774	0	44760	19028	94	
8775	0	44761	19033	94	
8776	0	44754	19029	94	
8777	0	44757	19031	94	
8778	0	44761	19030	94	
8779	0	44767	19029	94	
8780	0	44768	19030	94	
8781	0	44772	19031	94	
8782	0	44761	19028	94	
8783	0	44772	19029	94	
8784	0	44768	19028	94	
8785	0	44766	19026	94	
8786	0	44764	19026	94	
8787	0	44755	19025	94	
8788	0	44753	19021	94	
8789	0	44753	19021	94	
8790	0	44753	19025	94	
8791	0	44763	19020	94	
8792	0	44756	19024	94	
8793	0	44769	19025	94	
8794	0	44773	19026	94	
8795	0	44778	19027	94	
8796	0	44782	19026	94	
8797	0	44781	19031	94	
8798	0	44786	19031	94	
8799	0	44787	19035	94	
8800	0	44794	19040	94	
8801	0	44787	19041	94	
8802	0	44797	19043	94	
8803	0	44800	19049	94	
8804	0	44801	19049	94	
8805	0	44808	19050	94	
8806	0	44815	19054	94	
8807	0	44819	19055	94	
8808	0	44829	19057	94	
8809	0	44823	19058	94	
8810	0	44826	19058	94	
8811	0	44830	19061	94	
8812	0	44829	19063	94	
8813	0	44828	19067	94	
8814	0	44831	19067	94	
8815	0	44830	19067	94	
8816	0	44837	19072	94	
8817	0	44841	19075	94	
8818	0	44842	19077	94	
8819	0	44847	19076	94	
8820	0	44851	19082	94	
8821	0	44855	19083	94	
8822	0	44860	19085	94	
8823	0	44853	19083	94	
8824	0	44854	19084	94	
8825	0	44868	19088	94	
8826	0	44869	19092	94	
8827	0	44863	19095	94	
8828	0	44869	19093	94	
8829	0	44875	19095	94	
8830	0	44873	19100	94	
8831	0	44883	19099	94	
8832	0	44885	19106	94	
8833	0	44895	19107	94	
8834	0	44896	19107	94	
8835	0	44893	19109	94	
8836	0	44905	19108	94	
8837	0	44900	19110	94	
8838	0	44907	19116	94	
8839	0	44908	19115	94	
8840	0	44913	19117	94	
8841	0	44906	19124	94	
8842	0	44908	19120	94	
8843	0	44900	19120	94	
8844	0	44883	19108	94	
8845	0	44865	19095	94	
8846	0	44847	19078	94	
8847	0	44829	19064	94	
8848	0	44801	19052	94	
8849	0	44784	19040	94	
8850	0	44773	19033	94	
8851	0	44766	19024	94	
8852	0	44757	19018	94	
8853	0	44758	19015	94	
8854	0	44758	19019	94	
8855	0	44766	19015	94	
8856	0	44768	19012	94	
8857	0	44769	19014	94	
8858	0	44772	19018	94	
8859	0	44770	19018	94	
8860	0	44772	19019	94	
8861	0	44774	19018	94	
8862	0	44776	19023	94	
8863	0	44779	19022	94	
8864	0	44790	19025	94	
8865	0	44778	19023	94	
8866	0	44785	19024	94	
8867	0	44780	19025	94	
8868	0	44778	19023	94	
8869	0	44780	19024	94	
8870	0	44779	19022	94	
8871	0	44771	19022	94	
8872	0	44776	19020	94	
8873	0	44777	19018	94	
8874	0	44779	19019	94	
8875	0	44776	19016	94	
8876	0	44772	19014	94	
8877	0	44774	19016	94	
8878	0	44776	19015	94	
8879	0	44769	19017	94	
8880	0	44771	19015	94	
8881	0	44777	19018	94	
8882	0	44782	19022	94	
8883	0	44791	19027	94	
8884	0	44795	19026	94	
8885	0	44805	19030	94	
8886	0	44797	19034	94	
8887	0	44802	19032	94	
8888	0	44806	19036	94	
8889	0	44813	19042	94	
8890	0	44817	19040	94	
8891	0	44818	19046	94	
8892	0	44820	19041	94	
8893	0	44818	19046	94	
8894	0	44828	19049	94	
8895	0	44825	19052	94	
8896	0	44830	19052	94	
8897	0	44829	19054	94	
8898	0	44838	19064	94	
8899	0	44839	19064	94	
8900	0	44842	19061	94	
8901	0	44847	19065	94	
8902	0	44847	19066	94	
8903	0	44852	19065	94	
8904	0	44845	19065	94	
8905	0	44849	19068	94	
8906	0	44848	19069	94	
8907	0	44860	19071	94	
8908	0	44867	19076	94	
8909	0	44867	19074	94	
8910	0	44865	19078	94	
8911	0	44866	19081	94	
8912	0	44870	19080	94	
8913	0	44871	19078	94	
8914	0	44880	19081	94	
8915	0	44874	19088	94	
8916	0	44878	19083	94	
8917	0	44888	19090	94	
8918	0	44890	19092	94	
8919	0	44899	19092	94	
8920	0	44902	19096	94	
8921	0	44905	19099	94	
8922	0	44902	19097	94	
8923	0	44904	19100	94	
8924	0	44909	19103	94	
8925	0	44901	19096	94	
8926	0	44885	19092	94	
8927	0	44863	19081	94	
8928	0	44850	19062	94	
8929	0	44827	19048	94	
8930	0	44799	19036	94	
8931	0	44788	19020	94	
8932	0	44771	19014	94	
8933	0	44761	19007	94	
8934	0	44749	19000	94	
8935	0	44753	18998	94	
8936	0	44745	18996	94	
8937	0	44744	18992	94	
8938	0	44754	18993	94	
8939	0	44756	18995	94	
8940	0	44759	18998	94	
8941	0	44758	18998	94	
8942	0	44755	18997	94	
8943	0	44758	19000	94	
8944	0	44758	19000	94	
8945	0	44759	19003	94	
8946	0	44769	19008	94	
8947	0	44771	19005	94	
8948	0	44777	19013	94	
8949	0	44775	19013	94	
8950	0	44773	19009	94	
8951	0	44776	19009	94	
8952	0	44769	19005	94	
8953	0	44771	19003	94	
8954	0	44763	19000	94	
8955	0	44760	19001	94	
8956	0	44754	18998	94	
8957	0	44758	18999	94	
8958	0	44755	18999	94	
8959	0	44764	19004	94	
8960	0	44760	19003	94	
8961	0	44773	19003	94	
8962	0	44769	19006	94	
8963	0	44781	19006	94	
8964	0	44779	19010	94	
8965	0	44777	19008	94	
8966	0	44776	19015	94	
8967	0	44785	19011	94	
8968	0	44784	19019	94	
8969	0	44785	19021	94	
8970	0	44791	19029	94	
8971	0	44806	19033	94	
8972	0	44808	19037	94	
8973	0	44815	19043	94	
8974	0	44822	19048	94	
8975	0	44821	19049	94	
8976	0	44830	19051	94	
8977	0	44825	19050	94	
8978	0	44825	19055	94	
8979	0	44828	19056	94	
8980	0	44829	19061	94	
8981	0	44837	19061	94	
8982	0	44832	19065	94	
8983	0	44848	19065	94	
8984	0	44845	19068	94	
8985	0	44854	19071	94	
8986	0	44852	19071	94	
8987	0	44859	19072	94	
8988	0	44859	19075	94	
8989	0	44859	19078	94	
8990	0	44858	19075	94	
8991	0	44857	19076	94	
8992	0	44867	19081	94	
8993	0	44869	19082	94	
8994	0	44875	19084	94	
8995	0	44874	19084	94	
8996	0	44881	19090	94	
8997	0	44877	19089	94	
8998	0	44884	19091	94	
8999	0	44894	19093	94	
9000	0	44895	19095	94	
9001	0	44902	19097	94	
9002	0	44899	19103	94	
9003	0	44902	19104	94	
9004	0	44906	19102	94	
9005	0	44907	19113	94	
9006	0	44913	19108	94	
9007	0	44908	19109	94	
9008	0	44895	19108	94	
9009	0	44884	19096	94	
9010	0	44865	19082	94	
9011	0	44838	19068	94	
9012	0	44813	19060	94	
9013	0	44798	19044	94	
9014	0	44774	19030	94	
9015	0	44762	19017	94	
9016	0	44754	19012	94	
9017	0	44738	18998	94	
9018	0	44745	18998	94	
9019	0	44745	18996	94	
9020	0	44745	18998	94	
9021	0	44740	18996	94	
9022	0	44737	18996	94	
9023	0	44748	18993	94	
9024	0	44751	19002	94	
9025	0	44747	19002	94	
9026	0	44746	18999	94	
9027	0	44745	18998	94	
9028	0	44758	18997	94	
9029	0	44760	19000	94	
9030	0	44760	18999	94	
9031	0	44762	19003	94	
9032	0	44761	19004	94	
9033	0	44759	19002	94	
9034	0	44756	19004	94	
9035	0	44746	19003	94	
9036	0	44751	18999	94	
9037	0	44756	19006	94	
9038	0	44753	19005	94	
9039	0	44756	19005	94	
9040	0	44752	19000	94	
9041	0	44758	18999	94	
9042	0	44754	18999	94	
9043	0	44749	18999	94	
9044	0	44746	18999	94	
9045	0	44749	19003	94	
9046	0	44750	19005	94	
9047	0	44759	19009	94	
9048	0	44760	19013	94	
9049	0	44774	19019	94	
9050	0	44769	19022	94	
9051	0	44775	19025	94	
9052	0	44782	19028	94	
9053	0	44786	19035	94	
9054	0	44784	19037	94	
9055	0	44796	19044	94	
9056	0	44801	19045	94	
9057	0	44803	19048	94	
9058	0	44815	19055	94	
9059	0	44819	19055	94	
9060	0	44827	19060	94	
9061	0	44823	19063	94	
9062	0	44833	19064	94	
9063	0	44829	19068	94	
9064	0	44835	19071	94	
9065	0	44839	19070	94	
9066	0	44836	19076	94	
9067	0	44837	19073	94	
9068	0	44841	19077	94	
9069	0	44854	19079	94	
9070	0	44855	19078	94	
9071	0	44853	19081	94	
9072	0	44860	19085	94	
9073	0	44858	19083	94	
9074	0	44862	19088	94	
9075	0	44862	19086	94	
9076	0	44862	19093	94	
9077	0	44874	19093	94	
9078	0	44875	19098	94	
9079	0	44877	19098	94	
9080	0	44881	19100	94	
9081	0	44884	19102	94	
9082	0	44895	19106	94	
9083	0	44898	19106	94	
9084	0	44903	19110	94	
9085	0	44907	19112	94	
9086	0	44906	19113	94	
9087	0	44914	19116	94	
9088	0	44918	19121	94	
9089	0	44911	19116	94	
9090	0	44904	19118	94	
9091	0	44897	19108	94	
9092	0	44880	19100	94	
9093	0	44857	19088	94	
9094	0	44838	19074	94	
9095	0	44814	19056	94	
9096	0	44795	19042	94	
9097	0	44773	19030	94	
9098	0	44761	19022	94	
9099	0	44744	19011	94	
9100	0	44740	19005	94	
9101	0	44737	19004	94	
9102	0	44736	18999	94	
9103	0	44732	19003	94	
9104	0	44740	18999	94	
9105	0	44740	19005	94	
9106	0	44745	19007	94	
9107	0	44746	19004	94	
9108	0	44751	19006	94	
9109	0	44753	19010	94	
9110	0	44756	19007	94	
9111	0	44757	19012	94	
9112	0	44760	19011	94	
9113	0	44756	19011	94	
9114	0	44753	19012	94	
9115	0	44759	19014	94	
9116	0	44753	19016	94	
9117	0	44758	19016	94	
9118	0	44757	19013	94	
9119	0	44759	19018	94	
9120	0	44753	19013	94	
9121	0	44756	19013	94	
9122	0	44754	19007	94	
9123	0	44748	19001	94	
9124	0	44751	19004	94	
9125	0	44750	19003	94	
9126	0	44750	19005	94	
9127	0	44749	19002	94	
9128	0	44759	19008	94	
9129	0	44760	19011	94	
9130	0	44769	19013	94	
9131	0	44770	19012	94	
9132	0	44765	19012	94	
9133	0	44772	19014	94	
9134	0	44778	19018	94	
9135	0	44772	19014	94	
9136	0	44774	19018	94	
9137	0	44783	19025	94	
9138	0	44793	19027	94	
9139	0	44793	19031	94	
9140	0	44801	19032	94	
9141	0	44802	19028	94	
9142	0	44809	19030	94	
9143	0	44807	19035	94	
9144	0	44812	19036	94	
9145	0	44817	19037	94	
9146	0	44820	19034	94	
9147	0	44817	19031	94	
9148	0	44815	19031	94	
9149	0	44815	19030	94	
9150	0	44818	19030	94	
9151	0	44822	19031	94	
9152	0	44821	19035	94	
9153	0	44826	19030	94	
9154	0	44821	19028	94	
9155	0	44821	19028	94	
9156	0	44831	19031	94	
9157	0	44821	19030	94	
9158	0	44823	19030	94	
9159	0	44831	19030	94	
9160	0	44831	19033	94	
9161	0	44831	19032	94	
9162	0	44833	19035	94	
9163	0	44837	19039	94	
9164	0	44840	19043	94	
9165	0	44841	19042	94	
9166	0	44852	19045	94	
9167	0	44853	19044	94	
9168	0	44850	19051	94	
9169	0	44851	19048	94	
9170	0	44846	19050	94	
9171	0	44841	19039	94	
9172	0	44817	19033	94	
9173	0	44804	19019	94	
9174	0	44780	19006	94	
9175	0	44758	18989	94	
9176	0	44742	18976	94	
9177	0	44718	18966	94	
9178	0	44710	18953	94	
9179	0	44705	18945	94	
9180	0	44695	18940	94	
9181	0	44699	18939	94	
9182	0	44691	18935	94	
9183	0	44688	18934	94	
9184	0	44682	18934	94	
9185	0	44694	18938	94	
9186	0	44692	18945	94	
9187	0	44696	18944	94	
9188	0	44707	18948	94	
9189	0	44702	18947	94	
9190	0	44708	18946	94	
9191	0	44706	18955	94	
9192	0	44714	18955	94	
9193	0	44709	18961	94	
9194	0	44713	18961	94	
9195	0	44721	18966	94	
9196	0	44712	18966	94	
9197	0	44718	18969	94	
9198	0	44717	18967	94	
9199	0	44711	18965	94	
9200	0	44703	18965	94	
9201	0	44702	18965	94	
9202	0	44707	18963	94	
9203	0	44702	18967	94	
9204	0	44701	18966	94	
9205	0	44701	18963	94	
9206	0	44710	18970	94	
9207	0	44714	18973	94	
9208	0	44711	18979	94	
9209	0	44714	18982	94	
9210	0	44724	18981	94	
9211	0	44734	18989	94	
9212	0	44733	18994	94	
9213	0	44737	19001	94	
9214	0	44748	19005	94	
9215	0	44745	19011	94	
9216	0	44752	19012	94	
9217	0	44757	19021	94	
9218	0	44767	19025	94	
9219	0	44775	19033	94	
9220	0	44779	19033	94	
9221	0	44780	19033	94	
9222	0	44786	19042	94	
9223	0	44791	19046	94	
9224	0	44795	19050	94	
9225	0	44797	19049	94	
9226	0	44808	19054	94	
9227	0	44809	19059	94	
9228	0	44818	19059	94	
9229	0	44820	19058	94	
9230	0	44824	19062	94	
9231	0	44818	19056	94	
9232	0	44824	19061	94	
9233	0	44822	19058	94	
9234	0	44824	19060	94	
9235	0	44829	19068	94	
9236	0	44835	19071	94	
9237	0	44830	19069	94	
9238	0	44841	19073	94	
9239	0	44844	19079	94	
9240	0	44848	19083	94	
9241	0	44859	19085	94	
9242	0	44862	19087	94	
9243	0	44869	19091	94	
9244	0	44870	19091	94	
9245	0	44875	19093	94	
9246	0	44872	19096	94	
9247	0	44869	19095	94	
9248	0	44870	19091	94	
9249	0	44851	19081	94	
9250	0	44828	19069	94	
9251	0	44801	19054	94	
9252	0	44786	19041	94	
9253	0	44768	19025	94	
9254	0	44744	19010	94	
9255	0	44737	18997	94	
9256	0	44720	18985	94	
9257	0	44710	18975	94	
9258	0	44697	18971	94	
9259	0	44693	18966	94	
9260	0	44694	18965	94	
9261	0	44697	18971	94	
9262	0	44699	18968	94	
9263	0	44699	18969	94	
9264	0	44703	18972	94	
9265	0	44704	18967	94	
9266	0	44707	18971	94	
9267	0	44707	18970	94	
9268	0	44705	18970	94	
9269	0	44703	18970	94	
9270	0	44705	18969	94	
9271	0	44713	18975	94	
9272	0	44712	18974	94	
9273	0	44712	18973	94	
9274	0	44707	18976	94	
9275	0	44716	18979	94	
9276	0	44716	18979	94	
9277	0	44711	18974	94	
9278	0	44712	18972	94	
9279	0	44710	18969	94	
9280	0	44708	18969	94	
9281	0	44706	18967	94	
9282	0	44699	18967	94	
9283	0	44705	18965	94	
9284	0	44700	18968	94	
9285	0	44710	18973	95	
9286	0	44718	18974	95	
9287	0	44723	18976	95	
9288	0	44727	18979	95	
9289	0	44731	18987	95	
9290	0	44734	18981	95	
9291	0	44739	18981	95	
9292	0	44746	18988	95	
9293	0	44741	18988	95	
9294	0	44740	18990	95	
9295	0	44748	18996	95	
9296	0	44754	18999	95	
9297	0	44756	19004	95	
9298	0	44771	19004	95	
9299	0	44768	19008	95	
9300	0	44767	19012	95	
9301	0	44771	19009	95	
9302	0	44777	19013	95	
9303	0	44778	19008	95	
9304	0	44777	19010	95	
9305	0	44788	19014	95	
9306	0	44793	19015	95	
9307	0	44788	19013	95	
9308	0	44793	19010	95	
9309	0	44800	19017	95	
9310	0	44795	19015	95	
9311	0	44798	19013	95	
9312	0	44796	19015	95	
9313	0	44802	19017	95	
9314	0	44799	19017	95	
9315	0	44805	19024	95	
9316	0	44816	19025	95	
9317	0	44821	19025	95	
9318	0	44821	19027	95	
9319	0	44826	19029	95	
9320	0	44834	19031	95	
9321	0	44831	19033	95	
9322	0	44831	19030	95	
9323	0	44819	19029	95	
9324	0	44814	19022	95	
9325	0	44790	19008	95	
9326	0	44764	18994	95	
9327	0	44742	18975	95	
9328	0	44723	18961	95	
9329	0	44701	18949	95	
9330	0	44685	18932	95	
9331	0	44672	18920	95	
9332	0	44660	18910	95	
9333	0	44660	18907	95	
9334	0	44650	18907	95	
9335	0	44658	18904	95	
9336	0	44658	18905	95	
9337	0	44661	18900	95	
9338	0	44663	18906	95	
9339	0	44662	18902	95	
9340	0	44657	18901	95	
9341	0	44654	18903	95	
9342	0	44657	18904	95	
9343	0	44656	18900	95	
9344	0	44660	18907	95	
9345	0	44658	18905	95	
9346	0	44668	18906	95	
9347	0	44675	18908	95	
9348	0	44671	18907	95	
9349	0	44669	18904	95	
9350	0	44668	18902	95	
9351	0	44668	18903	95	
9352	0	44668	18904	95	
9353	0	44659	18900	95	
9354	0	44658	18899	95	
9355	0	44650	18895	95	
9356	0	44654	18894	95	
9357	0	44657	18897	95	
9358	0	44665	18902	95	
9359	0	44662	18899	95	
9360	0	44667	18894	95	
9361	0	44666	18897	95	
9362	0	44662	18900	95	
9363	0	44665	18904	95	
9364	0	44672	18907	95	
9365	0	44674	18910	95	
9366	0	44673	18914	95	
9367	0	44681	18915	95	
9368	0	44681	18924	95	
9369	0	44684	18927	95	
9370	0	44688	18932	95	
9371	0	44695	18933	95	
9372	0	44702	18937	95	
9373	0	44703	18943	95	
9374	0	44708	18946	95	
9375	0	44718	18949	95	
9376	0	44719	18953	95	
9377	0	44725	18957	95	
9378	0	44723	18959	95	
9379	0	44730	18964	95	
9380	0	44730	18965	95	
9381	0	44736	18965	95	
9382	0	44740	18966	95	
9383	0	44745	18965	95	
9384	0	44746	18967	95	
9385	0	44751	18962	95	
9386	0	44744	18964	95	
9387	0	44747	18965	95	
9388	0	44748	18967	95	
9389	0	44748	18968	95	
9390	0	44747	18970	95	
9391	0	44744	18977	95	
9392	0	44753	18981	95	
9393	0	44767	18988	95	
9394	0	44774	18993	95	
9395	0	44781	18995	95	
9396	0	44782	18997	95	
9397	0	44787	18994	95	
9398	0	44780	18994	95	
9399	0	44774	18988	95	
9400	0	44750	18981	95	
9401	0	44747	18967	95	
9402	0	44717	18954	95	
9403	0	44699	18936	95	
9404	0	44678	18927	95	
9405	0	44661	18909	95	
9406	0	44640	18892	95	
9407	0	44630	18884	95	
9408	0	44619	18878	95	
9409	0	44608	18874	95	
9410	0	44609	18872	95	
9411	0	44596	18870	95	
9412	0	44602	18871	95	
9413	0	44604	18870	95	
9414	0	44605	18869	95	
9415	0	44611	18878	95	
9416	0	44615	18879	95	
9417	0	44620	18883	95	
9418	0	44624	18884	95	
9419	0	44627	18884	95	
9420	0	44628	18886	95	
9421	0	44624	18890	95	
9422	0	44635	18889	95	
9423	0	44632	18887	95	
9424	0	44634	18886	95	
9425	0	44632	18884	95	
9426	0	44628	18880	95	
9427	0	44626	18877	95	
9428	0	44615	18875	95	
9429	0	44613	18878	95	
9430	0	44620	18874	95	
9431	0	44618	18869	95	
9432	0	44622	18872	95	
9433	0	44620	18869	95	
9434	0	44624	18868	95	
9435	0	44622	18867	95	
9436	0	44615	18871	95	
9437	0	44623	18870	95	
9438	0	44627	18872	95	
9439	0	44625	18877	95	
9440	0	44635	18876	95	
9441	0	44643	18878	95	
9442	0	44646	18882	95	
9443	0	44657	18886	95	
9444	0	44658	18887	95	
9445	0	44660	18887	95	
9446	0	44662	18887	95	
9447	0	44660	18889	95	
9448	0	44663	18891	95	
9449	0	44656	18893	95	
9450	0	44670	18897	95	
9451	0	44666	18901	95	
9452	0	44673	18898	95	
9453	0	44671	18902	95	
9454	0	44671	18898	95	
9455	0	44678	18903	95	
9456	0	44679	18908	95	
9457	0	44684	18904	95	
9458	0	44680	18902	95	
9459	0	44683	18904	95	
9460	0	44681	18905	95	
9461	0	44684	18909	95	
9462	0	44692	18910	95	
9463	0	44690	18908	95	
9464	0	44689	18912	95	
9465	0	44691	18911	95	
9466	0	44700	18918	95	
9467	0	44703	18922	95	
9468	0	44709	18920	95	
9469	0	44713	18920	95	
9470	0	44723	18924	95	
9471	0	44720	18926	95	
9472	0	44724	18925	95	
9473	0	44707	18919	95	
9474	0	44694	18907	95	
9475	0	44668	18893	95	
9476	0	44652	18875	95	
9477	0	44630	18864	95	
9478	0	44603	18842	95	
9479	0	44586	18828	95	
9480	0	44569	18821	95	
9481	0	44556	18813	95	
9482	0	44549	18807	95	
9483	0	44543	18802	95	
9484	0	44544	18798	95	
9485	0	44549	18802	95	
9486	0	44544	18801	95	
9487	0	44537	18800	95	
9488	0	44547	18805	95	
9489	0	44541	18806	95	
9490	0	44548	18805	95	
9491	0	44550	18802	95	
9492	0	44545	18806	95	
9493	0	44550	18808	95	
9494	0	44544	18811	95	
9495	0	44544	18817	95	
9496	0	44551	18819	95	
9497	0	44553	18823	95	
9498	0	44564	18825	95	
9499	0	44563	18826	95	
9500	0	44557	18822	95	
9501	0	44562	18822	95	
9502	0	44556	18820	95	
9503	0	44561	18817	95	
9504	0	44558	18817	95	
9505	0	44560	18816	95	
9506	0	44550	18814	95	
9507	0	44554	18815	95	
9508	0	44552	18816	95	
9509	0	44555	18819	95	
9510	0	44563	18826	95	
9511	0	44574	18822	95	
9512	0	44583	18829	95	
9513	0	44587	18830	95	
9514	0	44584	18832	95	
9515	0	44593	18835	95	
9516	0	44588	18835	95	
9517	0	44598	18837	95	
9518	0	44600	18841	95	
9519	0	44609	18846	95	
9520	0	44609	18851	95	
9521	0	44611	18851	95	
9522	0	44619	18857	95	
9523	0	44623	18856	95	
9524	0	44627	18855	95	
9525	0	44629	18864	95	
9526	0	44628	18859	95	
9527	0	44626	18863	95	
9528	0	44638	18864	95	
9529	0	44640	18867	95	
9530	0	44644	18871	95	
9531	0	44638	18872	95	
9532	0	44639	18871	95	
9533	0	44645	18871	95	
9534	0	44639	18876	95	
9535	0	44649	18876	95	
9536	0	44650	18878	95	
9537	0	44656	18880	95	
9538	0	44653	18881	95	
9539	0	44656	18889	95	
9540	0	44661	18887	95	
9541	0	44660	18890	95	
9542	0	44670	18894	95	
9543	0	44676	18899	95	
9544	0	44674	18897	95	
9545	0	44682	18901	95	
9546	0	44688	18908	95	
9547	0	44698	18910	95	
9548	0	44697	18911	95	
9549	0	44688	18907	95	
9550	0	44683	18905	95	
9551	0	44657	18895	95	
9552	0	44647	18881	95	
9553	0	44620	18863	95	
9554	0	44591	18847	95	
9555	0	44572	18826	95	
9556	0	44539	18816	95	
9557	0	44526	18799	95	
9558	0	44516	18790	95	
9559	0	44505	18782	95	
9560	0	44502	18779	95	
9561	0	44499	18776	95	
9562	0	44499	18776	95	
9563	0	44502	18778	95	
9564	0	44494	18777	95	
9565	0	44507	18783	95	
9566	0	44503	18779	95	
9567	0	44497	18779	95	
9568	0	44500	18780	95	
9569	0	44502	18781	95	
9570	0	44497	18783	95	
9571	0	44504	18783	95	
9572	0	44506	18789	95	
9573	0	44517	18792	95	
9574	0	44517	18794	95	
9575	0	44518	18794	95	
9576	0	44524	18791	95	
9577	0	44520	18793	95	
9578	0	44517	18792	95	
9579	0	44521	18792	95	
9580	0	44510	18790	95	
9581	0	44506	18787	95	
9582	0	44513	18788	95	
9583	0	44515	18785	95	
9584	0	44521	18790	95	
9585	0	44515	18787	95	
9586	0	44519	18791	95	
9587	0	44524	18789	95	
9588	0	44526	18793	95	
9589	0	44535	18796	95	
9590	0	44534	18797	95	
9591	0	44537	18799	95	
9592	0	44544	18802	95	
9593	0	44546	18806	95	
9594	0	44559	18813	95	
9595	0	44567	18810	95	
9596	0	44567	18816	95	
9597	0	44579	18821	95	
9598	0	44581	18819	95	
9599	0	44575	18825	95	
9600	0	44582	18826	95	
9601	0	44582	18829	95	
9602	0	44583	18830	95	
9603	0	44587	18831	95	
9604	0	44594	18837	95	
9605	0	44606	18841	95	
9606	0	44607	18843	95	
9607	0	44610	18847	95	
9608	0	44617	18849	95	
9609	0	44617	18852	95	
9610	0	44619	18853	95	
9611	0	44624	18854	95	
9612	0	44624	18855	95	
9613	0	44617	18862	95	
9614	0	44625	18864	95	
9615	0	44628	18868	95	
9616	0	44636	18872	95	
9617	0	44650	18875	95	
9618	0	44648	18877	95	
9619	0	44655	18879	95	
9620	0	44658	18880	95	
9621	0	44666	18884	95	
9622	0	44669	18888	95	
9623	0	44668	18888	95	
9624	0	44677	18890	95	
9625	0	44679	18891	95	
9626	0	44682	18895	95	
9627	0	44697	18901	95	
9628	0	44697	18901	95	
9629	0	44706	18907	95	
9630	0	44708	18908	95	
9631	0	44707	18912	95	
9632	0	44705	18914	95	
9633	0	44704	18912	95	
9634	0	44699	18904	95	
9635	0	44671	18894	95	
9636	0	44658	18875	95	
9637	0	44624	18854	95	
9638	0	44596	18839	95	
9639	0	44573	18823	95	
9640	0	44541	18807	95	
9641	0	44527	18793	95	
9642	0	44517	18788	95	
9643	0	44509	18780	95	
9644	0	44517	18775	95	
9645	0	44513	18771	95	
9646	0	44507	18773	95	
9647	0	44511	18776	95	
9648	0	44506	18771	95	
9649	0	44503	18772	95	
9650	0	44503	18772	95	
9651	0	44506	18777	95	
9652	0	44504	18775	95	
9653	0	44512	18779	95	
9654	0	44516	18778	95	
9655	0	44517	18780	95	
9656	0	44520	18781	95	
9657	0	44521	18785	95	
9658	0	44522	18788	95	
9659	0	44528	18785	95	
9660	0	44525	18786	95	
9661	0	44525	18786	95	
9662	0	44525	18786	95	
9663	0	44521	18785	95	
9664	0	44526	18786	95	
9665	0	44528	18786	95	
9666	0	44526	18789	95	
9667	0	44532	18786	95	
9668	0	44528	18785	95	
9669	0	44532	18784	95	
9670	0	44529	18787	95	
9671	0	44537	18787	95	
9672	0	44538	18791	95	
9673	0	44541	18795	95	
9674	0	44548	18796	95	
9675	0	44551	18800	95	
9676	0	44561	18801	95	
9677	0	44570	18806	95	
9678	0	44571	18809	95	
9679	0	44576	18813	95	
9680	0	44574	18815	95	
9681	0	44585	18814	95	
9682	0	44596	18820	95	
9683	0	44593	18821	95	
9684	0	44594	18823	95	
9685	0	44596	18829	95	
9686	0	44605	18827	95	
9687	0	44609	18831	95	
9688	0	44614	18835	95	
9689	0	44618	18835	95	
9690	0	44620	18839	95	
9691	0	44630	18836	95	
9692	0	44629	18835	95	
9693	0	44625	18839	95	
9694	0	44633	18840	95	
9695	0	44632	18841	95	
9696	0	44633	18843	95	
9697	0	44639	18843	95	
9698	0	44642	18841	95	
9699	0	44642	18842	95	
9700	0	44644	18843	95	
9701	0	44641	18848	95	
9702	0	44651	18846	95	
9703	0	44660	18850	95	
9704	0	44666	18846	95	
9705	0	44659	18848	95	
9706	0	44663	18852	95	
9707	0	44661	18852	95	
9708	0	44662	18854	95	
9709	0	44669	18859	95	
9710	0	44672	18858	95	
9711	0	44671	18858	95	
9712	0	44684	18863	95	
9713	0	44687	18869	95	
9714	0	44685	18871	95	
9715	0	44692	18873	95	
9716	0	44690	18872	95	
9717	0	44691	18877	95	
9718	0	44686	18876	95	
9719	0	44676	18872	95	
9720	0	44664	18865	95	
9721	0	44647	18854	95	
9722	0	44626	18843	95	
9723	0	44603	18828	95	
9724	0	44579	18811	95	
9725	0	44554	18792	95	
9726	0	44533	18778	95	
9727	0	44520	18772	95	
9728	0	44507	18763	95	
9729	0	44503	18758	95	
9730	0	44506	18758	95	
9731	0	44498	18756	95	
9732	0	44500	18757	95	
9733	0	44511	18762	95	
9734	0	44516	18770	95	
9735	0	44513	18769	95	
9736	0	44523	18772	95	
9737	0	44525	18774	95	
9738	0	44527	18779	95	
9739	0	44538	18782	95	
9740	0	44538	18786	95	
9741	0	44539	18787	95	
9742	0	44541	18789	95	
9743	0	44547	18791	95	
9744	0	44546	18793	95	
9745	0	44548	18796	95	
9746	0	44549	18797	95	
9747	0	44543	18789	95	
9748	0	44541	18792	95	
9749	0	44543	18791	95	
9750	0	44540	18786	95	
9751	0	44539	18783	95	
9752	0	44537	18785	95	
9753	0	44536	18784	95	
9754	0	44534	18788	95	
9755	0	44541	18790	95	
9756	0	44546	18794	95	
9757	0	44546	18795	95	
9758	0	44555	18799	95	
9759	0	44559	18804	95	
9760	0	44565	18806	95	
9761	0	44573	18810	95	
9762	0	44581	18817	95	
9763	0	44588	18824	95	
9764	0	44593	18822	95	
9765	0	44597	18831	95	
9766	0	44601	18833	95	
9767	0	44604	18836	95	
9768	0	44604	18837	95	
9769	0	44610	18843	95	
9770	0	44612	18847	95	
9771	0	44617	18849	95	
9772	0	44621	18853	95	
9773	0	44626	18858	95	
9774	0	44635	18862	95	
9775	0	44638	18864	95	
9776	0	44644	18867	95	
9777	0	44648	18871	95	
9778	0	44658	18870	95	
9779	0	44654	18872	95	
9780	0	44652	18873	95	
9781	0	44660	18875	95	
9782	0	44655	18877	95	
9783	0	44658	18881	95	
9784	0	44662	18882	95	
9785	0	44666	18887	95	
9786	0	44667	18887	95	
9787	0	44678	18889	95	
9788	0	44684	18893	95	
9789	0	44687	18899	95	
9790	0	44696	18898	95	
9791	0	44695	18900	95	
9792	0	44699	18900	95	
9793	0	44703	18907	95	
9794	0	44710	18908	95	
9795	0	44716	18909	95	
9796	0	44712	18912	95	
9797	0	44715	18919	95	
9798	0	44723	18919	95	
9799	0	44725	18923	95	
9800	0	44730	18926	95	
9801	0	44718	18922	95	
9802	0	44709	18915	95	
9803	0	44696	18903	95	
9804	0	44669	18887	95	
9805	0	44643	18865	95	
9806	0	44614	18847	95	
9807	0	44590	18834	95	
9808	0	44557	18817	95	
9809	0	44544	18802	95	
9810	0	44533	18794	95	
9811	0	44522	18790	95	
9812	0	44525	18788	95	
9813	0	44519	18790	95	
9814	0	44532	18789	95	
9815	0	44529	18791	95	
9816	0	44540	18793	95	
9817	0	44546	18796	95	
9818	0	44541	18799	95	
9819	0	44547	18796	95	
9820	0	44553	18798	95	
9821	0	44550	18799	95	
9822	0	44550	18800	95	
9823	0	44556	18802	95	
9824	0	44557	18811	95	
9825	0	44566	18811	95	
9826	0	44568	18811	95	
9827	0	44567	18813	95	
9828	0	44564	18814	95	
9829	0	44563	18814	95	
9830	0	44560	18812	95	
9831	0	44563	18811	95	
9832	0	44558	18813	95	
9833	0	44560	18809	95	
9834	0	44571	18808	95	
9835	0	44568	18804	95	
9836	0	44563	18806	95	
9837	0	44561	18811	95	
9838	0	44567	18816	95	
9839	0	44567	18814	95	
9840	0	44572	18822	95	
9841	0	44571	18823	95	
9842	0	44582	18825	95	
9843	0	44587	18839	95	
9844	0	44594	18844	95	
9845	0	44600	18845	95	
9846	0	44608	18850	95	
9847	0	44615	18854	95	
9848	0	44617	18862	95	
9849	0	44630	18859	95	
9850	0	44632	18863	95	
9851	0	44639	18865	95	
9852	0	44636	18875	95	
9853	0	44647	18872	95	
9854	0	44653	18877	95	
9855	0	44649	18881	95	
9856	0	44654	18882	95	
9857	0	44667	18883	95	
9858	0	44676	18882	95	
9859	0	44676	18886	95	
9860	0	44679	18890	95	
9861	0	44680	18885	95	
9862	0	44681	18886	95	
9863	0	44679	18895	95	
9864	0	44679	18892	95	
9865	0	44687	18891	95	
9866	0	44690	18893	95	
9867	0	44689	18897	95	
9868	0	44686	18901	95	
9869	0	44694	18906	95	
9870	0	44698	18907	95	
9871	0	44710	18915	95	
9872	0	44714	18916	95	
9873	0	44726	18916	95	
9874	0	44721	18917	95	
9875	0	44730	18917	95	
9876	0	44729	18920	95	
9877	0	44739	18921	95	
9878	0	44738	18928	95	
9879	0	44748	18926	95	
9880	0	44751	18928	95	
9881	0	44755	18929	95	
9882	0	44743	18928	95	
9883	0	44738	18926	95	
9884	0	44729	18918	95	
9885	0	44702	18905	94	
9886	0	44673	18888	94	
9887	0	44651	18873	94	
9888	0	44631	18853	94	
9889	0	44601	18835	94	
9890	0	44583	18821	94	
9891	0	44572	18809	94	
9892	0	44550	18797	94	
9893	0	44544	18793	94	
9894	0	44544	18788	94	
9895	0	44536	18789	94	
9896	0	44539	18786	94	
9897	0	44545	18790	94	
9898	0	44550	18793	94	
9899	0	44554	18796	94	
9900	0	44558	18795	94	
9901	0	44562	18794	94	
9902	0	44559	18799	94	
9903	0	44564	18793	94	
9904	0	44560	18800	94	
9905	0	44559	18800	94	
9906	0	44558	18803	94	
9907	0	44562	18808	94	
9908	0	44576	18810	94	
9909	0	44581	18810	94	
9910	0	44580	18807	94	
9911	0	44579	18807	94	
9912	0	44572	18806	94	
9913	0	44580	18808	94	
9914	0	44579	18807	94	
9915	0	44565	18808	94	
9916	0	44569	18807	94	
9917	0	44568	18807	94	
9918	0	44575	18808	94	
9919	0	44575	18812	94	
9920	0	44577	18812	94	
9921	0	44582	18815	94	
9922	0	44588	18820	94	
9923	0	44591	18826	94	
9924	0	44596	18826	94	
9925	0	44611	18833	94	
9926	0	44605	18832	94	
9927	0	44612	18836	94	
9928	0	44619	18843	94	
9929	0	44621	18846	94	
9930	0	44621	18844	94	
9931	0	44629	18850	94	
9932	0	44633	18857	94	
9933	0	44635	18854	94	
9934	0	44642	18862	94	
9935	0	44648	18866	94	
9936	0	44646	18866	94	
9937	0	44661	18875	94	
9938	0	44656	18873	94	
9939	0	44666	18874	94	
9940	0	44665	18879	94	
9941	0	44670	18881	94	
9942	0	44669	18884	94	
9943	0	44679	18883	94	
9944	0	44674	18885	94	
9945	0	44675	18889	94	
9946	0	44683	18891	94	
9947	0	44680	18891	94	
9948	0	44686	18897	94	
9949	0	44684	18897	94	
9950	0	44686	18899	94	
9951	0	44695	18903	94	
9952	0	44697	18908	94	
9953	0	44705	18906	94	
9954	0	44709	18908	94	
9955	0	44707	18910	94	
9956	0	44709	18917	94	
9957	0	44718	18918	94	
9958	0	44718	18923	94	
9959	0	44725	18922	94	
9960	0	44728	18924	94	
9961	0	44731	18934	94	
9962	0	44729	18938	94	
9963	0	44740	18935	94	
9964	0	44746	18942	94	
9965	0	44742	18941	94	
9966	0	44731	18938	94	
9967	0	44710	18926	94	
9968	0	44681	18904	94	
9969	0	44661	18889	94	
9970	0	44625	18871	94	
9971	0	44603	18850	94	
9972	0	44579	18834	94	
9973	0	44565	18828	94	
9974	0	44564	18812	94	
9975	0	44550	18812	94	
9976	0	44552	18807	94	
9977	0	44546	18808	94	
9978	0	44549	18808	94	
9979	0	44553	18814	94	
9980	0	44557	18816	94	
9981	0	44554	18818	94	
9982	0	44556	18822	94	
9983	0	44560	18819	94	
9984	0	44558	18828	94	
9985	0	44566	18831	94	
9986	0	44568	18836	94	
9987	0	44579	18843	94	
9988	0	44587	18848	94	
9989	0	44596	18851	94	
9990	0	44586	18848	94	
9991	0	44588	18851	94	
9992	0	44593	18852	94	
9993	0	44587	18850	94	
9994	0	44583	18849	94	
9995	0	44585	18846	94	
9996	0	44581	18841	94	
9997	0	44575	18845	94	
9998	0	44586	18845	94	
9999	0	44590	18845	94	
10000	0	44587	18846	94	
10001	0	44593	18849	94	
10002	0	44597	18847	94	
10003	0	44600	18850	94	
10004	0	44602	18851	94	
10005	0	44607	18850	94	
10006	0	44606	18854	94	
10007	0	44610	18855	94	
10008	0	44611	18861	94	
10009	0	44615	18860	94	
10010	0	44618	18859	94	
10011	0	44622	18867	94	
10012	0	44632	18869	94	
10013	0	44640	18875	94	
10014	0	44640	18873	94	
10015	0	44643	18875	94	
10016	0	44649	18878	94	
10017	0	44651	18874	94	
10018	0	44644	18879	94	
10019	0	44654	18879	94	
10020	0	44648	18881	94	
10021	0	44660	18890	94	
10022	0	44663	18881	94	
10023	0	44664	18884	94	
10024	0	44664	18885	94	
10025	0	44659	18885	94	
10026	0	44662	18883	94	
10027	0	44663	18884	94	
10028	0	44669	18884	94	
10029	0	44668	18887	94	
10030	0	44667	18886	94	
10031	0	44672	18883	94	
10032	0	44673	18887	94	
10033	0	44672	18890	94	
10034	0	44682	18890	94	
10035	0	44683	18892	94	
10036	0	44687	18895	94	
10037	0	44692	18902	94	
10038	0	44698	18898	94	
10039	0	44696	18900	94	
10040	0	44704	18900	94	
10041	0	44699	18905	94	
10042	0	44699	18904	94	
10043	0	44689	18904	94	
10044	0	44675	18894	94	
10045	0	44660	18884	94	
10046	0	44646	18871	94	
10047	0	44620	18853	94	
10048	0	44596	18831	94	
10049	0	44572	18819	94	
10050	0	44549	18802	94	
10051	0	44535	18790	94	
10052	0	44515	18782	94	
10053	0	44516	18783	94	
10054	0	44511	18775	94	
10055	0	44517	18782	94	
10056	0	44516	18778	94	
10057	0	44529	18782	94	
10058	0	44524	18781	94	
10059	0	44524	18787	94	
10060	0	44534	18786	94	
10061	0	44538	18788	94	
10062	0	44534	18789	94	
10063	0	44540	18794	94	
10064	0	44539	18798	94	
10065	0	44548	18800	94	
10066	0	44559	18804	94	
10067	0	44561	18808	94	
10068	0	44565	18811	94	
10069	0	44566	18810	94	
10070	0	44563	18809	94	
10071	0	44558	18808	94	
10072	0	44549	18808	94	
10073	0	44553	18806	94	
10074	0	44543	18804	94	
10075	0	44546	18802	94	
10076	0	44551	18807	94	
10077	0	44546	18807	94	
10078	0	44559	18804	94	
10079	0	44566	18809	94	
10080	0	44566	18807	94	
10081	0	44562	18807	94	
10082	0	44570	18812	94	
10083	0	44577	18817	94	
10084	0	44576	18818	94	
10085	0	44582	18823	94	
10086	0	44587	18829	94	
10087	0	44591	18827	94	
10088	0	44595	18837	94	
10089	0	44609	18844	94	
10090	0	44612	18848	94	
10091	0	44623	18848	94	
10092	0	44623	18848	94	
10093	0	44625	18855	94	
10094	0	44623	18848	94	
10095	0	44631	18856	94	
10096	0	44630	18862	94	
10097	0	44626	18860	94	
10098	0	44630	18864	94	
10099	0	44643	18862	94	
10100	0	44639	18866	94	
10101	0	44649	18864	94	
10102	0	44651	18866	94	
10103	0	44653	18864	94	
10104	0	44650	18867	94	
10105	0	44655	18869	94	
10106	0	44650	18869	94	
10107	0	44655	18873	94	
10108	0	44657	18877	94	
10109	0	44663	18887	94	
10110	0	44671	18890	94	
10111	0	44679	18891	94	
10112	0	44688	18893	94	
10113	0	44690	18890	94	
10114	0	44683	18895	94	
10115	0	44686	18896	94	
10116	0	44678	18891	94	
10117	0	44663	18888	94	
10118	0	44647	18877	94	
10119	0	44627	18866	94	
10120	0	44604	18848	94	
10121	0	44587	18833	94	
10122	0	44556	18815	94	
10123	0	44536	18802	94	
10124	0	44515	18789	94	
10125	0	44507	18775	94	
10126	0	44502	18772	94	
10127	0	44493	18771	94	
10128	0	44497	18769	94	
10129	0	44499	18776	94	
10130	0	44500	18773	94	
10131	0	44500	18780	94	
10132	0	44505	18784	94	
10133	0	44508	18784	94	
10134	0	44512	18788	94	
10135	0	44517	18788	94	
10136	0	44521	18792	94	
10137	0	44528	18794	94	
10138	0	44528	18794	94	
10139	0	44533	18800	94	
10140	0	44530	18801	94	
10141	0	44531	18805	94	
10142	0	44534	18808	94	
10143	0	44533	18808	94	
10144	0	44531	18810	94	
10145	0	44535	18808	94	
10146	0	44535	18806	94	
10147	0	44535	18808	94	
10148	0	44542	18811	94	
10149	0	44537	18807	94	
10150	0	44537	18809	94	
10151	0	44533	18808	94	
10152	0	44543	18807	94	
10153	0	44539	18811	94	
10154	0	44547	18811	94	
10155	0	44543	18817	94	
10156	0	44550	18818	94	
10157	0	44557	18824	94	
10158	0	44569	18826	94	
10159	0	44576	18832	94	
10160	0	44583	18839	94	
10161	0	44586	18837	94	
10162	0	44591	18841	94	
10163	0	44601	18847	94	
10164	0	44604	18849	94	
10165	0	44602	18849	94	
10166	0	44606	18854	94	
10167	0	44612	18857	94	
10168	0	44615	18857	94	
10169	0	44619	18860	94	
10170	0	44630	18864	94	
10171	0	44625	18868	94	
10172	0	44633	18869	94	
10173	0	44630	18870	94	
10174	0	44635	18872	94	
10175	0	44642	18870	94	
10176	0	44642	18874	94	
10177	0	44644	18873	94	
10178	0	44646	18876	94	
10179	0	44644	18878	94	
10180	0	44650	18880	94	
10181	0	44643	18884	94	
10182	0	44649	18887	94	
10183	0	44662	18895	94	
10184	0	44669	18896	94	
10185	0	44672	18896	94	
10186	0	44680	18900	94	
10187	0	44684	18905	94	
10188	0	44677	18902	94	
10189	0	44673	18897	94	
10190	0	44664	18888	94	
10191	0	44635	18873	94	
10192	0	44609	18853	94	
10193	0	44586	18836	94	
10194	0	44556	18818	94	
10195	0	44520	18799	94	
10196	0	44502	18786	94	
10197	0	44489	18775	94	
10198	0	44478	18770	94	
10199	0	44472	18764	94	
10200	0	44473	18764	94	
10201	0	44467	18760	94	
10202	0	44474	18759	94	
10203	0	44474	18763	94	
10204	0	44477	18765	94	
10205	0	44475	18772	94	
10206	0	44483	18772	94	
10207	0	44471	18771	94	
10208	0	44485	18772	94	
10209	0	44490	18775	94	
10210	0	44488	18775	94	
10211	0	44491	18775	94	
10212	0	44492	18781	94	
10213	0	44500	18782	94	
10214	0	44495	18785	94	
10215	0	44500	18787	94	
10216	0	44503	18787	94	
10217	0	44505	18791	94	
10218	0	44504	18793	94	
10219	0	44505	18798	94	
10220	0	44507	18799	94	
10221	0	44514	18798	94	
10222	0	44508	18796	94	
10223	0	44514	18794	94	
10224	0	44510	18796	94	
10225	0	44516	18795	94	
10226	0	44519	18797	94	
10227	0	44514	18798	94	
10228	0	44522	18807	94	
10229	0	44527	18813	94	
10230	0	44544	18813	94	
10231	0	44550	18816	94	
10232	0	44551	18821	94	
10233	0	44563	18824	94	
10234	0	44565	18825	94	
10235	0	44571	18831	94	
10236	0	44575	18830	94	
10237	0	44580	18831	94	
10238	0	44574	18838	94	
10239	0	44585	18837	94	
10240	0	44586	18846	94	
10241	0	44598	18849	94	
10242	0	44602	18852	94	
10243	0	44605	18851	94	
10244	0	44612	18855	94	
10245	0	44609	18859	94	
10246	0	44616	18859	94	
10247	0	44609	18865	94	
10248	0	44612	18866	94	
10249	0	44624	18867	94	
10250	0	44633	18867	94	
10251	0	44629	18868	94	
10252	0	44631	18871	94	
10253	0	44631	18877	94	
10254	0	44638	18872	94	
10255	0	44643	18870	94	
10256	0	44644	18879	94	
10257	0	44643	18885	94	
10258	0	44652	18880	94	
10259	0	44657	18887	94	
10260	0	44657	18891	94	
10261	0	44670	18893	94	
10262	0	44672	18900	94	
10263	0	44674	18902	94	
10264	0	44684	18905	94	
10265	0	44684	18909	94	
10266	0	44694	18911	94	
10267	0	44690	18909	94	
10268	0	44671	18904	94	
10269	0	44653	18892	94	
10270	0	44627	18882	94	
10271	0	44606	18864	94	
10272	0	44573	18848	94	
10273	0	44550	18828	94	
10274	0	44526	18809	94	
10275	0	44513	18796	94	
10276	0	44497	18787	94	
10277	0	44485	18775	94	
10278	0	44485	18775	94	
10279	0	44482	18770	94	
10280	0	44482	18773	94	
10281	0	44484	18776	94	
10282	0	44481	18776	94	
10283	0	44482	18777	94	
10284	0	44493	18779	94	
10285	0	44490	18779	94	
10286	0	44494	18784	94	
10287	0	44502	18783	94	
10288	0	44496	18785	94	
10289	0	44499	18786	94	
10290	0	44509	18788	94	
10291	0	44505	18790	94	
10292	0	44506	18794	94	
10293	0	44512	18794	94	
10294	0	44510	18802	94	
10295	0	44513	18798	94	
10296	0	44519	18801	94	
10297	0	44524	18803	94	
10298	0	44525	18803	94	
10299	0	44529	18800	94	
10300	0	44527	18797	94	
10301	0	44522	18800	94	
10302	0	44520	18796	94	
10303	0	44523	18798	94	
10304	0	44522	18800	94	
10305	0	44527	18803	94	
10306	0	44528	18803	94	
10307	0	44537	18807	94	
10308	0	44538	18811	94	
10309	0	44545	18816	94	
10310	0	44553	18818	94	
10311	0	44558	18821	94	
10312	0	44566	18826	94	
10313	0	44567	18827	94	
10314	0	44572	18829	94	
10315	0	44576	18834	94	
10316	0	44582	18841	94	
10317	0	44598	18838	94	
10318	0	44601	18842	94	
10319	0	44602	18844	94	
10320	0	44603	18848	94	
10321	0	44601	18852	94	
10322	0	44612	18854	94	
10323	0	44613	18851	94	
10324	0	44613	18857	94	
10325	0	44616	18855	94	
10326	0	44619	18861	94	
10327	0	44623	18866	94	
10328	0	44630	18864	94	
10329	0	44628	18865	94	
10330	0	44628	18869	94	
10331	0	44638	18874	94	
10332	0	44641	18873	94	
10333	0	44643	18874	94	
10334	0	44647	18878	94	
10335	0	44650	18877	94	
10336	0	44645	18881	94	
10337	0	44648	18882	94	
10338	0	44659	18882	94	
10339	0	44661	18887	94	
10340	0	44666	18892	94	
10341	0	44662	18894	94	
10342	0	44672	18900	94	
10343	0	44680	18903	94	
10344	0	44684	18901	94	
10345	0	44689	18908	94	
10346	0	44685	18909	94	
10347	0	44696	18916	94	
10348	0	44699	18920	94	
10349	0	44703	18917	94	
10350	0	44698	18918	94	
10351	0	44684	18910	94	
10352	0	44666	18895	94	
10353	0	44635	18880	94	
10354	0	44605	18861	94	
10355	0	44577	18842	94	
10356	0	44551	18824	94	
10357	0	44530	18812	94	
10358	0	44521	18801	94	
10359	0	44514	18795	94	
10360	0	44509	18795	94	
10361	0	44515	18792	94	
10362	0	44523	18791	94	
10363	0	44524	18795	94	
10364	0	44523	18797	94	
10365	0	44526	18799	94	
10366	0	44533	18799	94	
10367	0	44538	18804	94	
10368	0	44535	18803	94	
10369	0	44543	18806	94	
10370	0	44546	18816	94	
10371	0	44556	18814	94	
10372	0	44567	18817	94	
10373	0	44560	18820	94	
10374	0	44568	18820	94	
10375	0	44569	18818	94	
10376	0	44570	18822	94	
10377	0	44568	18820	94	
10378	0	44564	18822	94	
10379	0	44563	18820	94	
10380	0	44563	18815	94	
10381	0	44553	18819	94	
10382	0	44559	18820	94	
10383	0	44565	18819	94	
10384	0	44566	18820	94	
10385	0	44566	18819	94	
10386	0	44576	18814	94	
10387	0	44573	18821	94	
10388	0	44584	18823	94	
10389	0	44581	18826	94	
10390	0	44584	18831	94	
10391	0	44590	18834	94	
10392	0	44598	18839	94	
10393	0	44609	18845	94	
10394	0	44614	18850	94	
10395	0	44626	18850	94	
10396	0	44628	18851	94	
10397	0	44625	18858	94	
10398	0	44628	18859	94	
10399	0	44631	18866	94	
10400	0	44642	18866	94	
10401	0	44643	18868	94	
10402	0	44656	18875	94	
10403	0	44662	18877	94	
10404	0	44662	18877	94	
10405	0	44660	18876	94	
10406	0	44668	18880	94	
10407	0	44670	18884	94	
10408	0	44675	18880	94	
10409	0	44673	18883	94	
10410	0	44678	18882	94	
10411	0	44672	18882	94	
10412	0	44677	18887	94	
10413	0	44679	18892	94	
10414	0	44686	18898	94	
10415	0	44690	18895	94	
10416	0	44696	18901	94	
10417	0	44695	18902	94	
10418	0	44696	18907	94	
10419	0	44707	18913	94	
10420	0	44708	18911	94	
10421	0	44711	18917	94	
10422	0	44721	18916	94	
10423	0	44712	18918	94	
10424	0	44718	18917	94	
10425	0	44722	18921	94	
10426	0	44730	18926	94	
10427	0	44726	18932	94	
10428	0	44738	18934	94	
10429	0	44744	18940	94	
10430	0	44747	18946	94	
10431	0	44752	18947	94	
10432	0	44757	18953	94	
10433	0	44755	18953	94	
10434	0	44739	18943	94	
10435	0	44718	18938	94	
10436	0	44705	18923	94	
10437	0	44679	18899	94	
10438	0	44645	18882	94	
10439	0	44618	18860	94	
10440	0	44594	18845	94	
10441	0	44581	18835	94	
10442	0	44576	18824	94	
10443	0	44573	18824	94	
10444	0	44567	18826	94	
10445	0	44574	18824	94	
10446	0	44580	18826	94	
10447	0	44590	18831	94	
10448	0	44587	18829	94	
10449	0	44586	18829	94	
10450	0	44591	18831	94	
10451	0	44598	18834	94	
10452	0	44586	18836	94	
10453	0	44592	18841	94	
10454	0	44600	18843	94	
10455	0	44609	18846	94	
10456	0	44616	18854	94	
10457	0	44617	18853	94	
10458	0	44619	18852	94	
10459	0	44617	18854	94	
10460	0	44618	18854	94	
10461	0	44615	18853	94	
10462	0	44615	18851	94	
10463	0	44619	18854	94	
10464	0	44612	18853	94	
10465	0	44612	18850	94	
10466	0	44621	18854	94	
10467	0	44613	18854	94	
10468	0	44626	18856	94	
10469	0	44625	18853	94	
10470	0	44629	18855	94	
10471	0	44630	18861	94	
10472	0	44639	18862	94	
10473	0	44645	18863	94	
10474	0	44644	18867	94	
10475	0	44648	18869	94	
10476	0	44654	18879	94	
10477	0	44663	18877	94	
10478	0	44667	18884	94	
10479	0	44671	18888	94	
10480	0	44673	18894	94	
10481	0	44686	18899	94	
10482	0	44696	18904	94	
10483	0	44692	18911	94	
10484	0	44700	18916	94	
10485	0	44709	18919	94	
10486	0	44717	18917	94	
10487	0	44722	18922	94	
10488	0	44729	18925	94	
10489	0	44728	18926	94	
10490	0	44732	18929	94	
10491	0	44740	18930	94	
10492	0	44733	18932	94	
10493	0	44732	18934	94	
10494	0	44733	18934	94	
10495	0	44742	18940	94	
10496	0	44747	18941	94	
10497	0	44747	18945	94	
10498	0	44752	18947	94	
10499	0	44755	18949	94	
10500	0	44762	18953	94	
10501	0	44761	18951	94	
10502	0	44764	18955	94	
10503	0	44766	18960	94	
10504	0	44770	18963	94	
10505	0	44776	18962	94	
10506	0	44783	18966	94	
10507	0	44795	18970	94	
10508	0	44796	18971	94	
10509	0	44805	18974	94	
10510	0	44808	18978	94	
10511	0	44813	18981	94	
10512	0	44819	18981	94	
10513	0	44818	18987	94	
10514	0	44816	18982	94	
10515	0	44807	18984	94	
10516	0	44790	18973	94	
10517	0	44766	18961	94	
10518	0	44744	18946	94	
10519	0	44712	18926	94	
10520	0	44697	18913	94	
10521	0	44671	18897	94	
10522	0	44650	18880	94	
10523	0	44635	18872	94	
10524	0	44627	18865	94	
10525	0	44630	18864	94	
10526	0	44623	18863	94	
10527	0	44637	18862	94	
10528	0	44634	18864	94	
10529	0	44643	18864	94	
10530	0	44644	18867	94	
10531	0	44646	18871	94	
10532	0	44649	18873	94	
10533	0	44643	18870	94	
10534	0	44652	18873	94	
10535	0	44648	18875	94	
10536	0	44657	18875	94	
10537	0	44655	18873	94	
10538	0	44664	18880	94	
10539	0	44665	18881	94	
10540	0	44668	18883	94	
10541	0	44671	18887	94	
10542	0	44673	18887	94	
10543	0	44668	18885	94	
10544	0	44672	18886	94	
10545	0	44671	18886	94	
10546	0	44673	18884	94	
10547	0	44675	18882	94	
10548	0	44666	18883	94	
10549	0	44665	18882	94	
10550	0	44668	18884	94	
10551	0	44669	18885	94	
10552	0	44680	18887	94	
10553	0	44679	18887	94	
10554	0	44687	18889	94	
10555	0	44685	18893	94	
10556	0	44699	18895	94	
10557	0	44700	18897	94	
10558	0	44706	18899	94	
10559	0	44708	18904	94	
10560	0	44710	18909	94	
10561	0	44719	18912	94	
10562	0	44719	18914	94	
10563	0	44728	18917	94	
10564	0	44727	18926	94	
10565	0	44734	18929	94	
10566	0	44734	18936	94	
10567	0	44745	18939	94	
10568	0	44744	18942	94	
10569	0	44758	18945	94	
10570	0	44762	18955	94	
10571	0	44760	18953	94	
10572	0	44771	18953	94	
10573	0	44758	18953	94	
10574	0	44771	18954	94	
10575	0	44776	18957	94	
10576	0	44777	18962	94	
10577	0	44769	18959	94	
10578	0	44784	18964	94	
10579	0	44793	18961	94	
10580	0	44792	18968	94	
10581	0	44795	18970	94	
10582	0	44797	18971	94	
10583	0	44798	18972	94	
10584	0	44798	18972	94	
10585	0	44805	18975	94	
10586	0	44810	18976	94	
10587	0	44817	18981	94	
10588	0	44818	18983	94	
10589	0	44824	18983	94	
10590	0	44827	18985	94	
10591	0	44826	18985	94	
10592	0	44823	18985	94	
10593	0	44822	18987	94	
10594	0	44814	18981	94	
10595	0	44801	18971	94	
10596	0	44773	18959	94	
10597	0	44749	18940	94	
10598	0	44725	18925	94	
10599	0	44701	18908	94	
10600	0	44674	18890	94	
10601	0	44661	18882	94	
10602	0	44652	18873	94	
10603	0	44649	18870	94	
10604	0	44646	18869	94	
10605	0	44651	18869	94	
10606	0	44657	18868	94	
10607	0	44662	18870	94	
10608	0	44660	18873	94	
10609	0	44660	18874	94	
10610	0	44671	18876	94	
10611	0	44665	18879	94	
10612	0	44673	18884	94	
10613	0	44667	18885	94	
10614	0	44675	18887	94	
10615	0	44673	18890	94	
10616	0	44683	18895	94	
10617	0	44692	18895	94	
10618	0	44694	18900	94	
10619	0	44686	18896	94	
10620	0	44696	18898	94	
10621	0	44693	18892	94	
10622	0	44686	18890	94	
10623	0	44692	18895	94	
10624	0	44685	18893	94	
10625	0	44686	18891	94	
10626	0	44680	18889	94	
10627	0	44695	18890	94	
10628	0	44688	18885	94	
10629	0	44691	18892	94	
10630	0	44693	18892	94	
10631	0	44696	18886	94	
10632	0	44689	18892	94	
10633	0	44696	18895	94	
10634	0	44704	18899	94	
10635	0	44711	18902	94	
10636	0	44711	18905	94	
10637	0	44716	18909	94	
10638	0	44728	18909	94	
10639	0	44724	18916	94	
10640	0	44734	18917	94	
10641	0	44734	18924	94	
10642	0	44743	18927	94	
10643	0	44738	18925	94	
10644	0	44740	18928	94	
10645	0	44744	18934	94	
10646	0	44751	18934	94	
10647	0	44751	18932	94	
10648	0	44754	18942	94	
10649	0	44758	18939	94	
10650	0	44757	18943	94	
10651	0	44764	18945	94	
10652	0	44761	18942	94	
10653	0	44768	18943	94	
10654	0	44765	18947	94	
10655	0	44770	18947	94	
10656	0	44769	18951	94	
10657	0	44766	18951	94	
10658	0	44769	18951	94	
10659	0	44780	18956	94	
10660	0	44782	18957	94	
10661	0	44780	18962	94	
10662	0	44785	18962	94	
10663	0	44789	18966	94	
10664	0	44788	18970	94	
10665	0	44773	18965	94	
10666	0	44765	18958	94	
10667	0	44748	18949	94	
10668	0	44723	18933	94	
10669	0	44702	18925	94	
10670	0	44684	18911	94	
10671	0	44670	18897	94	
10672	0	44656	18886	94	
10673	0	44644	18875	94	
10674	0	44627	18867	94	
10675	0	44629	18864	94	
10676	0	44627	18857	94	
10677	0	44621	18863	94	
10678	0	44626	18864	94	
10679	0	44631	18870	94	
10680	0	44635	18873	94	
10681	0	44633	18874	94	
10682	0	44640	18880	94	
10683	0	44643	18883	94	
10684	0	44653	18886	94	
10685	0	44653	18892	94	
10686	0	44656	18894	94	
10687	0	44668	18899	94	
10688	0	44666	18897	94	
10689	0	44675	18899	94	
10690	0	44672	18901	94	
10691	0	44669	18902	94	
10692	0	44663	18898	94	
10693	0	44665	18898	94	
10694	0	44658	18897	94	
10695	0	44658	18894	94	
10696	0	44655	18890	94	
10697	0	44650	18888	94	
10698	0	44654	18892	94	
10699	0	44652	18887	94	
10700	0	44650	18890	94	
10701	0	44659	18892	94	
10702	0	44650	18890	94	
10703	0	44665	18895	94	
10704	0	44664	18901	94	
10705	0	44671	18904	94	
10706	0	44674	18900	94	
10707	0	44676	18905	94	
10708	0	44689	18908	94	
10709	0	44683	18914	94	
10710	0	44685	18916	94	
10711	0	44696	18921	94	
10712	0	44695	18918	94	
10713	0	44703	18920	94	
10714	0	44710	18926	94	
10715	0	44706	18930	94	
10716	0	44711	18932	94	
10717	0	44718	18932	94	
10718	0	44715	18934	94	
10719	0	44717	18936	94	
10720	0	44723	18941	94	
10721	0	44719	18938	94	
10722	0	44725	18942	94	
10723	0	44731	18942	94	
10724	0	44735	18941	94	
10725	0	44729	18943	94	
10726	0	44736	18947	94	
10727	0	44731	18950	94	
10728	0	44735	18951	94	
10729	0	44730	18949	94	
10730	0	44733	18951	94	
10731	0	44733	18954	94	
10732	0	44733	18950	94	
10733	0	44719	18949	94	
10734	0	44705	18941	94	
10735	0	44687	18933	94	
10736	0	44666	18918	94	
10737	0	44640	18908	94	
10738	0	44619	18890	94	
10739	0	44609	18883	94	
10740	0	44592	18874	94	
10741	0	44589	18871	94	
10742	0	44582	18869	94	
10743	0	44584	18864	94	
10744	0	44592	18865	94	
10745	0	44600	18865	94	
10746	0	44598	18865	94	
10747	0	44594	18870	94	
10748	0	44608	18876	94	
10749	0	44614	18873	94	
10750	0	44612	18882	94	
10751	0	44615	18886	94	
10752	0	44623	18887	94	
10753	0	44628	18886	94	
10754	0	44628	18882	94	
10755	0	44634	18888	94	
10756	0	44628	18888	94	
10757	0	44625	18893	94	
10758	0	44626	18890	94	
10759	0	44622	18891	94	
10760	0	44616	18891	94	
10761	0	44619	18889	94	
10762	0	44611	18888	94	
10763	0	44614	18888	94	
10764	0	44609	18884	94	
10765	0	44604	18884	94	
10766	0	44610	18885	94	
10767	0	44609	18886	94	
10768	0	44616	18888	94	
10769	0	44621	18887	94	
10770	0	44626	18889	94	
10771	0	44631	18896	94	
10772	0	44633	18898	94	
10773	0	44637	18902	94	
10774	0	44643	18905	94	
10775	0	44641	18905	94	
10776	0	44647	18909	94	
10777	0	44652	18910	94	
10778	0	44658	18915	94	
10779	0	44663	18918	94	
10780	0	44665	18922	94	
10781	0	44674	18926	94	
10782	0	44682	18923	94	
10783	0	44686	18926	94	
10784	0	44682	18928	94	
10785	0	44684	18927	94	
10786	0	44685	18926	94	
10787	0	44684	18927	94	
10788	0	44689	18928	94	
10789	0	44684	18932	94	
10790	0	44690	18933	94	
10791	0	44700	18939	94	
10792	0	44695	18936	94	
10793	0	44697	18941	94	
10794	0	44696	18936	94	
10795	0	44699	18939	94	
10796	0	44704	18941	94	
10797	0	44700	18944	94	
10798	0	44703	18947	94	
10799	0	44708	18947	94	
10800	0	44705	18949	94	
10801	0	44709	18956	94	
10802	0	44711	18956	94	
10803	0	44709	18958	94	
10804	0	44696	18952	94	
10805	0	44673	18942	94	
10806	0	44651	18930	94	
10807	0	44626	18913	94	
10808	0	44605	18898	94	
10809	0	44579	18883	94	
10810	0	44564	18871	94	
10811	0	44548	18860	94	
10812	0	44533	18854	94	
10813	0	44540	18848	94	
10814	0	44537	18846	94	
10815	0	44543	18856	94	
10816	0	44538	18847	94	
10817	0	44544	18853	94	
10818	0	44547	18853	94	
10819	0	44550	18860	94	
10820	0	44554	18860	94	
10821	0	44570	18860	94	
10822	0	44563	18862	94	
10823	0	44567	18868	94	
10824	0	44568	18867	94	
10825	0	44571	18872	94	
10826	0	44574	18876	94	
10827	0	44576	18876	94	
10828	0	44584	18877	94	
10829	0	44576	18878	94	
10830	0	44576	18874	94	
10831	0	44568	18868	94	
10832	0	44571	18870	94	
10833	0	44571	18870	94	
10834	0	44572	18870	94	
10835	0	44565	18871	94	
10836	0	44563	18871	94	
10837	0	44572	18871	94	
10838	0	44566	18869	94	
10839	0	44575	18874	94	
10840	0	44575	18873	94	
10841	0	44576	18874	94	
10842	0	44584	18878	94	
10843	0	44586	18882	94	
10844	0	44586	18881	94	
10845	0	44591	18884	94	
10846	0	44599	18887	94	
10847	0	44598	18892	94	
10848	0	44601	18898	94	
10849	0	44610	18904	94	
10850	0	44619	18908	94	
10851	0	44623	18911	94	
10852	0	44626	18911	94	
10853	0	44631	18913	94	
10854	0	44634	18915	94	
10855	0	44631	18918	94	
10856	0	44639	18922	94	
10857	0	44638	18925	94	
10858	0	44638	18930	94	
10859	0	44649	18928	94	
10860	0	44652	18932	94	
10861	0	44648	18929	94	
10862	0	44656	18936	94	
10863	0	44654	18929	94	
10864	0	44654	18932	94	
10865	0	44664	18936	94	
10866	0	44660	18935	94	
10867	0	44658	18939	94	
10868	0	44663	18940	94	
10869	0	44661	18941	94	
10870	0	44671	18946	94	
10871	0	44668	18947	94	
10872	0	44680	18952	94	
10873	0	44683	18954	94	
10874	0	44690	18956	94	
10875	0	44691	18959	94	
10876	0	44685	18961	94	
10877	0	44695	18966	94	
10878	0	44696	18968	94	
10879	0	44693	18969	94	
10880	0	44681	18965	94	
10881	0	44669	18957	94	
10882	0	44653	18944	94	
10883	0	44615	18927	94	
10884	0	44596	18908	94	
10885	0	44566	18890	94	
10886	0	44545	18872	94	
10887	0	44524	18863	94	
10888	0	44516	18857	94	
10889	0	44508	18847	94	
10890	0	44499	18843	94	
10891	0	44504	18842	94	
10892	0	44510	18843	94	
10893	0	44505	18845	94	
10894	0	44512	18850	94	
10895	0	44517	18852	94	
10896	0	44529	18852	94	
10897	0	44525	18856	94	
10898	0	44529	18860	94	
10899	0	44528	18863	94	
10900	0	44538	18865	94	
10901	0	44540	18868	94	
10902	0	44533	18874	94	
10903	0	44541	18876	94	
10904	0	44545	18878	94	
10905	0	44538	18881	94	
10906	0	44541	18878	94	
10907	0	44538	18878	94	
10908	0	44536	18874	94	
10909	0	44531	18877	94	
10910	0	44523	18874	94	
10911	0	44527	18873	94	
10912	0	44520	18873	94	
10913	0	44522	18870	94	
10914	0	44520	18875	94	
10915	0	44518	18873	94	
10916	0	44525	18873	94	
10917	0	44531	18875	94	
10918	0	44534	18878	94	
10919	0	44537	18880	94	
10920	0	44541	18883	94	
10921	0	44550	18886	94	
10922	0	44549	18893	94	
10923	0	44554	18894	94	
10924	0	44560	18896	94	
10925	0	44558	18899	94	
10926	0	44561	18904	94	
10927	0	44567	18907	94	
10928	0	44565	18912	94	
10929	0	44569	18914	94	
10930	0	44576	18920	94	
10931	0	44584	18925	94	
10932	0	44585	18926	94	
10933	0	44594	18929	94	
10934	0	44594	18930	94	
10935	0	44601	18937	94	
10936	0	44598	18936	94	
10937	0	44601	18934	94	
10938	0	44603	18940	94	
10939	0	44599	18940	94	
10940	0	44608	18939	94	
10941	0	44605	18936	94	
10942	0	44606	18936	94	
10943	0	44609	18943	94	
10944	0	44614	18940	94	
10945	0	44610	18943	94	
10946	0	44622	18943	94	
10947	0	44618	18952	94	
10948	0	44625	18953	94	
10949	0	44635	18950	94	
10950	0	44630	18951	94	
10951	0	44640	18953	94	
10952	0	44640	18959	94	
10953	0	44643	18958	94	
10954	0	44638	18959	94	
10955	0	44642	18963	94	
10956	0	44631	18960	94	
10957	0	44619	18952	94	
10958	0	44598	18937	94	
10959	0	44572	18924	94	
10960	0	44554	18908	94	
10961	0	44522	18891	94	
10962	0	44502	18875	94	
10963	0	44488	18861	94	
10964	0	44471	18849	94	
10965	0	44465	18844	94	
10966	0	44457	18839	94	
10967	0	44463	18839	94	
10968	0	44464	18838	94	
10969	0	44470	18846	94	
10970	0	44482	18845	94	
10971	0	44482	18850	94	
10972	0	44485	18853	94	
10973	0	44490	18855	94	
10974	0	44495	18859	94	
10975	0	44499	18862	94	
10976	0	44502	18863	94	
10977	0	44507	18864	94	
10978	0	44508	18867	94	
10979	0	44512	18871	94	
10980	0	44514	18875	94	
10981	0	44510	18874	94	
10982	0	44511	18869	94	
10983	0	44505	18869	94	
10984	0	44498	18866	94	
10985	0	44491	18869	94	
10986	0	44493	18864	94	
10987	0	44495	18863	94	
10988	0	44490	18861	94	
10989	0	44493	18862	94	
10990	0	44492	18860	94	
10991	0	44497	18859	94	
10992	0	44496	18858	94	
10993	0	44489	18861	94	
10994	0	44492	18862	94	
10995	0	44501	18868	94	
10996	0	44501	18869	94	
10997	0	44509	18874	94	
10998	0	44515	18879	94	
10999	0	44526	18883	94	
11000	0	44528	18885	94	
11001	0	44533	18888	94	
11002	0	44530	18888	94	
11003	0	44542	18896	94	
11004	0	44539	18901	94	
11005	0	44542	18906	94	
11006	0	44541	18908	94	
11007	0	44550	18913	94	
11008	0	44558	18914	94	
11009	0	44561	18918	94	
11010	0	44565	18924	94	
11011	0	44571	18922	94	
11012	0	44570	18921	94	
11013	0	44575	18920	94	
11014	0	44570	18920	94	
11015	0	44573	18920	94	
11016	0	44575	18925	94	
11017	0	44577	18925	94	
11018	0	44573	18927	94	
11019	0	44584	18933	94	
11020	0	44588	18930	94	
11021	0	44590	18932	94	
11022	0	44595	18934	94	
11023	0	44600	18937	94	
11024	0	44598	18936	94	
11025	0	44602	18939	94	
11026	0	44608	18941	94	
11027	0	44612	18940	94	
11028	0	44618	18942	94	
11029	0	44618	18945	94	
11030	0	44621	18947	94	
11031	0	44615	18944	94	
11032	0	44600	18938	94	
11033	0	44586	18927	94	
11034	0	44552	18913	94	
11035	0	44528	18894	94	
11036	0	44494	18873	94	
11037	0	44469	18855	94	
11038	0	44455	18842	94	
11039	0	44442	18829	94	
11040	0	44431	18822	94	
11041	0	44420	18811	94	
11042	0	44417	18812	94	
11043	0	44417	18811	94	
11044	0	44420	18807	94	
11045	0	44426	18813	94	
11046	0	44432	18814	94	
11047	0	44437	18820	94	
11048	0	44441	18819	94	
11049	0	44447	18823	94	
11050	0	44445	18826	94	
11051	0	44446	18827	94	
11052	0	44456	18829	94	
11053	0	44455	18834	94	
11054	0	44461	18836	94	
11055	0	44465	18839	94	
11056	0	44471	18839	94	
11057	0	44466	18837	94	
11058	0	44467	18831	94	
11059	0	44463	18833	94	
11060	0	44453	18829	94	
11061	0	44456	18827	94	
11062	0	44444	18826	94	
11063	0	44448	18828	94	
11064	0	44440	18828	94	
11065	0	44444	18824	94	
11066	0	44443	18830	94	
11067	0	44448	18825	94	
11068	0	44448	18827	94	
11069	0	44453	18831	94	
11070	0	44461	18832	94	
11071	0	44461	18836	94	
11072	0	44465	18837	94	
11073	0	44471	18839	94	
11074	0	44477	18843	94	
11075	0	44481	18848	94	
11076	0	44491	18847	94	
11077	0	44489	18853	94	
11078	0	44488	18857	94	
11079	0	44500	18861	94	
11080	0	44505	18866	94	
11081	0	44512	18865	94	
11082	0	44515	18866	94	
11083	0	44521	18867	94	
11084	0	44520	18868	94	
11085	0	44520	18871	94	
11086	0	44518	18872	94	
11087	0	44528	18874	94	
11088	0	44529	18873	94	
11089	0	44524	18876	94	
11090	0	44528	18877	94	
11091	0	44533	18879	94	
11092	0	44535	18880	94	
11093	0	44538	18878	94	
11094	0	44538	18879	94	
11095	0	44543	18880	94	
11096	0	44541	18883	94	
11097	0	44544	18884	94	
11098	0	44547	18886	94	
11099	0	44552	18888	94	
11100	0	44553	18890	94	
11101	0	44563	18896	94	
11102	0	44569	18896	94	
11103	0	44573	18900	94	
11104	0	44573	18901	94	
11105	0	44579	18903	94	
11106	0	44579	18907	94	
11107	0	44576	18905	94	
11108	0	44566	18897	94	
11109	0	44546	18881	94	
11110	0	44515	18872	94	
11111	0	44490	18853	94	
11112	0	44458	18830	94	
11113	0	44436	18816	94	
11114	0	44404	18801	94	
11115	0	44391	18791	94	
11116	0	44391	18783	94	
11117	0	44394	18778	94	
11118	0	44386	18775	94	
11119	0	44394	18776	94	
11120	0	44401	18776	94	
11121	0	44395	18778	94	
11122	0	44402	18780	94	
11123	0	44402	18783	94	
11124	0	44406	18780	94	
11125	0	44413	18783	94	
11126	0	44411	18784	94	
11127	0	44421	18787	94	
11128	0	44426	18790	94	
11129	0	44426	18795	94	
11130	0	44431	18796	94	
11131	0	44429	18800	94	
11132	0	44432	18797	94	
11133	0	44428	18796	94	
11134	0	44428	18796	94	
11135	0	44432	18797	94	
11136	0	44429	18794	94	
11137	0	44432	18791	94	
11138	0	44427	18790	94	
11139	0	44412	18789	94	
11140	0	44417	18782	94	
11141	0	44421	18781	94	
11142	0	44416	18786	94	
11143	0	44412	18783	94	
11144	0	44423	18788	94	
11145	0	44423	18785	94	
11146	0	44426	18787	94	
11147	0	44429	18794	94	
11148	0	44430	18792	94	
11149	0	44436	18796	94	
11150	0	44445	18800	94	
11151	0	44442	18802	94	
11152	0	44453	18803	94	
11153	0	44454	18810	94	
11154	0	44466	18813	94	
11155	0	44474	18815	94	
11156	0	44472	18824	94	
11157	0	44483	18823	94	
11158	0	44476	18825	94	
11159	0	44478	18827	94	
11160	0	44486	18830	94	
11161	0	44485	18831	94	
11162	0	44492	18834	94	
11163	0	44488	18841	94	
11164	0	44491	18838	94	
11165	0	44495	18841	94	
11166	0	44510	18846	94	
11167	0	44503	18841	94	
11168	0	44507	18841	94	
11169	0	44506	18845	94	
11170	0	44514	18847	94	
11171	0	44508	18848	94	
11172	0	44515	18845	94	
11173	0	44519	18846	94	
11174	0	44526	18849	94	
11175	0	44533	18846	94	
11176	0	44531	18850	94	
11177	0	44532	18851	94	
11178	0	44536	18857	94	
11179	0	44537	18858	94	
11180	0	44536	18856	94	
11181	0	44543	18861	94	
11182	0	44537	18859	94	
11183	0	44528	18856	94	
11184	0	44509	18848	94	
11185	0	44489	18829	94	
11186	0	44462	18806	94	
11187	0	44436	18791	94	
11188	0	44409	18775	94	
11189	0	44379	18763	94	
11190	0	44369	18746	94	
11191	0	44350	18738	94	
11192	0	44345	18732	94	
11193	0	44338	18730	94	
11194	0	44342	18729	94	
11195	0	44352	18731	94	
11196	0	44360	18735	94	
11197	0	44361	18737	94	
11198	0	44366	18739	94	
11199	0	44376	18741	94	
11200	0	44376	18746	94	
11201	0	44385	18748	94	
11202	0	44385	18751	94	
11203	0	44394	18753	94	
11204	0	44394	18758	94	
11205	0	44397	18760	94	
11206	0	44401	18759	94	
11207	0	44405	18763	94	
11208	0	44401	18762	94	
11209	0	44395	18757	94	
11210	0	44395	18759	94	
11211	0	44389	18755	94	
11212	0	44388	18753	94	
11213	0	44378	18747	94	
11214	0	44379	18745	94	
11215	0	44376	18743	94	
11216	0	44371	18746	94	
11217	0	44372	18746	94	
11218	0	44381	18743	94	
11219	0	44374	18744	94	
11220	0	44378	18749	94	
11221	0	44388	18753	94	
11222	0	44381	18756	94	
11223	0	44392	18759	94	
11224	0	44391	18766	94	
11225	0	44393	18774	94	
11226	0	44405	18777	94	
11227	0	44418	18784	94	
11228	0	44428	18782	94	
11229	0	44428	18786	94	
11230	0	44431	18787	94	
11231	0	44433	18786	94	
11232	0	44447	18791	94	
11233	0	44442	18796	94	
11234	0	44450	18795	94	
11235	0	44448	18798	94	
11236	0	44453	18802	94	
11237	0	44454	18803	94	
11238	0	44452	18808	94	
11239	0	44457	18814	94	
11240	0	44465	18815	94	
11241	0	44474	18818	94	
11242	0	44472	18811	94	
11243	0	44475	18810	94	
11244	0	44479	18814	94	
11245	0	44483	18812	94	
11246	0	44484	18814	94	
11247	0	44479	18814	94	
11248	0	44482	18818	94	
11249	0	44487	18818	94	
11250	0	44496	18820	94	
11251	0	44507	18826	94	
11252	0	44515	18833	94	
11253	0	44512	18834	94	
11254	0	44522	18837	94	
11255	0	44528	18839	94	
11256	0	44515	18840	94	
11257	0	44509	18835	94	
11258	0	44493	18826	94	
11259	0	44478	18813	94	
11260	0	44447	18793	94	
11261	0	44419	18775	94	
11262	0	44389	18755	94	
11263	0	44373	18738	94	
11264	0	44348	18720	94	
11265	0	44332	18710	94	
11266	0	44329	18701	94	
11267	0	44317	18698	94	
11268	0	44316	18695	94	
11269	0	44318	18695	94	
11270	0	44318	18699	94	
11271	0	44321	18702	94	
11272	0	44336	18705	94	
11273	0	44338	18707	94	
11274	0	44338	18712	94	
11275	0	44340	18712	94	
11276	0	44348	18716	94	
11277	0	44353	18720	94	
11278	0	44358	18723	94	
11279	0	44359	18724	94	
11280	0	44364	18724	94	
11281	0	44360	18727	94	
11282	0	44359	18727	94	
11283	0	44355	18726	94	
11284	0	44361	18734	94	
11285	0	44364	18734	94	
11286	0	44356	18728	94	
11287	0	44354	18723	94	
11288	0	44353	18722	94	
11289	0	44351	18719	94	
11290	0	44355	18722	94	
11291	0	44349	18720	94	
11292	0	44350	18724	94	
11293	0	44358	18723	94	
11294	0	44362	18728	94	
11295	0	44374	18731	94	
11296	0	44381	18737	94	
11297	0	44378	18742	94	
11298	0	44388	18744	94	
11299	0	44393	18745	94	
11300	0	44396	18747	94	
11301	0	44405	18752	94	
11302	0	44408	18758	94	
11303	0	44417	18761	94	
11304	0	44420	18764	94	
11305	0	44434	18770	94	
11306	0	44439	18768	94	
11307	0	44441	18770	94	
11308	0	44446	18775	94	
11309	0	44440	18775	94	
11310	0	44455	18781	94	
11311	0	44458	18780	94	
11312	0	44460	18782	94	
11313	0	44467	18787	94	
11314	0	44463	18784	94	
11315	0	44468	18786	94	
11316	0	44472	18792	94	
11317	0	44487	18792	94	
11318	0	44484	18794	94	
11319	0	44497	18798	94	
11320	0	44496	18803	94	
11321	0	44499	18800	94	
11322	0	44501	18802	94	
11323	0	44504	18804	94	
11324	0	44506	18806	94	
11325	0	44510	18812	94	
11326	0	44509	18816	94	
11327	0	44518	18819	94	
11328	0	44525	18823	94	
11329	0	44535	18827	94	
11330	0	44533	18833	94	
11331	0	44542	18832	94	
11332	0	44532	18830	94	
11333	0	44523	18824	94	
11334	0	44502	18812	94	
11335	0	44470	18792	94	
11336	0	44444	18776	94	
11337	0	44420	18754	94	
11338	0	44391	18737	94	
11339	0	44371	18721	94	
11340	0	44356	18714	94	
11341	0	44349	18699	94	
11342	0	44340	18695	94	
11343	0	44345	18694	94	
11344	0	44339	18690	94	
11345	0	44344	18694	94	
11346	0	44346	18697	94	
11347	0	44347	18701	94	
11348	0	44354	18703	94	
11349	0	44352	18710	94	
11350	0	44367	18715	94	
11351	0	44372	18716	94	
11352	0	44381	18720	94	
11353	0	44392	18722	94	
11354	0	44393	18729	94	
11355	0	44395	18728	94	
11356	0	44404	18733	94	
11357	0	44404	18735	94	
11358	0	44402	18732	94	
11359	0	44400	18732	94	
11360	0	44395	18729	94	
11361	0	44389	18724	94	
11362	0	44387	18724	94	
11363	0	44386	18719	94	
11364	0	44383	18721	94	
11365	0	44386	18722	94	
11366	0	44389	18722	94	
11367	0	44390	18721	94	
11368	0	44392	18723	94	
11369	0	44400	18727	94	
11370	0	44399	18729	94	
11371	0	44407	18729	94	
11372	0	44404	18734	94	
11373	0	44414	18735	94	
11374	0	44422	18741	94	
11375	0	44429	18748	94	
11376	0	44436	18747	94	
11377	0	44441	18752	94	
11378	0	44450	18753	94	
11379	0	44444	18758	94	
11380	0	44455	18756	94	
11381	0	44458	18759	94	
11382	0	44460	18764	94	
11383	0	44464	18763	94	
11384	0	44466	18772	94	
11385	0	44468	18776	94	
11386	0	44475	18776	94	
11387	0	44479	18778	94	
11388	0	44484	18780	94	
11389	0	44485	18779	94	
11390	0	44478	18785	94	
11391	0	44487	18783	94	
11392	0	44486	18783	94	
11393	0	44498	18788	94	
11394	0	44494	18784	94	
11395	0	44498	18789	94	
11396	0	44502	18791	94	
11397	0	44509	18790	94	
11398	0	44505	18791	94	
11399	0	44513	18797	94	
11400	0	44523	18797	94	
11401	0	44524	18799	94	
11402	0	44527	18800	94	
11403	0	44536	18804	94	
11404	0	44538	18808	94	
11405	0	44544	18808	94	
11406	0	44546	18811	94	
11407	0	44549	18812	94	
11408	0	44541	18811	94	
11409	0	44527	18800	94	
11410	0	44508	18779	94	
11411	0	44477	18770	94	
11412	0	44447	18747	94	
11413	0	44418	18728	94	
11414	0	44392	18711	94	
11415	0	44376	18699	94	
11416	0	44364	18688	94	
11417	0	44357	18678	94	
11418	0	44351	18675	94	
11419	0	44350	18676	94	
11420	0	44353	18672	94	
11421	0	44353	18673	94	
11422	0	44355	18678	94	
11423	0	44360	18682	94	
11424	0	44371	18686	94	
11425	0	44369	18689	94	
11426	0	44370	18695	94	
11427	0	44381	18694	94	
11428	0	44389	18699	94	
11429	0	44396	18704	94	
11430	0	44400	18711	94	
11431	0	44402	18711	94	
11432	0	44404	18714	94	
11433	0	44407	18715	94	
11434	0	44406	18716	94	
11435	0	44409	18716	94	
11436	0	44395	18710	94	
11437	0	44388	18707	94	
11438	0	44389	18706	94	
11439	0	44388	18704	94	
11440	0	44388	18700	94	
11441	0	44387	18701	94	
11442	0	44394	18700	94	
11443	0	44395	18702	94	
11444	0	44392	18698	94	
11445	0	44398	18698	94	
11446	0	44406	18701	94	
11447	0	44405	18707	94	
11448	0	44409	18714	94	
11449	0	44417	18719	94	
11450	0	44418	18724	94	
11451	0	44425	18723	94	
11452	0	44431	18729	94	
11453	0	44441	18732	94	
11454	0	44444	18737	94	
11455	0	44453	18737	94	
11456	0	44456	18738	94	
11457	0	44457	18742	94	
11458	0	44460	18744	94	
11459	0	44466	18746	94	
11460	0	44468	18748	94	
11461	0	44471	18755	94	
11462	0	44476	18761	94	
11463	0	44476	18763	94	
11464	0	44478	18763	94	
11465	0	44490	18765	94	
11466	0	44490	18767	94	
11467	0	44490	18768	94	
11468	0	44487	18767	94	
11469	0	44496	18766	94	
11470	0	44496	18772	94	
11471	0	44501	18775	94	
11472	0	44504	18778	94	
11473	0	44514	18778	94	
11474	0	44516	18786	94	
11475	0	44525	18784	94	
11476	0	44524	18787	94	
11477	0	44538	18790	94	
11478	0	44539	18792	94	
11479	0	44539	18793	94	
11480	0	44549	18800	94	
11481	0	44545	18797	94	
11482	0	44536	18790	94	
11483	0	44523	18783	94	
11484	0	44496	18766	94	
11485	0	44471	18750	94	
11486	0	44440	18734	94	
11487	0	44410	18712	94	
11488	0	44383	18696	94	
11489	0	44360	18683	94	
11490	0	44347	18673	94	
11491	0	44339	18662	94	
11492	0	44331	18658	94	
11493	0	44325	18655	94	
11494	0	44337	18659	94	
11495	0	44341	18659	94	
11496	0	44344	18660	94	
11497	0	44346	18666	94	
11498	0	44351	18670	94	
11499	0	44360	18677	94	
11500	0	44363	18680	94	
11501	0	44369	18682	94	
11502	0	44367	18685	94	
11503	0	44379	18684	94	
11504	0	44377	18689	94	
11505	0	44379	18694	94	
11506	0	44391	18695	94	
11507	0	44388	18701	94	
11508	0	44395	18699	94	
11509	0	44385	18697	94	
11510	0	44387	18696	94	
11511	0	44384	18694	94	
11512	0	44382	18692	94	
11513	0	44385	18688	94	
11514	0	44384	18690	94	
11515	0	44378	18689	94	
11516	0	44385	18691	94	
11517	0	44392	18693	94	
11518	0	44392	18692	94	
11519	0	44400	18692	94	
11520	0	44396	18702	94	
11521	0	44404	18702	94	
11522	0	44413	18700	94	
11523	0	44417	18707	94	
11524	0	44423	18709	94	
11525	0	44421	18717	94	
11526	0	44431	18720	94	
11527	0	44434	18723	94	
11528	0	44439	18732	94	
11529	0	44448	18736	94	
11530	0	44461	18736	94	
11531	0	44469	18739	94	
11532	0	44476	18743	94	
11533	0	44476	18745	94	
11534	0	44482	18747	94	
11535	0	44489	18748	94	
11536	0	44489	18757	94	
11537	0	44492	18756	94	
11538	0	44496	18758	94	
11539	0	44501	18757	94	
11540	0	44509	18759	94	
11541	0	44506	18759	94	
11542	0	44512	18763	94	
11543	0	44510	18762	94	
11544	0	44507	18760	94	
11545	0	44514	18763	94	
11546	0	44509	18763	94	
11547	0	44513	18768	94	
11548	0	44521	18777	94	
11549	0	44524	18777	94	
11550	0	44528	18783	94	
11551	0	44538	18785	94	
11552	0	44545	18791	94	
11553	0	44547	18790	94	
11554	0	44556	18796	94	
11555	0	44564	18794	94	
11556	0	44565	18798	94	
11557	0	44568	18798	94	
11558	0	44568	18803	94	
11559	0	44562	18800	94	
11560	0	44545	18784	94	
11561	0	44517	18776	94	
11562	0	44484	18751	94	
11563	0	44445	18726	94	
11564	0	44412	18702	94	
11565	0	44384	18683	94	
11566	0	44359	18667	94	
11567	0	44353	18655	94	
11568	0	44339	18650	94	
11569	0	44337	18644	94	
11570	0	44334	18644	94	
11571	0	44333	18644	94	
11572	0	44348	18649	94	
11573	0	44350	18650	94	
11574	0	44354	18654	94	
11575	0	44352	18656	94	
11576	0	44358	18658	94	
11577	0	44355	18663	94	
11578	0	44363	18663	94	
11579	0	44364	18666	94	
11580	0	44366	18668	94	
11581	0	44380	18675	94	
11582	0	44382	18679	94	
11583	0	44393	18675	94	
11584	0	44393	18678	94	
11585	0	44398	18681	94	
11586	0	44393	18682	94	
11587	0	44386	18673	94	
11588	0	44388	18671	94	
11589	0	44387	18669	94	
11590	0	44375	18666	94	
11591	0	44376	18662	94	
11592	0	44378	18663	94	
11593	0	44371	18665	94	
11594	0	44377	18662	94	
11595	0	44379	18659	94	
11596	0	44384	18659	94	
11597	0	44383	18661	94	
11598	0	44391	18664	94	
11599	0	44391	18667	94	
11600	0	44397	18672	94	
11601	0	44398	18675	94	
11602	0	44408	18680	94	
11603	0	44407	18682	94	
11604	0	44414	18686	94	
11605	0	44430	18690	94	
11606	0	44433	18693	94	
11607	0	44437	18696	94	
11608	0	44445	18700	94	
11609	0	44449	18696	94	
11610	0	44444	18705	94	
11611	0	44452	18702	94	
11612	0	44446	18708	94	
11613	0	44453	18704	94	
11614	0	44453	18707	94	
11615	0	44458	18712	94	
11616	0	44462	18715	94	
11617	0	44460	18714	94	
11618	0	44462	18715	94	
11619	0	44472	18716	94	
11620	0	44472	18717	94	
11621	0	44471	18717	94	
11622	0	44476	18716	94	
11623	0	44479	18715	94	
11624	0	44481	18719	94	
11625	0	44486	18725	94	
11626	0	44494	18729	94	
11627	0	44498	18728	94	
11628	0	44510	18730	94	
11629	0	44512	18735	94	
11630	0	44518	18736	94	
11631	0	44517	18737	94	
11632	0	44520	18742	94	
11633	0	44516	18742	94	
11634	0	44503	18737	94	
11635	0	44485	18729	94	
11636	0	44455	18716	94	
11637	0	44433	18696	94	
11638	0	44399	18675	94	
11639	0	44368	18657	94	
11640	0	44351	18641	94	
11641	0	44330	18626	94	
11642	0	44317	18619	94	
11643	0	44309	18606	94	
11644	0	44301	18604	94	
11645	0	44306	18606	94	
11646	0	44300	18606	94	
11647	0	44311	18610	94	
11648	0	44308	18610	94	
11649	0	44319	18619	94	
11650	0	44325	18622	94	
11651	0	44337	18625	94	
11652	0	44337	18630	94	
11653	0	44338	18631	94	
11654	0	44343	18632	94	
11655	0	44339	18631	94	
11656	0	44347	18639	94	
11657	0	44356	18641	94	
11658	0	44355	18644	94	
11659	0	44353	18643	94	
11660	0	44362	18648	94	
11661	0	44358	18641	94	
11662	0	44365	18643	94	
11663	0	44356	18639	94	
11664	0	44351	18638	94	
11665	0	44350	18634	94	
11666	0	44350	18631	94	
11667	0	44354	18634	94	
11668	0	44343	18633	94	
11669	0	44345	18636	94	
11670	0	44354	18639	94	
11671	0	44362	18643	94	
11672	0	44368	18642	94	
11673	0	44371	18647	94	
11674	0	44382	18651	94	
11675	0	44388	18654	94	
11676	0	44388	18656	94	
11677	0	44392	18657	94	
11678	0	44403	18666	94	
11679	0	44400	18673	94	
11680	0	44414	18677	94	
11681	0	44426	18678	94	
11682	0	44431	18682	94	
11683	0	44443	18689	94	
11684	0	44441	18690	94	
11685	0	44447	18689	94	
11686	0	44451	18694	94	
11687	0	44449	18695	94	
11688	0	44455	18695	94	
11689	0	44451	18699	94	
11690	0	44460	18702	94	
11691	0	44465	18709	94	
11692	0	44467	18714	94	
11693	0	44478	18710	94	
11694	0	44485	18713	94	
11695	0	44485	18709	94	
11696	0	44485	18713	94	
11697	0	44484	18710	94	
11698	0	44488	18713	94	
11699	0	44494	18716	94	
11700	0	44501	18719	94	
11701	0	44500	18723	94	
11702	0	44507	18722	94	
11703	0	44509	18725	94	
11704	0	44519	18725	94	
11705	0	44523	18733	94	
11706	0	44524	18732	94	
11707	0	44527	18733	94	
11708	0	44538	18739	94	
11709	0	44545	18742	94	
11710	0	44545	18749	94	
11711	0	44533	18746	94	
11712	0	44526	18741	94	
11713	0	44504	18726	94	
11714	0	44473	18706	94	
11715	0	44442	18687	94	
11716	0	44408	18664	94	
11717	0	44376	18644	94	
11718	0	44347	18622	94	
11719	0	44331	18608	94	
11720	0	44311	18597	94	
11721	0	44304	18595	94	
11722	0	44300	18588	94	
11723	0	44303	18585	94	
11724	0	44299	18589	94	
11725	0	44305	18590	94	
11726	0	44305	18592	94	
11727	0	44312	18598	94	
11728	0	44311	18602	94	
11729	0	44319	18602	94	
11730	0	44325	18607	94	
11731	0	44329	18608	94	
11732	0	44325	18612	94	
11733	0	44335	18611	94	
11734	0	44337	18616	94	
11735	0	44340	18616	94	
11736	0	44345	18620	94	
11737	0	44343	18620	94	
11738	0	44348	18622	94	
11739	0	44340	18623	94	
11740	0	44342	18622	94	
11741	0	44348	18617	94	
11742	0	44337	18619	94	
11743	0	44346	18617	94	
11744	0	44338	18618	94	
11745	0	44336	18617	94	
11746	0	44327	18619	94	
11747	0	44328	18616	94	
11748	0	44341	18624	94	
11749	0	44340	18626	94	
11750	0	44353	18630	94	
11751	0	44354	18630	94	
11752	0	44363	18637	94	
11753	0	44369	18641	94	
11754	0	44387	18645	94	
11755	0	44393	18652	94	
11756	0	44398	18652	94	
11757	0	44405	18655	94	
11758	0	44408	18660	94	
11759	0	44416	18664	94	
11760	0	44413	18667	94	
11761	0	44423	18673	94	
11762	0	44428	18680	94	
11763	0	44440	18683	94	
11764	0	44444	18680	94	
11765	0	44445	18683	94	
11766	0	44460	18685	94	
11767	0	44460	18687	94	
11768	0	44457	18687	94	
11769	0	44463	18687	94	
11770	0	44462	18686	94	
11771	0	44473	18694	94	
11772	0	44470	18689	94	
11773	0	44477	18693	94	
11774	0	44476	18696	94	
11775	0	44476	18696	94	
11776	0	44466	18698	94	
11777	0	44470	18694	94	
11778	0	44469	18697	94	
11779	0	44478	18702	94	
11780	0	44482	18709	94	
11781	0	44490	18710	94	
11782	0	44496	18708	94	
11783	0	44501	18714	94	
11784	0	44503	18716	94	
11785	0	44510	18719	94	
11786	0	44515	18721	94	
11787	0	44518	18725	94	
11788	0	44520	18729	94	
11789	0	44534	18733	94	
11790	0	44535	18731	94	
11791	0	44537	18737	94	
11792	0	44542	18732	94	
11793	0	44530	18729	94	
11794	0	44518	18722	94	
11795	0	44491	18702	94	
11796	0	44455	18684	94	
11797	0	44420	18658	94	
11798	0	44380	18635	94	
11799	0	44351	18615	94	
11800	0	44328	18595	94	
11801	0	44309	18588	94	
11802	0	44303	18578	94	
11803	0	44298	18575	94	
11804	0	44298	18574	94	
11805	0	44297	18568	94	
11806	0	44295	18571	94	
11807	0	44301	18570	94	
11808	0	44304	18575	94	
11809	0	44312	18576	94	
11810	0	44316	18577	94	
11811	0	44316	18582	94	
11812	0	44321	18582	94	
11813	0	44318	18581	94	
11814	0	44321	18590	94	
11815	0	44323	18588	94	
11816	0	44327	18592	94	
11817	0	44337	18594	94	
11818	0	44334	18596	94	
11819	0	44332	18593	94	
11820	0	44332	18596	94	
11821	0	44332	18597	94	
11822	0	44335	18595	94	
11823	0	44338	18597	94	
11824	0	44337	18592	94	
11825	0	44335	18595	94	
11826	0	44340	18593	94	
11827	0	44330	18590	94	
11828	0	44337	18590	94	
11829	0	44337	18597	94	
11830	0	44337	18598	94	
11831	0	44343	18600	94	
11832	0	44347	18610	94	
11833	0	44357	18612	94	
11834	0	44366	18616	94	
11835	0	44371	18622	94	
11836	0	44382	18623	94	
11837	0	44384	18625	94	
11838	0	44398	18627	94	
11839	0	44396	18634	94	
11840	0	44401	18636	94	
11841	0	44414	18638	94	
11842	0	44417	18645	94	
11843	0	44413	18643	94	
11844	0	44421	18647	94	
11845	0	44430	18653	94	
11846	0	44435	18654	94	
11847	0	44443	18659	94	
11848	0	44441	18657	94	
11849	0	44454	18656	94	
11850	0	44451	18659	94	
11851	0	44445	18664	94	
11852	0	44457	18664	94	
11853	0	44455	18666	94	
11854	0	44454	18669	94	
11855	0	44460	18671	94	
11856	0	44468	18676	94	
11857	0	44471	18678	94	
11858	0	44474	18680	94	
11859	0	44479	18680	94	
11860	0	44479	18681	94	
11861	0	44476	18680	94	
11862	0	44477	18686	94	
11863	0	44484	18687	94	
11864	0	44484	18691	94	
11865	0	44492	18695	94	
11866	0	44493	18698	94	
11867	0	44503	18699	94	
11868	0	44511	18704	94	
11869	0	44516	18710	94	
11870	0	44524	18713	94	
11871	0	44529	18720	94	
11872	0	44536	18722	94	
11873	0	44542	18721	94	
11874	0	44541	18725	94	
11875	0	44538	18725	94	
11876	0	44529	18722	94	
11877	0	44512	18712	94	
11878	0	44484	18691	94	
11879	0	44449	18675	94	
11880	0	44415	18655	94	
11881	0	44389	18635	94	
11882	0	44355	18611	94	
11883	0	44351	18603	94	
11884	0	44335	18590	94	
11885	0	44333	18583	94	
11886	0	44327	18580	94	
11887	0	44330	18583	94	
11888	0	44335	18585	94	
11889	0	44339	18584	94	
11890	0	44335	18593	94	
11891	0	44345	18600	94	
11892	0	44357	18598	94	
11893	0	44364	18605	94	
11894	0	44369	18605	94	
11895	0	44373	18608	94	
11896	0	44375	18613	94	
11897	0	44379	18614	94	
11898	0	44387	18620	94	
11899	0	44393	18626	94	
11900	0	44393	18626	94	
11901	0	44392	18630	94	
11902	0	44398	18635	94	
11903	0	44397	18633	94	
11904	0	44399	18634	94	
11905	0	44399	18633	94	
11906	0	44396	18635	94	
11907	0	44393	18631	94	
11908	0	44395	18631	94	
11909	0	44399	18630	94	
11910	0	44401	18630	94	
11911	0	44407	18635	94	
11912	0	44405	18634	94	
11913	0	44414	18639	94	
11914	0	44415	18637	94	
11915	0	44423	18647	94	
11916	0	44426	18647	94	
11917	0	44431	18654	94	
11918	0	44433	18654	94	
11919	0	44442	18661	94	
11920	0	44450	18671	94	
11921	0	44462	18674	94	
11922	0	44471	18679	94	
11923	0	44476	18683	94	
11924	0	44489	18687	94	
11925	0	44493	18691	94	
11926	0	44495	18689	94	
11927	0	44492	18693	94	
11928	0	44501	18695	94	
11929	0	44504	18695	94	
11930	0	44505	18702	94	
11931	0	44511	18704	94	
11932	0	44514	18703	94	
11933	0	44508	18700	94	
11934	0	44521	18708	94	
11935	0	44525	18706	94	
11936	0	44529	18709	94	
11937	0	44529	18706	94	
11938	0	44527	18711	94	
11939	0	44520	18714	94	
11940	0	44524	18714	94	
11941	0	44531	18720	94	
11942	0	44537	18719	94	
11943	0	44537	18726	94	
11944	0	44544	18731	94	
11945	0	44553	18734	94	
11946	0	44556	18733	94	
11947	0	44559	18738	94	
11948	0	44554	18742	94	
11949	0	44554	18747	94	
11950	0	44566	18747	94	
11951	0	44575	18751	94	
11952	0	44577	18758	94	
11953	0	44585	18769	94	
11954	0	44586	18774	94	
11955	0	44600	18774	94	
11956	0	44593	18777	94	
11957	0	44593	18775	94	
11958	0	44585	18768	94	
11959	0	44558	18752	94	
11960	0	44529	18732	94	
11961	0	44492	18712	94	
11962	0	44461	18691	94	
11963	0	44428	18670	94	
11964	0	44409	18656	94	
11965	0	44389	18641	94	
11966	0	44382	18639	94	
11967	0	44380	18630	94	
11968	0	44369	18626	94	
11969	0	44379	18626	94	
11970	0	44381	18632	94	
11971	0	44383	18629	94	
11972	0	44398	18637	94	
11973	0	44405	18643	94	
11974	0	44409	18647	94	
11975	0	44419	18653	94	
11976	0	44428	18655	94	
11977	0	44437	18663	94	
11978	0	44449	18671	94	
11979	0	44459	18671	94	
11980	0	44469	18680	94	
11981	0	44468	18678	94	
11982	0	44468	18678	94	
11983	0	44464	18674	94	
11984	0	44463	18676	94	
11985	0	44450	18674	94	
11986	0	44443	18673	94	
11987	0	44433	18663	94	
11988	0	44436	18668	94	
11989	0	44431	18660	94	
11990	0	44430	18661	94	
11991	0	44429	18668	94	
11992	0	44443	18674	94	
11993	0	44448	18680	94	
11994	0	44457	18686	94	
11995	0	44463	18693	94	
11996	0	44474	18692	94	
11997	0	44475	18697	94	
11998	0	44480	18699	94	
11999	0	44491	18707	94	
12000	0	44497	18714	94	
12001	0	44503	18717	94	
12002	0	44512	18720	94	
12003	0	44518	18726	94	
12004	0	44523	18731	94	
12005	0	44523	18732	94	
12006	0	44535	18736	94	
12007	0	44541	18742	94	
12008	0	44543	18744	94	
12009	0	44542	18749	94	
12010	0	44545	18749	94	
12011	0	44553	18754	94	
12012	0	44557	18758	94	
12013	0	44561	18763	94	
12014	0	44562	18765	94	
12015	0	44574	18771	94	
12016	0	44567	18773	94	
12017	0	44572	18777	94	
12018	0	44580	18776	94	
12019	0	44584	18779	94	
12020	0	44578	18786	94	
12021	0	44586	18790	94	
12022	0	44592	18798	94	
12023	0	44597	18801	94	
12024	0	44596	18809	94	
12025	0	44609	18811	94	
12026	0	44625	18824	94	
12027	0	44636	18832	94	
12028	0	44646	18833	94	
12029	0	44654	18840	94	
12030	0	44671	18837	94	
12031	0	44671	18850	94	
12032	0	44673	18845	94	
12033	0	44673	18850	94	
12034	0	44669	18849	94	
12035	0	44642	18837	94	
12036	0	44624	18825	94	
12037	0	44586	18803	94	
12038	0	44552	18787	94	
12039	0	44522	18764	94	
12040	0	44500	18747	94	
12041	0	44473	18732	94	
12042	0	44453	18717	94	
12043	0	44435	18707	94	
12044	0	44426	18703	94	
12045	0	44430	18704	94	
12046	0	44426	18705	94	
12047	0	44426	18714	94	
12048	0	44436	18720	94	
12049	0	44441	18725	94	
12050	0	44452	18733	94	
12051	0	44457	18739	94	
12052	0	44470	18747	94	
12053	0	44480	18759	94	
12054	0	44490	18766	94	
12055	0	44508	18770	94	
12056	0	44514	18779	94	
12057	0	44527	18788	94	
12058	0	44526	18791	94	
12059	0	44532	18798	94	
12060	0	44542	18798	94	
12061	0	44544	18802	94	
12062	0	44547	18800	94	
12063	0	44543	18799	94	
12064	0	44540	18793	94	
12065	0	44542	18793	94	
12066	0	44539	18793	94	
12067	0	44541	18788	94	
12068	0	44544	18794	94	
12069	0	44543	18795	94	
12070	0	44548	18798	94	
12071	0	44548	18796	94	
12072	0	44557	18801	94	
12073	0	44566	18800	94	
12074	0	44579	18805	94	
12075	0	44583	18812	94	
12076	0	44596	18815	94	
12077	0	44603	18819	94	
12078	0	44607	18823	94	
12079	0	44613	18828	94	
12080	0	44630	18832	94	
12081	0	44630	18828	94	
12082	0	44638	18836	94	
12083	0	44641	18836	94	
12084	0	44648	18839	94	
12085	0	44657	18841	94	
12086	0	44662	18844	94	
12087	0	44672	18842	94	
12088	0	44672	18844	94	
12089	0	44671	18847	94	
12090	0	44683	18842	94	
12091	0	44676	18851	94	
12092	0	44683	18849	94	
12093	0	44688	18851	94	
12094	0	44693	18848	94	
12095	0	44696	18846	94	
12096	0	44699	18854	94	
12097	0	44703	18850	94	
12098	0	44701	18854	94	
12099	0	44698	18851	94	
12100	0	44703	18850	94	
12101	0	44698	18853	94	
12102	0	44702	18854	94	
12103	0	44701	18855	94	
12104	0	44703	18865	94	
12105	0	44706	18866	94	
12106	0	44713	18877	94	
12107	0	44728	18882	94	
12108	0	44743	18884	94	
12109	0	44742	18888	94	
12110	0	44735	18880	94	
12111	0	44717	18875	94	
12112	0	44698	18861	94	
12113	0	44671	18836	94	
12114	0	44636	18820	94	
12115	0	44594	18794	94	
12116	0	44567	18776	94	
12117	0	44544	18762	94	
12118	0	44522	18749	94	
12119	0	44515	18747	94	
12120	0	44523	18744	94	
12121	0	44525	18741	94	
12122	0	44524	18742	94	
12123	0	44533	18743	94	
12124	0	44529	18745	94	
12125	0	44544	18750	94	
12126	0	44544	18753	94	
12127	0	44551	18762	94	
12128	0	44554	18765	94	
12129	0	44572	18768	94	
12130	0	44583	18776	94	
12131	0	44588	18774	94	
12132	0	44591	18781	94	
12133	0	44593	18785	94	
12134	0	44593	18784	94	
12135	0	44600	18783	94	
12136	0	44599	18784	94	
12137	0	44597	18781	94	
12138	0	44590	18782	94	
12139	0	44587	18777	94	
12140	0	44590	18781	94	
12141	0	44585	18778	94	
12142	0	44584	18778	94	
12143	0	44591	18782	94	
12144	0	44599	18781	94	
12145	0	44609	18782	94	
12146	0	44605	18784	94	
12147	0	44606	18780	94	
12148	0	44611	18784	94	
12149	0	44615	18791	94	
12150	0	44619	18795	94	
12151	0	44621	18801	94	
12152	0	44640	18809	94	
12153	0	44643	18814	94	
12154	0	44648	18819	94	
12155	0	44657	18827	94	
12156	0	44668	18830	94	
12157	0	44678	18835	94	
12158	0	44680	18835	94	
12159	0	44692	18841	94	
12160	0	44696	18840	94	
12161	0	44698	18846	94	
12162	0	44706	18847	94	
12163	0	44699	18849	94	
12164	0	44707	18852	94	
12165	0	44702	18855	94	
12166	0	44705	18857	94	
12167	0	44714	18860	94	
12168	0	44726	18865	94	
12169	0	44730	18867	94	
12170	0	44729	18869	94	
12171	0	44736	18868	94	
12172	0	44735	18869	94	
12173	0	44744	18867	94	
12174	0	44746	18873	94	
12175	0	44745	18875	94	
12176	0	44754	18875	94	
12177	0	44748	18874	94	
12178	0	44755	18877	94	
12179	0	44759	18882	94	
12180	0	44767	18887	94	
12181	0	44777	18892	94	
12182	0	44785	18890	94	
12183	0	44775	18882	94	
12184	0	44765	18878	94	
12185	0	44739	18863	94	
12186	0	44712	18845	94	
12187	0	44680	18830	94	
12188	0	44644	18811	94	
12189	0	44613	18788	94	
12190	0	44595	18776	94	
12191	0	44584	18761	94	
12192	0	44569	18753	94	
12193	0	44562	18750	94	
12194	0	44558	18744	94	
12195	0	44564	18743	94	
12196	0	44563	18745	94	
12197	0	44563	18744	94	
12198	0	44570	18750	94	
12199	0	44571	18752	94	
12200	0	44585	18760	94	
12201	0	44591	18768	94	
12202	0	44602	18769	94	
12203	0	44612	18776	94	
12204	0	44615	18780	94	
12205	0	44639	18787	94	
12206	0	44645	18786	94	
12207	0	44653	18785	94	
12208	0	44653	18784	94	
12209	0	44643	18781	94	
12210	0	44644	18777	94	
12211	0	44634	18772	94	
12212	0	44626	18766	94	
12213	0	44620	18769	94	
12214	0	44624	18763	94	
12215	0	44617	18760	94	
12216	0	44622	18754	94	
12217	0	44615	18760	94	
12218	0	44621	18754	94	
12219	0	44621	18755	94	
12220	0	44628	18754	94	
12221	0	44627	18756	94	
12222	0	44635	18764	94	
12223	0	44633	18763	94	
12224	0	44638	18763	94	
12225	0	44644	18772	94	
12226	0	44654	18774	94	
12227	0	44665	18779	94	
12228	0	44667	18780	94	
12229	0	44670	18785	94	
12230	0	44678	18780	94	
12231	0	44671	18783	94	
12232	0	44671	18790	94	
12233	0	44675	18788	94	
12234	0	44687	18791	94	
12235	0	44690	18795	94	
12236	0	44686	18792	94	
12237	0	44691	18792	94	
12238	0	44686	18791	94	
12239	0	44690	18792	94	
12240	0	44688	18797	94	
12241	0	44689	18792	94	
12242	0	44692	18800	94	
12243	0	44698	18800	94	
12244	0	44699	18801	94	
12245	0	44703	18801	94	
12246	0	44706	18802	94	
12247	0	44715	18801	94	
12248	0	44717	18803	94	
12249	0	44718	18804	94	
12250	0	44716	18803	94	
12251	0	44720	18808	94	
12252	0	44723	18809	94	
12253	0	44717	18803	94	
12254	0	44709	18799	94	
12255	0	44690	18789	94	
12256	0	44670	18777	94	
12257	0	44636	18759	94	
12258	0	44605	18750	94	
12259	0	44590	18732	94	
12260	0	44572	18714	94	
12261	0	44552	18701	94	
12262	0	44541	18699	94	
12263	0	44540	18690	94	
12264	0	44530	18683	94	
12265	0	44531	18683	94	
12266	0	44531	18682	94	
12267	0	44529	18685	94	
12268	0	44534	18686	94	
12269	0	44540	18692	94	
12270	0	44546	18695	94	
12271	0	44553	18707	94	
12272	0	44560	18711	94	
12273	0	44564	18715	94	
12274	0	44578	18717	94	
12275	0	44585	18720	94	
12276	0	44589	18727	94	
12277	0	44591	18732	94	
12278	0	44604	18728	94	
12279	0	44597	18732	94	
12280	0	44600	18726	94	
12281	0	44589	18724	94	
12282	0	44589	18723	94	
12283	0	44581	18723	94	
12284	0	44576	18718	94	
12285	0	44578	18717	93	
12286	0	44584	18718	93	
12287	0	44582	18717	93	
12288	0	44584	18720	93	
12289	0	44585	18722	93	
12290	0	44590	18723	93	
12291	0	44587	18727	93	
12292	0	44598	18728	93	
12293	0	44604	18735	93	
12294	0	44610	18739	93	
12295	0	44614	18746	93	
12296	0	44620	18755	93	
12297	0	44629	18756	93	
12298	0	44634	18757	93	
12299	0	44637	18762	93	
12300	0	44640	18764	93	
12301	0	44651	18763	93	
12302	0	44658	18770	93	
12303	0	44657	18772	93	
12304	0	44665	18779	93	
12305	0	44658	18777	93	
12306	0	44669	18779	93	
12307	0	44672	18781	93	
12308	0	44669	18782	93	
12309	0	44675	18782	93	
12310	0	44683	18784	93	
12311	0	44679	18789	93	
12312	0	44681	18791	93	
12313	0	44684	18792	93	
12314	0	44690	18795	93	
12315	0	44692	18795	93	
12316	0	44699	18795	93	
12317	0	44698	18798	93	
12318	0	44707	18809	93	
12319	0	44712	18812	93	
12320	0	44707	18808	93	
12321	0	44709	18812	93	
12322	0	44710	18812	93	
12323	0	44694	18807	93	
12324	0	44685	18800	93	
12325	0	44661	18790	93	
12326	0	44640	18772	93	
12327	0	44609	18756	93	
12328	0	44577	18737	93	
12329	0	44555	18719	93	
12330	0	44531	18701	93	
12331	0	44513	18695	93	
12332	0	44496	18682	93	
12333	0	44495	18676	93	
12334	0	44491	18678	93	
12335	0	44498	18684	93	
12336	0	44506	18682	93	
12337	0	44510	18682	93	
12338	0	44515	18686	93	
12339	0	44517	18686	93	
12340	0	44514	18686	93	
12341	0	44511	18692	93	
12342	0	44516	18693	93	
12343	0	44521	18698	93	
12344	0	44530	18701	93	
12345	0	44534	18703	93	
12346	0	44543	18707	93	
12347	0	44551	18712	93	
12348	0	44554	18713	93	
12349	0	44551	18712	93	
12350	0	44554	18719	93	
12351	0	44555	18715	93	
12352	0	44555	18713	93	
12353	0	44547	18714	93	
12354	0	44545	18714	93	
12355	0	44548	18717	93	
12356	0	44549	18712	93	
12357	0	44555	18715	93	
12358	0	44555	18717	93	
12359	0	44566	18720	93	
12360	0	44576	18725	93	
12361	0	44584	18724	93	
12362	0	44581	18727	93	
12363	0	44596	18728	93	
12364	0	44600	18734	93	
12365	0	44596	18735	93	
12366	0	44599	18737	93	
12367	0	44610	18742	93	
12368	0	44611	18747	93	
12369	0	44625	18751	93	
12370	0	44624	18754	93	
12371	0	44631	18756	93	
12372	0	44639	18760	93	
12373	0	44643	18764	93	
12374	0	44641	18768	93	
12375	0	44656	18770	93	
12376	0	44658	18771	93	
12377	0	44651	18777	93	
12378	0	44657	18775	93	
12379	0	44662	18776	93	
12380	0	44661	18780	93	
12381	0	44670	18784	93	
12382	0	44676	18786	93	
12383	0	44681	18787	93	
12384	0	44685	18788	93	
12385	0	44688	18789	93	
12386	0	44687	18796	93	
12387	0	44688	18789	93	
12388	0	44691	18792	93	
12389	0	44695	18797	93	
12390	0	44698	18799	93	
12391	0	44707	18802	93	
12392	0	44711	18806	93	
12393	0	44704	18810	93	
12394	0	44713	18811	93	
12395	0	44713	18811	93	
12396	0	44706	18807	93	
12397	0	44700	18801	93	
12398	0	44679	18788	93	
12399	0	44642	18770	93	
12400	0	44613	18751	93	
12401	0	44573	18727	93	
12402	0	44546	18708	93	
12403	0	44524	18693	93	
12404	0	44506	18681	93	
12405	0	44493	18676	93	
12406	0	44488	18670	93	
12407	0	44481	18664	93	
12408	0	44489	18661	93	
12409	0	44480	18663	93	
12410	0	44484	18663	93	
12411	0	44491	18664	93	
12412	0	44481	18670	93	
12413	0	44486	18672	93	
12414	0	44487	18671	93	
12415	0	44490	18677	93	
12416	0	44494	18681	93	
12417	0	44508	18681	93	
12418	0	44509	18688	93	
12419	0	44523	18690	93	
12420	0	44531	18695	93	
12421	0	44533	18699	93	
12422	0	44530	18698	93	
12423	0	44529	18700	93	
12424	0	44530	18696	93	
12425	0	44528	18703	93	
12426	0	44523	18701	93	
12427	0	44517	18696	93	
12428	0	44517	18703	93	
12429	0	44522	18703	93	
12430	0	44527	18707	93	
12431	0	44534	18705	93	
12432	0	44533	18709	93	
12433	0	44538	18706	93	
12434	0	44537	18710	93	
12435	0	44545	18712	93	
12436	0	44558	18719	93	
12437	0	44552	18721	93	
12438	0	44562	18726	93	
12439	0	44563	18728	93	
12440	0	44567	18739	93	
12441	0	44586	18737	93	
12442	0	44588	18743	93	
12443	0	44600	18747	93	
12444	0	44597	18751	93	
12445	0	44603	18753	93	
12446	0	44613	18755	93	
12447	0	44615	18757	93	
12448	0	44618	18755	93	
12449	0	44616	18761	93	
12450	0	44625	18761	93	
12451	0	44622	18764	93	
12452	0	44632	18761	93	
12453	0	44632	18764	93	
12454	0	44634	18768	93	
12455	0	44638	18766	93	
12456	0	44635	18768	93	
12457	0	44640	18768	93	
12458	0	44644	18768	93	
12459	0	44636	18768	93	
12460	0	44641	18768	93	
12461	0	44646	18766	93	
12462	0	44646	18771	93	
12463	0	44644	18771	93	
12464	0	44655	18773	93	
12465	0	44656	18775	93	
12466	0	44658	18778	93	
12467	0	44659	18782	93	
12468	0	44667	18783	93	
12469	0	44668	18790	93	
12470	0	44677	18790	93	
12471	0	44682	18796	93	
12472	0	44686	18796	93	
12473	0	44693	18802	93	
12474	0	44689	18803	93	
12475	0	44675	18796	93	
12476	0	44657	18786	93	
12477	0	44627	18770	93	
12478	0	44599	18749	93	
12479	0	44567	18732	93	
12480	0	44533	18713	93	
12481	0	44515	18694	93	
12482	0	44482	18678	93	
12483	0	44474	18670	93	
12484	0	44470	18659	93	
12485	0	44461	18660	93	
12486	0	44467	18659	93	
12487	0	44469	18657	93	
12488	0	44469	18659	93	
12489	0	44470	18665	93	
12490	0	44473	18664	93	
12491	0	44472	18671	93	
12492	0	44483	18675	93	
12493	0	44481	18678	93	
12494	0	44486	18679	93	
12495	0	44494	18687	93	
12496	0	44499	18692	93	
12497	0	44507	18694	93	
12498	0	44515	18701	93	
12499	0	44518	18702	93	
12500	0	44522	18706	93	
12501	0	44523	18709	93	
12502	0	44529	18705	93	
12503	0	44526	18703	93	
12504	0	44523	18706	93	
12505	0	44521	18701	93	
12506	0	44522	18702	93	
12507	0	44524	18703	93	
12508	0	44520	18703	93	
12509	0	44518	18701	93	
12510	0	44527	18705	93	
12511	0	44528	18707	93	
12512	0	44536	18707	93	
12513	0	44541	18709	93	
12514	0	44549	18712	93	
12515	0	44555	18718	93	
12516	0	44564	18720	93	
12517	0	44570	18722	93	
12518	0	44571	18726	93	
12519	0	44573	18729	93	
12520	0	44581	18736	93	
12521	0	44589	18736	93	
12522	0	44592	18741	93	
12523	0	44603	18746	93	
12524	0	44610	18746	93	
12525	0	44613	18745	93	
12526	0	44614	18750	93	
12527	0	44615	18748	93	
12528	0	44615	18754	93	
12529	0	44614	18755	93	
12530	0	44624	18758	93	
12531	0	44628	18764	93	
12532	0	44636	18767	93	
12533	0	44637	18768	93	
12534	0	44638	18768	93	
12535	0	44636	18766	93	
12536	0	44639	18768	93	
12537	0	44641	18773	93	
12538	0	44651	18774	93	
12539	0	44654	18778	93	
12540	0	44658	18777	93	
12541	0	44658	18782	93	
12542	0	44661	18780	93	
12543	0	44663	18789	93	
12544	0	44671	18786	93	
12545	0	44674	18790	93	
12546	0	44679	18795	93	
12547	0	44681	18795	93	
12548	0	44690	18797	93	
12549	0	44694	18798	93	
12550	0	44697	18800	93	
12551	0	44697	18800	93	
12552	0	44698	18801	93	
12553	0	44702	18807	93	
12554	0	44702	18811	93	
12555	0	44710	18816	93	
12556	0	44711	18816	93	
12557	0	44716	18822	93	
12558	0	44726	18826	93	
12559	0	44731	18828	93	
12560	0	44721	18830	93	
12561	0	44714	18823	93	
12562	0	44693	18811	93	
12563	0	44666	18790	93	
12564	0	44626	18771	93	
12565	0	44595	18747	93	
12566	0	44560	18720	93	
12567	0	44524	18702	93	
12568	0	44503	18687	93	
12569	0	44477	18677	93	
12570	0	44475	18671	93	
12571	0	44471	18667	93	
12572	0	44477	18668	93	
12573	0	44474	18665	93	
12574	0	44485	18667	93	
12575	0	44483	18670	93	
12576	0	44488	18669	93	
12577	0	44495	18676	93	
12578	0	44495	18677	93	
12579	0	44492	18675	93	
12580	0	44488	18674	93	
12581	0	44487	18677	93	
12582	0	44500	18678	93	
12583	0	44504	18685	93	
12584	0	44505	18688	93	
12585	0	44518	18689	93	
12586	0	44513	18692	93	
12587	0	44522	18692	93	
12588	0	44521	18696	93	
12589	0	44522	18691	93	
12590	0	44519	18693	93	
12591	0	44524	18691	93	
12592	0	44513	18695	93	
12593	0	44518	18693	93	
12594	0	44518	18696	93	
12595	0	44521	18694	93	
12596	0	44525	18697	93	
12597	0	44536	18696	93	
12598	0	44536	18701	93	
12599	0	44539	18703	93	
12600	0	44541	18706	93	
12601	0	44544	18709	93	
12602	0	44550	18713	93	
12603	0	44560	18719	93	
12604	0	44567	18723	93	
12605	0	44572	18733	93	
12606	0	44581	18735	93	
12607	0	44582	18743	93	
12608	0	44595	18746	93	
12609	0	44599	18744	93	
12610	0	44605	18746	93	
12611	0	44604	18752	93	
12612	0	44614	18758	93	
12613	0	44622	18758	93	
12614	0	44619	18761	93	
12615	0	44625	18765	93	
12616	0	44633	18768	93	
12617	0	44627	18769	93	
12618	0	44631	18769	93	
12619	0	44638	18767	93	
12620	0	44635	18772	93	
12621	0	44640	18774	93	
12622	0	44649	18775	93	
12623	0	44653	18782	93	
12624	0	44650	18781	93	
12625	0	44657	18781	93	
12626	0	44657	18783	93	
12627	0	44667	18786	93	
12628	0	44666	18789	93	
12629	0	44674	18788	93	
12630	0	44668	18793	93	
12631	0	44676	18795	93	
12632	0	44680	18800	93	
12633	0	44677	18807	93	
12634	0	44685	18811	93	
12635	0	44691	18814	93	
12636	0	44705	18820	93	
12637	0	44704	18824	93	
12638	0	44708	18824	93	
12639	0	44719	18831	93	
12640	0	44724	18832	93	
12641	0	44720	18833	93	
12642	0	44726	18837	93	
12643	0	44736	18842	93	
12644	0	44732	18844	93	
12645	0	44744	18848	93	
12646	0	44755	18852	93	
12647	0	44765	18856	93	
12648	0	44763	18860	93	
12649	0	44772	18859	93	
12650	0	44772	18864	93	
12651	0	44776	18864	93	
12652	0	44760	18859	93	
12653	0	44746	18850	93	
12654	0	44714	18836	93	
12655	0	44676	18811	93	
12656	0	44647	18788	93	
12657	0	44607	18764	93	
12658	0	44576	18742	93	
12659	0	44552	18723	93	
12660	0	44523	18711	93	
12661	0	44522	18700	93	
12662	0	44512	18697	93	
12663	0	44517	18695	93	
12664	0	44518	18697	93	
12665	0	44517	18696	93	
12666	0	44525	18698	93	
12667	0	44520	18699	93	
12668	0	44517	18701	93	
12669	0	44522	18703	93	
12670	0	44524	18705	93	
12671	0	44524	18708	93	
12672	0	44526	18703	93	
12673	0	44528	18709	93	
12674	0	44534	18715	93	
12675	0	44544	18721	93	
12676	0	44543	18724	93	
12677	0	44545	18723	93	
12678	0	44559	18728	93	
12679	0	44552	18727	93	
12680	0	44560	18727	93	
12681	0	44560	18729	93	
12682	0	44565	18730	93	
12683	0	44565	18734	93	
12684	0	44571	18730	93	
12685	0	44568	18727	93	
12686	0	44571	18730	93	
12687	0	44571	18728	93	
12688	0	44573	18728	93	
12689	0	44574	18722	93	
12690	0	44580	18723	93	
12691	0	44578	18724	93	
12692	0	44589	18732	93	
12693	0	44594	18736	93	
12694	0	44603	18739	93	
12695	0	44600	18742	93	
12696	0	44604	18739	93	
12697	0	44609	18745	93	
12698	0	44619	18748	93	
12699	0	44622	18753	93	
12700	0	44626	18756	93	
12701	0	44629	18759	93	
12702	0	44638	18763	93	
12703	0	44644	18765	93	
12704	0	44650	18769	93	
12705	0	44647	18773	93	
12706	0	44643	18774	93	
12707	0	44645	18777	93	
12708	0	44655	18780	93	
12709	0	44658	18782	93	
12710	0	44668	18785	93	
12711	0	44666	18784	93	
12712	0	44678	18789	93	
12713	0	44669	18786	93	
12714	0	44667	18795	93	
12715	0	44683	18794	93	
12716	0	44677	18795	93	
12717	0	44681	18798	93	
12718	0	44678	18802	93	
12719	0	44689	18802	93	
12720	0	44699	18807	93	
12721	0	44696	18805	93	
12722	0	44697	18810	93	
12723	0	44699	18813	93	
12724	0	44705	18812	93	
12725	0	44710	18817	93	
12726	0	44710	18821	93	
12727	0	44717	18818	93	
12728	0	44718	18822	93	
12729	0	44728	18829	93	
12730	0	44730	18827	93	
12731	0	44735	18827	93	
12732	0	44734	18833	93	
12733	0	44736	18834	93	
12734	0	44730	18833	93	
12735	0	44735	18839	93	
12736	0	44733	18840	93	
12737	0	44739	18847	93	
12738	0	44743	18851	93	
12739	0	44759	18860	93	
12740	0	44768	18863	93	
12741	0	44772	18866	93	
12742	0	44779	18864	93	
12743	0	44773	18867	93	
12744	0	44779	18868	93	
12745	0	44769	18863	93	
12746	0	44759	18859	93	
12747	0	44730	18840	93	
12748	0	44699	18824	93	
12749	0	44667	18796	93	
12750	0	44628	18771	93	
12751	0	44594	18745	93	
12752	0	44562	18725	93	
12753	0	44544	18714	93	
12754	0	44531	18699	93	
12755	0	44521	18695	93	
12756	0	44521	18689	93	
12757	0	44518	18688	93	
12758	0	44523	18690	93	
12759	0	44527	18687	93	
12760	0	44533	18688	93	
12761	0	44536	18684	93	
12762	0	44530	18685	93	
12763	0	44539	18683	93	
12764	0	44542	18685	93	
12765	0	44549	18680	93	
12766	0	44550	18679	93	
12767	0	44558	18679	93	
12768	0	44553	18680	93	
12769	0	44553	18677	93	
12770	0	44553	18675	93	
12771	0	44548	18680	93	
12772	0	44555	18673	93	
12773	0	44549	18671	93	
12774	0	44554	18665	93	
12775	0	44547	18658	93	
12776	0	44550	18654	93	
12777	0	44539	18642	93	
12778	0	44535	18641	93	
12779	0	44530	18635	93	
12780	0	44525	18629	93	
12781	0	44517	18630	93	
12782	0	44511	18628	93	
12783	0	44507	18627	93	
12784	0	44509	18630	93	
12785	0	44511	18633	93	
12786	0	44520	18639	93	
12787	0	44540	18646	93	
12788	0	44546	18648	93	
12789	0	44561	18650	93	
12790	0	44566	18650	93	
12791	0	44576	18650	93	
12792	0	44585	18650	93	
12793	0	44587	18649	93	
12794	0	44593	18647	93	
12795	0	44585	18644	93	
12796	0	44585	18642	93	
12797	0	44577	18637	93	
12798	0	44575	18641	93	
12799	0	44576	18644	93	
12800	0	44587	18640	93	
12801	0	44589	18645	93	
12802	0	44587	18646	93	
12803	0	44586	18639	93	
12804	0	44590	18642	93	
12805	0	44583	18640	93	
12806	0	44583	18643	93	
12807	0	44582	18648	93	
12808	0	44581	18648	93	
12809	0	44578	18647	93	
12810	0	44576	18654	93	
12811	0	44576	18654	93	
12812	0	44583	18659	93	
12813	0	44583	18670	93	
12814	0	44591	18670	93	
12815	0	44597	18672	93	
12816	0	44599	18681	93	
12817	0	44607	18677	93	
12818	0	44604	18681	93	
12819	0	44610	18684	93	
12820	0	44613	18690	93	
12821	0	44610	18690	93	
12822	0	44616	18691	93	
12823	0	44612	18695	93	
12824	0	44611	18699	93	
12825	0	44618	18707	93	
12826	0	44623	18710	93	
12827	0	44640	18717	93	
12828	0	44647	18721	93	
12829	0	44648	18724	93	
12830	0	44651	18728	93	
12831	0	44657	18730	93	
12832	0	44664	18730	93	
12833	0	44663	18734	93	
12834	0	44659	18731	93	
12835	0	44663	18734	93	
12836	0	44643	18726	93	
12837	0	44619	18709	93	
12838	0	44595	18695	93	
12839	0	44558	18672	93	
12840	0	44520	18644	93	
12841	0	44491	18624	93	
12842	0	44457	18607	93	
12843	0	44441	18592	93	
12844	0	44425	18583	93	
12845	0	44419	18585	93	
12846	0	44425	18582	93	
12847	0	44420	18584	93	
12848	0	44421	18583	93	
12849	0	44426	18587	93	
12850	0	44430	18595	93	
12851	0	44426	18597	93	
12852	0	44437	18601	93	
12853	0	44439	18604	93	
12854	0	44443	18607	93	
12855	0	44451	18614	93	
12856	0	44448	18615	93	
12857	0	44454	18617	93	
12858	0	44456	18623	93	
12859	0	44464	18630	93	
12860	0	44462	18626	93	
12861	0	44462	18632	93	
12862	0	44468	18632	93	
12863	0	44464	18634	93	
12864	0	44465	18628	93	
12865	0	44462	18632	93	
12866	0	44462	18629	93	
12867	0	44461	18631	93	
12868	0	44459	18632	93	
12869	0	44461	18633	93	
12870	0	44467	18630	93	
12871	0	44464	18631	93	
12872	0	44471	18634	93	
12873	0	44468	18639	93	
12874	0	44474	18643	93	
12875	0	44480	18641	93	
12876	0	44492	18650	93	
12877	0	44495	18651	93	
12878	0	44505	18660	93	
12879	0	44516	18658	93	
12880	0	44511	18661	93	
12881	0	44518	18665	93	
12882	0	44528	18664	93	
12883	0	44531	18672	93	
12884	0	44536	18672	93	
12885	0	44545	18680	94	
12886	0	44542	18683	94	
12887	0	44549	18684	94	
12888	0	44555	18688	94	
12889	0	44557	18688	94	
12890	0	44563	18686	94	
12891	0	44565	18688	94	
12892	0	44570	18693	94	
12893	0	44569	18695	94	
12894	0	44577	18697	94	
12895	0	44582	18698	94	
12896	0	44584	18699	94	
12897	0	44578	18701	94	
12898	0	44587	18703	94	
12899	0	44583	18702	94	
12900	0	44595	18701	94	
12901	0	44600	18705	94	
12902	0	44602	18704	94	
12903	0	44595	18706	94	
12904	0	44604	18708	94	
12905	0	44604	18708	94	
12906	0	44613	18710	94	
12907	0	44616	18712	94	
12908	0	44614	18713	94	
12909	0	44616	18716	94	
12910	0	44619	18716	94	
12911	0	44623	18723	94	
12912	0	44626	18726	94	
12913	0	44626	18728	94	
12914	0	44635	18732	94	
12915	0	44642	18737	94	
12916	0	44641	18735	94	
12917	0	44645	18742	94	
12918	0	44657	18746	94	
12919	0	44663	18747	94	
12920	0	44669	18748	94	
12921	0	44682	18750	94	
12922	0	44679	18751	94	
12923	0	44685	18751	94	
12924	0	44686	18748	94	
12925	0	44673	18743	94	
12926	0	44652	18735	94	
12927	0	44630	18716	94	
12928	0	44598	18702	94	
12929	0	44562	18675	94	
12930	0	44526	18652	94	
12931	0	44491	18628	94	
12932	0	44458	18611	94	
12933	0	44424	18590	94	
12934	0	44420	18586	94	
12935	0	44411	18577	94	
12936	0	44413	18575	94	
12937	0	44417	18574	94	
12938	0	44418	18572	94	
12939	0	44416	18575	94	
12940	0	44422	18573	94	
12941	0	44424	18576	94	
12942	0	44423	18577	94	
12943	0	44421	18584	94	
12944	0	44422	18583	94	
12945	0	44426	18591	94	
12946	0	44430	18591	94	
12947	0	44439	18594	94	
12948	0	44431	18595	94	
12949	0	44440	18596	94	
12950	0	44439	18598	94	
12951	0	44435	18599	94	
12952	0	44437	18600	94	
12953	0	44432	18604	94	
12954	0	44433	18607	94	
12955	0	44434	18605	94	
12956	0	44443	18608	94	
12957	0	44442	18607	94	
12958	0	44439	18608	94	
12959	0	44442	18607	94	
12960	0	44440	18606	94	
12961	0	44444	18603	94	
12962	0	44436	18605	94	
12963	0	44439	18607	94	
12964	0	44455	18613	94	
12965	0	44460	18612	94	
12966	0	44458	18616	94	
12967	0	44474	18619	94	
12968	0	44477	18624	94	
12969	0	44492	18623	94	
12970	0	44494	18628	94	
12971	0	44495	18632	94	
12972	0	44505	18634	94	
12973	0	44502	18638	94	
12974	0	44505	18644	94	
12975	0	44510	18648	94	
12976	0	44530	18650	94	
12977	0	44537	18653	94	
12978	0	44536	18657	94	
12979	0	44542	18659	94	
12980	0	44544	18659	94	
12981	0	44550	18664	94	
12982	0	44551	18663	94	
12983	0	44551	18665	94	
12984	0	44556	18663	94	
12985	0	44554	18663	94	
12986	0	44561	18667	94	
12987	0	44573	18662	94	
12988	0	44572	18669	94	
12989	0	44576	18666	94	
12990	0	44569	18667	94	
12991	0	44568	18667	94	
12992	0	44573	18668	94	
12993	0	44573	18676	94	
12994	0	44578	18682	94	
12995	0	44583	18682	94	
12996	0	44596	18683	94	
12997	0	44605	18686	94	
12998	0	44613	18687	94	
12999	0	44616	18689	94	
13000	0	44610	18681	94	
13001	0	44606	18683	94	
13002	0	44610	18686	94	
13003	0	44612	18689	94	
13004	0	44615	18688	94	
13005	0	44619	18691	94	
13006	0	44629	18693	94	
13007	0	44634	18702	94	
13008	0	44641	18701	94	
13009	0	44633	18701	94	
13010	0	44645	18708	94	
13011	0	44651	18715	94	
13012	0	44649	18714	94	
13013	0	44647	18710	94	
13014	0	44634	18706	94	
13015	0	44606	18688	94	
13016	0	44566	18669	94	
13017	0	44532	18648	94	
13018	0	44497	18621	94	
13019	0	44467	18606	94	
13020	0	44448	18586	94	
13021	0	44422	18569	94	
13022	0	44412	18558	94	
13023	0	44396	18551	94	
13024	0	44398	18548	94	
13025	0	44390	18548	94	
13026	0	44391	18547	94	
13027	0	44393	18551	94	
13028	0	44399	18552	94	
13029	0	44398	18557	94	
13030	0	44404	18565	94	
13031	0	44416	18570	94	
13032	0	44415	18573	94	
13033	0	44427	18579	94	
13034	0	44426	18571	94	
13035	0	44429	18583	94	
13036	0	44434	18583	94	
13037	0	44432	18586	94	
13038	0	44431	18589	94	
13039	0	44431	18591	94	
13040	0	44436	18592	94	
13041	0	44437	18594	94	
13042	0	44442	18595	94	
13043	0	44436	18592	94	
13044	0	44431	18586	94	
13045	0	44426	18586	94	
13046	0	44426	18584	94	
13047	0	44426	18584	94	
13048	0	44424	18586	94	
13049	0	44419	18585	94	
13050	0	44417	18585	94	
13051	0	44429	18595	94	
13052	0	44433	18601	94	
13053	0	44440	18598	94	
13054	0	44450	18602	94	
13055	0	44454	18605	94	
13056	0	44457	18605	94	
13057	0	44474	18607	94	
13058	0	44481	18615	94	
13059	0	44483	18618	94	
13060	0	44482	18617	94	
13061	0	44484	18622	94	
13062	0	44488	18620	94	
13063	0	44492	18626	94	
13064	0	44489	18627	94	
13065	0	44499	18633	94	
13066	0	44503	18636	94	
13067	0	44504	18641	94	
13068	0	44511	18644	94	
13069	0	44515	18645	94	
13070	0	44526	18651	94	
13071	0	44535	18655	94	
13072	0	44536	18656	94	
13073	0	44534	18655	94	
13074	0	44527	18655	94	
13075	0	44528	18659	94	
13076	0	44536	18659	94	
13077	0	44533	18661	94	
13078	0	44538	18673	94	
13079	0	44538	18670	94	
13080	0	44545	18676	94	
13081	0	44544	18679	94	
13082	0	44553	18684	94	
13083	0	44559	18682	94	
13084	0	44566	18686	94	
13085	0	44568	18681	94	
13086	0	44563	18681	94	
13087	0	44565	18684	94	
13088	0	44576	18687	94	
13089	0	44578	18691	94	
13090	0	44588	18692	94	
13091	0	44591	18697	94	
13092	0	44593	18695	94	
13093	0	44591	18702	94	
13094	0	44594	18701	94	
13095	0	44592	18700	94	
13096	0	44571	18698	94	
13097	0	44554	18680	94	
13098	0	44530	18670	94	
13099	0	44492	18647	94	
13100	0	44462	18623	94	
13101	0	44427	18608	94	
13102	0	44409	18592	94	
13103	0	44386	18574	94	
13104	0	44373	18564	94	
13105	0	44352	18551	94	
13106	0	44348	18549	94	
13107	0	44353	18553	94	
13108	0	44364	18555	94	
13109	0	44370	18559	94	
13110	0	44371	18566	94	
13111	0	44377	18565	94	
13112	0	44383	18569	94	
13113	0	44388	18573	94	
13114	0	44393	18578	94	
13115	0	44403	18578	94	
13116	0	44408	18586	94	
13117	0	44409	18586	94	
13118	0	44414	18592	94	
13119	0	44421	18599	94	
13120	0	44419	18601	94	
13121	0	44427	18605	94	
13122	0	44426	18603	94	
13123	0	44419	18601	94	
13124	0	44416	18594	94	
13125	0	44416	18593	94	
13126	0	44410	18589	94	
13127	0	44404	18589	94	
13128	0	44405	18590	94	
13129	0	44401	18579	94	
13130	0	44400	18579	94	
13131	0	44399	18581	94	
13132	0	44398	18581	94	
13133	0	44401	18581	94	
13134	0	44406	18588	94	
13135	0	44412	18591	94	
13136	0	44415	18591	94	
13137	0	44416	18597	94	
13138	0	44416	18600	94	
13139	0	44423	18609	94	
13140	0	44434	18610	94	
13141	0	44439	18617	94	
13142	0	44450	18622	94	
13143	0	44461	18627	94	
13144	0	44462	18634	94	
13145	0	44464	18633	94	
13146	0	44472	18638	94	
13147	0	44487	18642	94	
13148	0	44489	18644	94	
13149	0	44490	18643	94	
13150	0	44494	18646	94	
13151	0	44490	18644	94	
13152	0	44490	18647	94	
13153	0	44493	18652	94	
13154	0	44490	18652	94	
13155	0	44489	18657	94	
13156	0	44496	18659	94	
13157	0	44494	18658	94	
13158	0	44507	18664	94	
13159	0	44509	18668	94	
13160	0	44508	18666	94	
13161	0	44511	18668	94	
13162	0	44520	18668	94	
13163	0	44518	18666	94	
13164	0	44522	18670	94	
13165	0	44524	18673	94	
13166	0	44529	18679	94	
13167	0	44535	18680	94	
13168	0	44539	18688	94	
13169	0	44541	18690	94	
13170	0	44556	18692	94	
13171	0	44559	18698	94	
13172	0	44562	18700	94	
13173	0	44556	18700	94	
13174	0	44550	18697	94	
13175	0	44529	18689	94	
13176	0	44509	18670	94	
13177	0	44465	18651	94	
13178	0	44437	18628	94	
13179	0	44394	18611	94	
13180	0	44370	18588	94	
13181	0	44336	18573	94	
13182	0	44325	18553	94	
13183	0	44301	18544	94	
13184	0	44303	18537	94	
13185	0	44300	18534	94	
13186	0	44295	18533	94	
13187	0	44297	18533	94	
13188	0	44298	18536	94	
13189	0	44296	18534	94	
13190	0	44302	18540	94	
13191	0	44307	18546	94	
13192	0	44315	18553	94	
13193	0	44320	18552	94	
13194	0	44323	18557	94	
13195	0	44328	18563	94	
13196	0	44347	18566	94	
13197	0	44348	18569	94	
13198	0	44350	18571	94	
13199	0	44350	18572	94	
13200	0	44348	18573	94	
13201	0	44346	18572	94	
13202	0	44334	18568	94	
13203	0	44333	18567	94	
13204	0	44335	18570	94	
13205	0	44338	18572	94	
13206	0	44341	18568	94	
13207	0	44334	18563	94	
13208	0	44336	18558	94	
13209	0	44336	18559	94	
13210	0	44337	18561	94	
13211	0	44331	18561	94	
13212	0	44334	18564	94	
13213	0	44338	18567	94	
13214	0	44346	18566	94	
13215	0	44350	18573	94	
13216	0	44357	18576	94	
13217	0	44370	18576	94	
13218	0	44380	18587	94	
13219	0	44383	18587	94	
13220	0	44382	18589	94	
13221	0	44392	18593	94	
13222	0	44392	18604	94	
13223	0	44403	18600	94	
13224	0	44398	18605	94	
13225	0	44406	18606	94	
13226	0	44402	18607	94	
13227	0	44410	18609	94	
13228	0	44415	18612	94	
13229	0	44419	18620	94	
13230	0	44416	18617	94	
13231	0	44421	18620	94	
13232	0	44424	18623	94	
13233	0	44433	18623	94	
13234	0	44433	18624	94	
13235	0	44428	18630	94	
13236	0	44429	18630	94	
13237	0	44433	18634	94	
13238	0	44431	18636	94	
13239	0	44438	18634	94	
13240	0	44437	18638	94	
13241	0	44444	18641	94	
13242	0	44461	18645	94	
13243	0	44458	18647	94	
13244	0	44462	18649	94	
13245	0	44463	18655	94	
13246	0	44473	18657	94	
13247	0	44472	18652	94	
13248	0	44475	18660	94	
13249	0	44480	18660	94	
13250	0	44476	18666	94	
13251	0	44478	18665	94	
13252	0	44462	18656	94	
13253	0	44437	18641	94	
13254	0	44406	18623	94	
13255	0	44370	18600	94	
13256	0	44325	18572	94	
13257	0	44293	18552	94	
13258	0	44271	18532	94	
13259	0	44245	18514	94	
13260	0	44230	18504	94	
13261	0	44221	18493	94	
13262	0	44214	18489	94	
13263	0	44207	18484	94	
13264	0	44211	18485	94	
13265	0	44216	18486	94	
13266	0	44215	18495	94	
13267	0	44226	18493	94	
13268	0	44235	18497	94	
13269	0	44234	18499	94	
13270	0	44239	18499	94	
13271	0	44246	18502	94	
13272	0	44248	18500	94	
13273	0	44242	18498	94	
13274	0	44245	18504	94	
13275	0	44247	18501	94	
13276	0	44245	18506	94	
13277	0	44247	18510	94	
13278	0	44249	18508	94	
13279	0	44250	18511	94	
13280	0	44243	18512	94	
13281	0	44249	18508	94	
13282	0	44236	18506	94	
13283	0	44238	18502	94	
13284	0	44240	18503	94	
13285	0	44241	18502	94	
13286	0	44239	18505	94	
13287	0	44235	18505	94	
13288	0	44241	18504	94	
13289	0	44239	18504	94	
13290	0	44249	18508	94	
13291	0	44251	18513	94	
13292	0	44249	18516	94	
13293	0	44263	18525	94	
13294	0	44272	18530	94	
13295	0	44285	18530	94	
13296	0	44287	18537	94	
13297	0	44294	18542	94	
13298	0	44299	18543	94	
13299	0	44305	18549	94	
13300	0	44300	18552	94	
13301	0	44311	18560	94	
13302	0	44320	18559	94	
13303	0	44321	18565	94	
13304	0	44331	18566	94	
13305	0	44337	18566	94	
13306	0	44332	18572	94	
13307	0	44339	18571	94	
13308	0	44342	18573	94	
13309	0	44338	18574	94	
13310	0	44351	18577	94	
13311	0	44349	18581	94	
13312	0	44355	18582	94	
13313	0	44353	18585	94	
13314	0	44364	18586	94	
13315	0	44358	18585	94	
13316	0	44365	18585	94	
13317	0	44367	18586	94	
13318	0	44362	18590	94	
13319	0	44376	18594	94	
13320	0	44374	18599	94	
13321	0	44375	18605	94	
13322	0	44378	18606	94	
13323	0	44391	18617	94	
13324	0	44401	18621	94	
13325	0	44405	18623	94	
13326	0	44417	18629	94	
13327	0	44419	18629	94	
13328	0	44428	18634	94	
13329	0	44421	18633	94	
13330	0	44417	18626	94	
13331	0	44398	18620	94	
13332	0	44365	18597	94	
13333	0	44325	18577	94	
13334	0	44288	18549	94	
13335	0	44243	18522	94	
13336	0	44210	18502	94	
13337	0	44181	18485	94	
13338	0	44163	18466	94	
13339	0	44152	18459	94	
13340	0	44149	18453	94	
13341	0	44145	18446	94	
13342	0	44139	18441	94	
13343	0	44147	18445	94	
13344	0	44147	18447	94	
13345	0	44149	18448	94	
13346	0	44150	18454	94	
13347	0	44152	18457	94	
13348	0	44152	18459	94	
13349	0	44157	18460	94	
13350	0	44169	18459	94	
13351	0	44171	18469	94	
13352	0	44182	18473	94	
13353	0	44176	18474	94	
13354	0	44183	18473	94	
13355	0	44183	18474	94	
13356	0	44180	18475	94	
13357	0	44177	18476	94	
13358	0	44171	18476	94	
13359	0	44174	18478	94	
13360	0	44177	18475	94	
13361	0	44177	18471	94	
13362	0	44174	18471	94	
13363	0	44179	18466	94	
13364	0	44169	18468	94	
13365	0	44174	18468	94	
13366	0	44171	18466	94	
13367	0	44170	18470	94	
13368	0	44174	18469	94	
13369	0	44184	18476	94	
13370	0	44181	18477	94	
13371	0	44191	18485	94	
13372	0	44196	18493	94	
13373	0	44199	18495	94	
13374	0	44211	18503	94	
13375	0	44217	18512	94	
13376	0	44232	18519	94	
13377	0	44235	18526	94	
13378	0	44242	18532	94	
13379	0	44258	18536	94	
13380	0	44260	18537	94	
13381	0	44265	18541	94	
13382	0	44274	18547	94	
13383	0	44275	18545	94	
13384	0	44272	18543	94	
13385	0	44276	18546	94	
13386	0	44281	18547	94	
13387	0	44283	18552	94	
13388	0	44285	18555	94	
13389	0	44288	18554	94	
13390	0	44290	18558	94	
13391	0	44300	18558	94	
13392	0	44301	18561	94	
13393	0	44302	18558	94	
13394	0	44300	18566	94	
13395	0	44302	18562	94	
13396	0	44307	18565	94	
13397	0	44298	18565	94	
13398	0	44306	18569	94	
13399	0	44307	18574	94	
13400	0	44311	18576	94	
13401	0	44321	18586	94	
13402	0	44324	18591	94	
13403	0	44325	18597	94	
13404	0	44334	18606	94	
13405	0	44343	18615	94	
13406	0	44360	18622	94	
13407	0	44361	18624	94	
13408	0	44361	18624	94	
13409	0	44354	18621	94	
13410	0	44340	18617	94	
13411	0	44311	18602	94	
13412	0	44287	18580	94	
13413	0	44248	18555	94	
13414	0	44206	18529	94	
13415	0	44168	18504	94	
13416	0	44138	18485	94	
13417	0	44124	18469	94	
13418	0	44114	18455	94	
13419	0	44102	18446	94	
13420	0	44097	18444	94	
13421	0	44096	18445	94	
13422	0	44097	18444	94	
13423	0	44101	18448	94	
13424	0	44105	18445	94	
13425	0	44110	18453	94	
13426	0	44118	18456	94	
13427	0	44129	18462	94	
13428	0	44128	18465	94	
13429	0	44135	18468	94	
13430	0	44146	18471	94	
13431	0	44149	18475	94	
13432	0	44154	18476	94	
13433	0	44152	18482	94	
13434	0	44159	18484	94	
13435	0	44158	18485	94	
13436	0	44154	18483	94	
13437	0	44157	18480	94	
13438	0	44152	18478	94	
13439	0	44149	18477	94	
13440	0	44145	18469	94	
13441	0	44147	18466	94	
13442	0	44142	18464	94	
13443	0	44131	18463	94	
13444	0	44134	18466	94	
13445	0	44139	18465	94	
13446	0	44145	18470	94	
13447	0	44147	18471	94	
13448	0	44148	18475	94	
13449	0	44154	18486	94	
13450	0	44163	18487	94	
13451	0	44166	18497	94	
13452	0	44179	18506	94	
13453	0	44190	18513	94	
13454	0	44192	18519	94	
13455	0	44213	18527	94	
13456	0	44219	18529	94	
13457	0	44222	18534	94	
13458	0	44229	18537	94	
13459	0	44234	18541	94	
13460	0	44239	18544	94	
13461	0	44243	18547	94	
13462	0	44245	18552	94	
13463	0	44250	18554	94	
13464	0	44264	18552	94	
13465	0	44262	18555	94	
13466	0	44267	18556	94	
13467	0	44264	18557	94	
13468	0	44271	18557	94	
13469	0	44269	18554	94	
13470	0	44272	18557	94	
13471	0	44261	18557	94	
13472	0	44269	18558	94	
13473	0	44271	18562	94	
13474	0	44276	18564	94	
13475	0	44280	18569	94	
13476	0	44284	18577	94	
13477	0	44283	18578	94	
13478	0	44296	18580	94	
13479	0	44305	18582	94	
13480	0	44310	18585	94	
13481	0	44315	18582	94	
13482	0	44313	18589	94	
13483	0	44320	18591	94	
13484	0	44324	18596	94	
13485	0	44326	18595	94	
13486	0	44332	18599	94	
13487	0	44333	18602	94	
13488	0	44326	18592	94	
13489	0	44309	18585	94	
13490	0	44275	18565	94	
13491	0	44239	18542	94	
13492	0	44197	18510	94	
13493	0	44153	18487	94	
13494	0	44119	18461	94	
13495	0	44088	18440	94	
13496	0	44064	18425	94	
13497	0	44047	18418	94	
13498	0	44042	18413	94	
13499	0	44047	18412	94	
13500	0	44052	18412	94	
13501	0	44061	18414	94	
13502	0	44063	18418	94	
13503	0	44062	18420	94	
13504	0	44071	18423	94	
13505	0	44080	18425	94	
13506	0	44080	18428	94	
13507	0	44081	18431	94	
13508	0	44088	18433	94	
13509	0	44097	18442	94	
13510	0	44102	18445	94	
13511	0	44112	18447	94	
13512	0	44115	18452	94	
13513	0	44126	18453	94	
13514	0	44124	18454	94	
13515	0	44126	18454	94	
13516	0	44126	18449	94	
13517	0	44119	18445	94	
13518	0	44112	18441	94	
13519	0	44105	18440	94	
13520	0	44107	18438	94	
13521	0	44102	18438	94	
13522	0	44104	18443	94	
13523	0	44110	18442	94	
13524	0	44115	18444	94	
13525	0	44123	18449	94	
13526	0	44128	18455	94	
13527	0	44138	18461	94	
13528	0	44149	18466	94	
13529	0	44162	18467	94	
13530	0	44169	18471	94	
13531	0	44171	18475	94	
13532	0	44176	18479	94	
13533	0	44183	18481	94	
13534	0	44189	18488	94	
13535	0	44195	18487	94	
13536	0	44203	18489	94	
13537	0	44201	18492	94	
13538	0	44211	18496	94	
13539	0	44216	18499	94	
13540	0	44216	18500	94	
13541	0	44216	18502	94	
13542	0	44220	18504	94	
13543	0	44225	18508	94	
13544	0	44230	18510	94	
13545	0	44237	18513	94	
13546	0	44236	18513	94	
13547	0	44244	18514	94	
13548	0	44247	18518	94	
13549	0	44245	18518	94	
13550	0	44243	18520	94	
13551	0	44248	18518	94	
13552	0	44250	18520	94	
13553	0	44248	18528	94	
13554	0	44256	18531	94	
13555	0	44268	18536	94	
13556	0	44270	18538	94	
13557	0	44276	18543	94	
13558	0	44283	18541	94	
13559	0	44280	18542	94	
13560	0	44288	18544	94	
13561	0	44293	18547	94	
13562	0	44295	18551	94	
13563	0	44303	18556	94	
13564	0	44312	18560	94	
13565	0	44325	18565	94	
13566	0	44327	18567	94	
13567	0	44330	18565	94	
13568	0	44328	18567	94	
13569	0	44315	18560	94	
13570	0	44278	18539	94	
13571	0	44247	18521	94	
13572	0	44211	18493	94	
13573	0	44163	18465	94	
13574	0	44130	18445	94	
13575	0	44094	18422	94	
13576	0	44063	18401	94	
13577	0	44051	18385	94	
13578	0	44036	18372	94	
13579	0	44028	18368	94	
13580	0	44029	18370	94	
13581	0	44026	18365	94	
13582	0	44035	18367	94	
13583	0	44031	18375	94	
13584	0	44034	18375	94	
13585	0	44034	18376	94	
13586	0	44041	18383	94	
13587	0	44053	18388	94	
13588	0	44059	18387	94	
13589	0	44064	18389	94	
13590	0	44065	18393	94	
13591	0	44067	18392	94	
13592	0	44073	18401	94	
13593	0	44067	18398	94	
13594	0	44080	18405	94	
13595	0	44084	18403	94	
13596	0	44078	18406	94	
13597	0	44084	18410	94	
13598	0	44084	18408	94	
13599	0	44093	18408	94	
13600	0	44086	18406	94	
13601	0	44087	18404	94	
13602	0	44088	18405	94	
13603	0	44083	18403	94	
13604	0	44086	18404	94	
13605	0	44087	18404	94	
13606	0	44092	18410	94	
13607	0	44103	18412	94	
13608	0	44105	18417	94	
13609	0	44111	18420	94	
13610	0	44125	18423	94	
13611	0	44131	18428	94	
13612	0	44143	18432	94	
13613	0	44148	18441	94	
13614	0	44153	18448	94	
13615	0	44164	18452	94	
13616	0	44174	18456	94	
13617	0	44179	18462	94	
13618	0	44180	18462	94	
13619	0	44187	18467	94	
13620	0	44192	18467	94	
13621	0	44192	18473	94	
13622	0	44197	18480	94	
13623	0	44206	18486	94	
13624	0	44210	18485	94	
13625	0	44217	18494	94	
13626	0	44229	18495	94	
13627	0	44231	18497	94	
13628	0	44239	18499	94	
13629	0	44240	18502	94	
13630	0	44237	18501	94	
13631	0	44245	18500	94	
13632	0	44246	18499	94	
13633	0	44244	18502	94	
13634	0	44245	18503	94	
13635	0	44255	18508	94	
13636	0	44257	18512	94	
13637	0	44265	18514	94	
13638	0	44266	18518	94	
13639	0	44267	18522	94	
13640	0	44268	18522	94	
13641	0	44269	18527	94	
13642	0	44280	18529	94	
13643	0	44294	18537	94	
13644	0	44302	18542	94	
13645	0	44307	18548	94	
13646	0	44319	18551	94	
13647	0	44324	18554	94	
13648	0	44328	18555	94	
13649	0	44334	18558	94	
13650	0	44343	18560	94	
13651	0	44335	18558	94	
13652	0	44335	18560	94	
13653	0	44334	18558	94	
13654	0	44321	18546	94	
13655	0	44289	18530	94	
13656	0	44255	18505	94	
13657	0	44215	18477	94	
13658	0	44172	18445	94	
13659	0	44126	18420	94	
13660	0	44090	18396	94	
13661	0	44071	18378	94	
13662	0	44050	18364	94	
13663	0	44045	18363	94	
13664	0	44038	18358	94	
13665	0	44038	18359	94	
13666	0	44042	18354	94	
13667	0	44051	18356	94	
13668	0	44052	18361	94	
13669	0	44057	18368	94	
13670	0	44070	18365	94	
13671	0	44072	18369	94	
13672	0	44065	18368	94	
13673	0	44068	18372	94	
13674	0	44066	18371	94	
13675	0	44071	18377	94	
13676	0	44081	18382	94	
13677	0	44087	18384	94	
13678	0	44093	18387	94	
13679	0	44093	18392	94	
13680	0	44100	18387	94	
13681	0	44095	18389	94	
13682	0	44098	18391	94	
13683	0	44105	18392	94	
13684	0	44096	18391	94	
13685	0	44097	18387	94	
13686	0	44094	18388	94	
13687	0	44094	18389	94	
13688	0	44099	18389	94	
13689	0	44106	18391	94	
13690	0	44107	18395	94	
13691	0	44115	18395	94	
13692	0	44124	18402	94	
13693	0	44126	18401	94	
13694	0	44130	18408	94	
13695	0	44133	18415	94	
13696	0	44148	18418	94	
13697	0	44161	18426	94	
13698	0	44165	18428	94	
13699	0	44173	18431	94	
13700	0	44180	18432	94	
13701	0	44180	18440	94	
13702	0	44187	18442	94	
13703	0	44193	18446	94	
13704	0	44202	18453	94	
13705	0	44211	18454	94	
13706	0	44216	18458	94	
13707	0	44214	18459	94	
13708	0	44219	18460	94	
13709	0	44226	18465	94	
13710	0	44229	18466	94	
13711	0	44234	18467	94	
13712	0	44234	18470	94	
13713	0	44240	18470	94	
13714	0	44241	18476	94	
13715	0	44243	18480	94	
13716	0	44239	18484	94	
13717	0	44245	18483	94	
13718	0	44250	18484	94	
13719	0	44254	18495	94	
13720	0	44264	18496	94	
13721	0	44268	18499	94	
13722	0	44270	18500	94	
13723	0	44279	18504	94	
13724	0	44283	18501	94	
13725	0	44287	18508	94	
13726	0	44292	18512	94	
13727	0	44287	18513	94	
13728	0	44302	18512	94	
13729	0	44306	18520	94	
13730	0	44312	18524	94	
13731	0	44315	18527	94	
13732	0	44330	18527	94	
13733	0	44320	18530	94	
13734	0	44334	18537	94	
13735	0	44330	18537	94	
13736	0	44334	18540	94	
13737	0	44344	18544	94	
13738	0	44351	18547	94	
13739	0	44344	18551	94	
13740	0	44342	18545	94	
13741	0	44322	18533	94	
13742	0	44294	18521	94	
13743	0	44254	18491	94	
13744	0	44215	18470	94	
13745	0	44180	18441	94	
13746	0	44149	18416	94	
13747	0	44117	18394	94	
13748	0	44091	18381	94	
13749	0	44076	18370	94	
13750	0	44076	18361	94	
13751	0	44068	18363	94	
13752	0	44069	18365	94	
13753	0	44080	18373	94	
13754	0	44082	18373	94	
13755	0	44088	18380	94	
13756	0	44097	18379	94	
13757	0	44108	18386	94	
13758	0	44118	18388	94	
13759	0	44120	18394	94	
13760	0	44127	18396	94	
13761	0	44127	18400	94	
13762	0	44134	18404	94	
13763	0	44140	18410	94	
13764	0	44157	18417	94	
13765	0	44151	18415	94	
13766	0	44155	18416	94	
13767	0	44165	18417	94	
13768	0	44155	18416	94	
13769	0	44151	18415	94	
13770	0	44145	18410	94	
13771	0	44147	18406	94	
13772	0	44146	18404	94	
13773	0	44147	18408	94	
13774	0	44138	18408	94	
13775	0	44142	18404	94	
13776	0	44155	18412	94	
13777	0	44160	18413	94	
13778	0	44162	18415	94	
13779	0	44174	18419	94	
13780	0	44177	18423	94	
13781	0	44180	18427	94	
13782	0	44193	18434	94	
13783	0	44196	18438	94	
13784	0	44208	18443	94	
13785	0	44218	18449	94	
13786	0	44223	18453	94	
13787	0	44237	18456	94	
13788	0	44238	18464	94	
13789	0	44241	18468	94	
13790	0	44250	18470	94	
13791	0	44255	18475	94	
13792	0	44262	18483	94	
13793	0	44265	18481	94	
13794	0	44274	18489	94	
13795	0	44284	18485	94	
13796	0	44284	18489	94	
13797	0	44279	18488	94	
13798	0	44281	18491	94	
13799	0	44290	18490	94	
13800	0	44291	18495	94	
13801	0	44300	18499	94	
13802	0	44295	18500	94	
13803	0	44298	18501	94	
13804	0	44302	18502	94	
13805	0	44311	18504	94	
13806	0	44305	18505	94	
13807	0	44312	18510	94	
13808	0	44306	18512	94	
13809	0	44311	18514	94	
13810	0	44319	18518	94	
13811	0	44328	18521	94	
13812	0	44335	18525	94	
13813	0	44341	18531	94	
13814	0	44346	18529	94	
13815	0	44352	18534	94	
13816	0	44355	18538	94	
13817	0	44360	18538	94	
13818	0	44369	18549	94	
13819	0	44370	18547	94	
13820	0	44383	18550	94	
13821	0	44386	18560	94	
13822	0	44395	18560	94	
13823	0	44391	18559	94	
13824	0	44393	18559	94	
13825	0	44376	18551	94	
13826	0	44355	18533	94	
13827	0	44313	18513	94	
13828	0	44275	18492	94	
13829	0	44242	18464	94	
13830	0	44201	18440	94	
13831	0	44167	18421	94	
13832	0	44149	18400	94	
13833	0	44132	18393	94	
13834	0	44130	18387	94	
13835	0	44125	18386	94	
13836	0	44129	18384	94	
13837	0	44136	18389	94	
13838	0	44138	18389	94	
13839	0	44145	18392	94	
13840	0	44153	18393	94	
13841	0	44152	18402	94	
13842	0	44155	18409	94	
13843	0	44168	18414	94	
13844	0	44169	18416	94	
13845	0	44173	18420	94	
13846	0	44191	18428	94	
13847	0	44194	18432	94	
13848	0	44202	18439	94	
13849	0	44212	18442	94	
13850	0	44218	18443	94	
13851	0	44216	18439	94	
13852	0	44211	18439	94	
13853	0	44207	18440	94	
13854	0	44201	18435	94	
13855	0	44206	18435	94	
13856	0	44202	18435	94	
13857	0	44201	18437	94	
13858	0	44206	18433	94	
13859	0	44212	18436	94	
13860	0	44211	18434	94	
13861	0	44217	18440	94	
13862	0	44223	18441	94	
13863	0	44223	18452	94	
13864	0	44232	18452	94	
13865	0	44234	18455	94	
13866	0	44241	18464	94	
13867	0	44255	18469	94	
13868	0	44267	18480	94	
13869	0	44279	18485	94	
13870	0	44287	18491	94	
13871	0	44295	18498	94	
13872	0	44306	18496	94	
13873	0	44310	18501	94	
13874	0	44312	18501	94	
13875	0	44315	18505	94	
13876	0	44325	18508	94	
13877	0	44329	18512	94	
13878	0	44327	18516	94	
13879	0	44344	18522	94	
13880	0	44353	18522	94	
13881	0	44350	18526	94	
13882	0	44353	18526	94	
13883	0	44359	18526	94	
13884	0	44354	18524	94	
13885	0	44359	18528	94	
13886	0	44362	18531	94	
13887	0	44354	18535	94	
13888	0	44367	18539	94	
13889	0	44364	18539	94	
13890	0	44381	18545	94	
13891	0	44383	18551	94	
13892	0	44395	18554	94	
13893	0	44400	18552	94	
13894	0	44403	18555	94	
13895	0	44400	18552	94	
13896	0	44407	18552	94	
13897	0	44403	18558	94	
13898	0	44405	18561	94	
13899	0	44412	18563	94	
13900	0	44423	18565	94	
13901	0	44431	18573	94	
13902	0	44437	18581	94	
13903	0	44451	18588	94	
13904	0	44455	18588	94	
13905	0	44454	18592	94	
13906	0	44450	18594	94	
13907	0	44448	18587	94	
13908	0	44436	18586	94	
13909	0	44412	18568	94	
13910	0	44376	18549	94	
13911	0	44338	18518	94	
13912	0	44298	18493	94	
13913	0	44258	18467	94	
13914	0	44231	18452	94	
13915	0	44201	18436	94	
13916	0	44190	18423	94	
13917	0	44182	18411	94	
13918	0	44174	18409	94	
13919	0	44166	18408	94	
13920	0	44171	18409	94	
13921	0	44177	18411	94	
13922	0	44174	18412	94	
13923	0	44188	18421	94	
13924	0	44194	18429	94	
13925	0	44197	18431	94	
13926	0	44204	18437	94	
13927	0	44213	18438	94	
13928	0	44211	18443	94	
13929	0	44222	18444	94	
13930	0	44227	18447	94	
13931	0	44231	18453	94	
13932	0	44240	18457	94	
13933	0	44241	18460	94	
13934	0	44251	18463	94	
13935	0	44252	18463	94	
13936	0	44249	18463	94	
13937	0	44243	18469	94	
13938	0	44250	18469	94	
13939	0	44251	18466	94	
13940	0	44252	18466	94	
13941	0	44263	18462	94	
13942	0	44260	18464	94	
13943	0	44258	18462	94	
13944	0	44260	18463	94	
13945	0	44262	18466	94	
13946	0	44270	18466	94	
13947	0	44281	18473	94	
13948	0	44291	18472	94	
13949	0	44288	18476	94	
13950	0	44306	18481	94	
13951	0	44306	18487	94	
13952	0	44314	18490	94	
13953	0	44323	18497	94	
13954	0	44329	18502	94	
13955	0	44339	18504	94	
13956	0	44352	18509	94	
13957	0	44357	18514	94	
13958	0	44358	18511	94	
13959	0	44365	18515	94	
13960	0	44372	18521	94	
13961	0	44369	18524	94	
13962	0	44377	18527	94	
13963	0	44381	18527	94	
13964	0	44388	18532	94	
13965	0	44388	18534	94	
13966	0	44389	18536	94	
13967	0	44397	18542	94	
13968	0	44393	18539	94	
13969	0	44391	18538	94	
13970	0	44389	18547	94	
13971	0	44403	18544	94	
13972	0	44397	18550	94	
13973	0	44411	18551	94	
13974	0	44413	18556	94	
13975	0	44415	18557	94	
13976	0	44414	18562	94	
13977	0	44420	18567	94	
13978	0	44429	18567	94	
13979	0	44436	18568	94	
13980	0	44438	18573	94	
13981	0	44449	18573	94	
13982	0	44459	18579	94	
13983	0	44456	18579	94	
13984	0	44464	18580	94	
13985	0	44468	18588	94	
13986	0	44471	18587	94	
13987	0	44475	18596	94	
13988	0	44474	18599	94	
13989	0	44479	18602	94	
13990	0	44493	18603	94	
13991	0	44485	18599	94	
13992	0	44469	18585	94	
13993	0	44439	18569	94	
13994	0	44395	18543	94	
13995	0	44358	18518	94	
13996	0	44310	18492	94	
13997	0	44272	18466	94	
13998	0	44239	18443	94	
13999	0	44220	18433	94	
14000	0	44210	18423	94	
14001	0	44214	18420	94	
14002	0	44217	18417	94	
14003	0	44216	18418	94	
14004	0	44217	18419	94	
14005	0	44220	18422	94	
14006	0	44228	18426	94	
14007	0	44227	18428	94	
14008	0	44232	18430	94	
14009	0	44238	18436	94	
14010	0	44245	18442	94	
14011	0	44249	18443	94	
14012	0	44254	18449	94	
14013	0	44268	18452	94	
14014	0	44275	18452	94	
14015	0	44282	18457	94	
14016	0	44275	18456	94	
14017	0	44286	18462	94	
14018	0	44280	18459	94	
14019	0	44278	18458	94	
14020	0	44279	18459	94	
14021	0	44286	18457	94	
14022	0	44288	18459	94	
14023	0	44286	18458	94	
14024	0	44286	18455	94	
14025	0	44287	18449	94	
14026	0	44282	18451	94	
14027	0	44279	18450	94	
14028	0	44281	18453	94	
14029	0	44294	18459	94	
14030	0	44300	18459	94	
14031	0	44308	18465	94	
14032	0	44312	18471	94	
14033	0	44318	18473	94	
14034	0	44326	18478	94	
14035	0	44336	18485	94	
14036	0	44338	18491	94	
14037	0	44353	18497	94	
14038	0	44363	18503	94	
14039	0	44367	18504	94	
14040	0	44376	18510	94	
14041	0	44382	18508	94	
14042	0	44380	18513	94	
14043	0	44379	18516	94	
14044	0	44388	18519	94	
14045	0	44389	18519	94	
14046	0	44390	18523	94	
14047	0	44395	18527	94	
14048	0	44404	18529	94	
14049	0	44416	18532	94	
14050	0	44424	18534	94	
14051	0	44422	18534	94	
14052	0	44424	18534	94	
14053	0	44422	18531	94	
14054	0	44423	18541	94	
14055	0	44428	18540	94	
14056	0	44438	18542	94	
14057	0	44439	18546	94	
14058	0	44444	18548	94	
14059	0	44449	18549	94	
14060	0	44446	18549	94	
14061	0	44448	18550	94	
14062	0	44446	18554	94	
14063	0	44450	18555	94	
14064	0	44452	18558	94	
14065	0	44466	18564	94	
14066	0	44468	18566	94	
14067	0	44472	18567	94	
14068	0	44485	18569	94	
14069	0	44482	18575	94	
14070	0	44493	18576	94	
14071	0	44491	18582	94	
14072	0	44491	18584	94	
14073	0	44500	18587	94	
14074	0	44507	18589	94	
14075	0	44509	18592	94	
14076	0	44513	18591	94	
14077	0	44495	18582	94	
14078	0	44470	18567	94	
14079	0	44431	18542	94	
14080	0	44395	18520	94	
14081	0	44351	18493	94	
14082	0	44317	18469	94	
14083	0	44286	18444	94	
14084	0	44258	18428	94	
14085	0	44237	18419	94	
14086	0	44225	18407	94	
14087	0	44229	18408	94	
14088	0	44233	18409	94	
14089	0	44236	18409	94	
14090	0	44246	18415	94	
14091	0	44249	18417	94	
14092	0	44253	18426	94	
14093	0	44253	18430	94	
14094	0	44266	18432	94	
14095	0	44265	18442	94	
14096	0	44273	18443	94	
14097	0	44281	18452	94	
14098	0	44298	18456	94	
14099	0	44299	18463	94	
14100	0	44314	18469	94	
14101	0	44315	18471	94	
14102	0	44322	18470	94	
14103	0	44323	18469	94	
14104	0	44319	18471	94	
14105	0	44309	18468	94	
14106	0	44302	18468	94	
14107	0	44299	18465	94	
14108	0	44297	18464	94	
14109	0	44294	18463	94	
14110	0	44297	18466	94	
14111	0	44299	18463	94	
14112	0	44303	18467	94	
14113	0	44314	18470	94	
14114	0	44315	18470	94	
14115	0	44318	18471	94	
14116	0	44324	18476	94	
14117	0	44333	18482	94	
14118	0	44342	18483	94	
14119	0	44350	18487	94	
14120	0	44348	18492	94	
14121	0	44354	18497	94	
14122	0	44363	18503	94	
14123	0	44372	18506	94	
14124	0	44378	18514	94	
14125	0	44387	18518	94	
14126	0	44392	18523	94	
14127	0	44394	18525	94	
14128	0	44400	18525	94	
14129	0	44405	18528	94	
14130	0	44414	18531	94	
14131	0	44420	18534	94	
14132	0	44419	18534	94	
14133	0	44418	18536	94	
14134	0	44428	18535	94	
14135	0	44424	18540	94	
14136	0	44429	18539	94	
14137	0	44432	18541	94	
14138	0	44436	18547	94	
14139	0	44441	18542	94	
14140	0	44438	18547	94	
14141	0	44436	18547	94	
14142	0	44438	18549	94	
14143	0	44449	18551	94	
14144	0	44447	18554	94	
14145	0	44456	18557	94	
14146	0	44456	18562	94	
14147	0	44466	18562	94	
14148	0	44466	18564	94	
14149	0	44474	18565	94	
14150	0	44471	18570	94	
14151	0	44480	18570	94	
14152	0	44483	18575	94	
14153	0	44484	18578	94	
14154	0	44492	18581	94	
14155	0	44495	18587	94	
14156	0	44498	18588	94	
14157	0	44508	18591	94	
14158	0	44510	18592	94	
14159	0	44515	18594	94	
14160	0	44517	18596	94	
14161	0	44505	18586	94	
14162	0	44483	18577	94	
14163	0	44453	18562	94	
14164	0	44415	18543	94	
14165	0	44381	18518	94	
14166	0	44344	18495	94	
14167	0	44309	18473	94	
14168	0	44288	18459	94	
14169	0	44274	18447	94	
14170	0	44266	18441	94	
14171	0	44265	18437	94	
14172	0	44261	18433	94	
14173	0	44259	18435	94	
14174	0	44271	18443	94	
14175	0	44274	18447	94	
14176	0	44283	18453	94	
14177	0	44292	18456	94	
14178	0	44303	18466	94	
14179	0	44317	18471	94	
14180	0	44322	18481	94	
14181	0	44343	18489	94	
14182	0	44351	18497	94	
14183	0	44357	18498	94	
14184	0	44357	18500	94	
14185	0	44362	18502	94	
14186	0	44364	18508	94	
14187	0	44367	18511	94	
14188	0	44369	18506	94	
14189	0	44368	18500	94	
14190	0	44368	18496	94	
14191	0	44358	18494	94	
14192	0	44347	18487	94	
14193	0	44347	18485	94	
14194	0	44339	18481	94	
14195	0	44340	18482	94	
14196	0	44343	18482	94	
14197	0	44349	18484	94	
14198	0	44347	18492	94	
14199	0	44354	18494	94	
14200	0	44369	18505	94	
14201	0	44374	18506	94	
14202	0	44386	18511	94	
14203	0	44396	18518	94	
14204	0	44404	18518	94	
14205	0	44416	18519	94	
14206	0	44421	18523	94	
14207	0	44417	18526	94	
14208	0	44433	18528	94	
14209	0	44433	18532	94	
14210	0	44439	18533	94	
14211	0	44445	18538	94	
14212	0	44449	18538	94	
14213	0	44455	18543	94	
14214	0	44451	18543	94	
14215	0	44461	18549	94	
14216	0	44464	18549	94	
14217	0	44456	18551	94	
14218	0	44462	18552	94	
14219	0	44469	18552	94	
14220	0	44475	18553	94	
14221	0	44473	18554	94	
14222	0	44482	18554	94	
14223	0	44477	18557	94	
14224	0	44480	18557	94	
14225	0	44484	18561	94	
14226	0	44482	18561	94	
14227	0	44486	18562	94	
14228	0	44488	18564	94	
14229	0	44495	18567	94	
14230	0	44507	18572	94	
14231	0	44513	18571	94	
14232	0	44510	18576	94	
14233	0	44509	18576	94	
14234	0	44514	18583	94	
14235	0	44516	18583	94	
14236	0	44518	18585	94	
14237	0	44532	18592	94	
14238	0	44537	18596	94	
14239	0	44544	18597	94	
14240	0	44543	18602	94	
14241	0	44544	18603	94	
14242	0	44541	18598	94	
14243	0	44513	18585	94	
14244	0	44490	18568	94	
14245	0	44454	18549	94	
14246	0	44409	18523	94	
14247	0	44375	18502	94	
14248	0	44346	18479	94	
14249	0	44317	18459	94	
14250	0	44300	18447	94	
14251	0	44289	18435	94	
14252	0	44275	18433	94	
14253	0	44274	18429	94	
14254	0	44281	18435	94	
14255	0	44282	18435	94	
14256	0	44290	18440	94	
14257	0	44292	18444	94	
14258	0	44301	18449	94	
14259	0	44310	18454	94	
14260	0	44318	18459	94	
14261	0	44327	18460	94	
14262	0	44329	18463	94	
14263	0	44341	18466	94	
14264	0	44340	18472	94	
14265	0	44344	18474	94	
14266	0	44345	18481	94	
14267	0	44351	18479	94	
14268	0	44357	18477	94	
14269	0	44356	18484	94	
14270	0	44357	18479	94	
14271	0	44353	18480	94	
14272	0	44351	18475	94	
14273	0	44348	18476	94	
14274	0	44348	18472	94	
14275	0	44342	18469	94	
14276	0	44344	18467	94	
14277	0	44341	18465	94	
14278	0	44344	18470	94	
14279	0	44357	18470	94	
14280	0	44362	18474	94	
14281	0	44366	18479	94	
14282	0	44370	18481	94	
14283	0	44375	18488	94	
14284	0	44383	18490	94	
14285	0	44390	18492	94	
14286	0	44401	18494	94	
14287	0	44405	18499	94	
14288	0	44417	18500	94	
14289	0	44417	18506	94	
14290	0	44426	18508	94	
14291	0	44422	18512	94	
14292	0	44434	18516	94	
14293	0	44439	18521	94	
14294	0	44440	18522	94	
14295	0	44448	18525	94	
14296	0	44447	18523	94	
14297	0	44457	18527	94	
14298	0	44453	18529	94	
14299	0	44462	18529	94	
14300	0	44457	18531	94	
14301	0	44464	18537	94	
14302	0	44462	18537	94	
14303	0	44469	18535	94	
14304	0	44471	18538	94	
14305	0	44478	18538	94	
14306	0	44480	18537	94	
14307	0	44490	18537	94	
14308	0	44488	18539	94	
14309	0	44488	18539	94	
14310	0	44499	18540	94	
14311	0	44498	18543	94	
14312	0	44499	18540	94	
14313	0	44505	18544	94	
14314	0	44509	18547	94	
14315	0	44523	18551	94	
14316	0	44524	18558	94	
14317	0	44527	18556	94	
14318	0	44532	18554	94	
14319	0	44533	18557	94	
14320	0	44517	18550	94	
14321	0	44490	18536	94	
14322	0	44465	18514	94	
14323	0	44426	18491	94	
14324	0	44394	18466	94	
14325	0	44358	18446	94	
14326	0	44318	18425	94	
14327	0	44296	18407	94	
14328	0	44277	18394	94	
14329	0	44265	18389	94	
14330	0	44261	18385	94	
14331	0	44261	18384	94	
14332	0	44258	18385	94	
14333	0	44264	18389	94	
14334	0	44270	18391	94	
14335	0	44272	18397	94	
14336	0	44283	18399	94	
14337	0	44289	18404	94	
14338	0	44288	18404	94	
14339	0	44295	18409	94	
14340	0	44301	18411	94	
14341	0	44304	18419	94	
14342	0	44312	18422	94	
14343	0	44323	18421	94	
14344	0	44322	18429	94	
14345	0	44328	18430	94	
14346	0	44329	18431	94	
14347	0	44328	18424	94	
14348	0	44321	18428	94	
14349	0	44321	18427	94	
14350	0	44319	18429	94	
14351	0	44314	18421	94	
14352	0	44311	18421	94	
14353	0	44311	18420	94	
14354	0	44310	18417	94	
14355	0	44317	18420	94	
14356	0	44311	18420	94	
14357	0	44321	18422	94	
14358	0	44325	18426	94	
14359	0	44327	18430	94	
14360	0	44340	18435	94	
14361	0	44353	18437	94	
14362	0	44351	18441	94	
14363	0	44364	18444	94	
14364	0	44364	18445	94	
14365	0	44376	18449	94	
14366	0	44383	18455	94	
14367	0	44391	18458	94	
14368	0	44391	18461	94	
14369	0	44400	18466	94	
14370	0	44407	18467	94	
14371	0	44403	18470	94	
14372	0	44410	18473	94	
14373	0	44416	18474	94	
14374	0	44413	18477	94	
14375	0	44419	18483	94	
14376	0	44424	18483	94	
14377	0	44424	18484	94	
14378	0	44429	18484	94	
14379	0	44431	18487	94	
14380	0	44437	18490	94	
14381	0	44432	18486	94	
14382	0	44436	18492	94	
14383	0	44435	18491	94	
14384	0	44439	18495	94	
14385	0	44451	18492	93	
14386	0	44447	18497	93	
14387	0	44449	18496	93	
14388	0	44454	18501	93	
14389	0	44463	18502	93	
14390	0	44464	18503	93	
14391	0	44465	18508	93	
14392	0	44464	18508	93	
14393	0	44475	18512	93	
14394	0	44482	18517	93	
14395	0	44480	18522	93	
14396	0	44483	18525	93	
14397	0	44487	18529	93	
14398	0	44495	18526	93	
14399	0	44481	18523	93	
14400	0	44460	18505	93	
14401	0	44425	18484	93	
14402	0	44394	18465	93	
14403	0	44351	18442	93	
14404	0	44323	18418	93	
14405	0	44292	18397	93	
14406	0	44265	18382	93	
14407	0	44246	18377	93	
14408	0	44238	18368	93	
14409	0	44240	18367	93	
14410	0	44244	18367	93	
14411	0	44247	18369	93	
14412	0	44247	18370	93	
14413	0	44253	18375	93	
14414	0	44256	18379	93	
14415	0	44265	18383	93	
14416	0	44270	18387	93	
14417	0	44274	18390	93	
14418	0	44274	18397	93	
14419	0	44288	18404	93	
14420	0	44289	18409	93	
14421	0	44299	18411	93	
14422	0	44315	18418	93	
14423	0	44319	18420	93	
14424	0	44315	18417	93	
14425	0	44316	18416	93	
14426	0	44310	18414	93	
14427	0	44301	18408	93	
14428	0	44305	18406	93	
14429	0	44298	18406	93	
14430	0	44297	18406	93	
14431	0	44297	18405	93	
14432	0	44293	18405	93	
14433	0	44299	18400	93	
14434	0	44302	18398	93	
14435	0	44298	18398	93	
14436	0	44299	18404	93	
14437	0	44301	18402	93	
14438	0	44310	18413	93	
14439	0	44320	18418	93	
14440	0	44325	18417	93	
14441	0	44332	18421	93	
14442	0	44336	18423	93	
14443	0	44343	18429	93	
14444	0	44348	18430	93	
14445	0	44350	18437	93	
14446	0	44357	18442	93	
14447	0	44366	18446	93	
14448	0	44381	18450	93	
14449	0	44377	18447	93	
14450	0	44387	18448	93	
14451	0	44381	18450	93	
14452	0	44388	18451	93	
14453	0	44383	18454	93	
14454	0	44383	18458	93	
14455	0	44386	18457	93	
14456	0	44390	18459	93	
14457	0	44396	18465	93	
14458	0	44403	18466	93	
14459	0	44399	18462	93	
14460	0	44405	18466	93	
14461	0	44411	18469	93	
14462	0	44416	18467	93	
14463	0	44416	18468	93	
14464	0	44414	18471	93	
14465	0	44418	18473	93	
14466	0	44428	18472	93	
14467	0	44423	18479	93	
14468	0	44433	18477	93	
14469	0	44430	18484	93	
14470	0	44440	18486	93	
14471	0	44443	18488	93	
14472	0	44448	18490	93	
14473	0	44438	18490	93	
14474	0	44444	18483	93	
14475	0	44424	18475	93	
14476	0	44399	18455	93	
14477	0	44359	18438	93	
14478	0	44331	18415	93	
14479	0	44290	18391	93	
14480	0	44260	18368	93	
14481	0	44238	18354	93	
14482	0	44222	18345	93	
14483	0	44215	18339	93	
14484	0	44209	18332	93	
14485	0	44210	18336	93	
14486	0	44208	18339	93	
14487	0	44216	18338	93	
14488	0	44216	18343	93	
14489	0	44226	18344	93	
14490	0	44223	18351	93	
14491	0	44233	18354	93	
14492	0	44241	18357	93	
14493	0	44242	18362	93	
14494	0	44252	18372	93	
14495	0	44258	18376	93	
14496	0	44274	18380	93	
14497	0	44274	18383	93	
14498	0	44279	18384	93	
14499	0	44281	18383	93	
14500	0	44275	18382	93	
14501	0	44271	18381	93	
14502	0	44270	18378	93	
14503	0	44261	18378	93	
14504	0	44252	18373	93	
14505	0	44259	18373	93	
14506	0	44261	18371	93	
14507	0	44257	18373	93	
14508	0	44259	18371	93	
14509	0	44262	18373	93	
14510	0	44267	18374	93	
14511	0	44278	18376	93	
14512	0	44276	18379	93	
14513	0	44289	18384	93	
14514	0	44287	18383	93	
14515	0	44298	18389	93	
14516	0	44303	18394	93	
14517	0	44309	18398	93	
14518	0	44317	18397	93	
14519	0	44320	18408	93	
14520	0	44325	18408	93	
14521	0	44326	18408	93	
14522	0	44329	18414	93	
14523	0	44336	18415	93	
14524	0	44337	18419	93	
14525	0	44347	18422	93	
14526	0	44348	18423	93	
14527	0	44354	18428	93	
14528	0	44357	18430	93	
14529	0	44361	18432	93	
14530	0	44364	18432	93	
14531	0	44365	18435	93	
14532	0	44361	18436	93	
14533	0	44366	18437	93	
14534	0	44367	18435	93	
14535	0	44368	18434	93	
14536	0	44370	18439	93	
14537	0	44378	18443	93	
14538	0	44381	18442	93	
14539	0	44386	18447	93	
14540	0	44386	18447	93	
14541	0	44390	18453	93	
14542	0	44400	18459	93	
14543	0	44408	18459	93	
14544	0	44409	18466	93	
14545	0	44416	18468	93	
14546	0	44424	18467	93	
14547	0	44415	18467	93	
14548	0	44400	18463	93	
14549	0	44388	18451	93	
14550	0	44355	18434	93	
14551	0	44315	18409	93	
14552	0	44278	18387	93	
14553	0	44246	18365	93	
14554	0	44222	18347	93	
14555	0	44189	18329	93	
14556	0	44176	18318	93	
14557	0	44169	18314	93	
14558	0	44167	18311	93	
14559	0	44165	18314	93	
14560	0	44168	18314	93	
14561	0	44173	18316	93	
14562	0	44178	18323	93	
14563	0	44173	18327	93	
14564	0	44183	18330	93	
14565	0	44193	18331	93	
14566	0	44198	18331	93	
14567	0	44196	18337	93	
14568	0	44201	18338	93	
14569	0	44203	18345	93	
14570	0	44215	18348	93	
14571	0	44219	18354	93	
14572	0	44225	18355	93	
14573	0	44223	18359	93	
14574	0	44226	18358	93	
14575	0	44231	18358	93	
14576	0	44223	18356	93	
14577	0	44227	18360	93	
14578	0	44230	18353	93	
14579	0	44223	18351	93	
14580	0	44229	18353	93	
14581	0	44221	18354	93	
14582	0	44223	18350	93	
14583	0	44221	18350	93	
14584	0	44226	18353	93	
14585	0	44231	18358	93	
14586	0	44243	18358	93	
14587	0	44250	18363	93	
14588	0	44255	18369	93	
14589	0	44261	18373	93	
14590	0	44265	18379	93	
14591	0	44275	18379	93	
14592	0	44284	18387	93	
14593	0	44288	18392	93	
14594	0	44292	18395	93	
14595	0	44300	18399	93	
14596	0	44300	18402	93	
14597	0	44310	18406	93	
14598	0	44318	18410	93	
14599	0	44326	18416	93	
14600	0	44331	18417	93	
14601	0	44333	18419	93	
14602	0	44333	18420	93	
14603	0	44335	18422	93	
14604	0	44332	18423	93	
14605	0	44337	18428	93	
14606	0	44345	18429	93	
14607	0	44350	18429	93	
14608	0	44356	18433	93	
14609	0	44352	18435	93	
14610	0	44358	18440	93	
14611	0	44366	18438	93	
14612	0	44363	18440	93	
14613	0	44376	18447	93	
14614	0	44375	18445	93	
14615	0	44379	18448	93	
14616	0	44391	18449	93	
14617	0	44391	18454	93	
14618	0	44396	18458	93	
14619	0	44392	18458	93	
14620	0	44394	18455	93	
14621	0	44383	18446	93	
14622	0	44350	18430	93	
14623	0	44322	18414	93	
14624	0	44281	18391	93	
14625	0	44249	18367	93	
14626	0	44210	18349	93	
14627	0	44184	18332	93	
14628	0	44170	18321	93	
14629	0	44153	18307	93	
14630	0	44145	18306	93	
14631	0	44150	18301	93	
14632	0	44152	18305	93	
14633	0	44150	18306	93	
14634	0	44154	18305	93	
14635	0	44161	18312	93	
14636	0	44160	18312	93	
14637	0	44166	18319	93	
14638	0	44172	18320	93	
14639	0	44178	18325	93	
14640	0	44184	18331	93	
14641	0	44183	18333	93	
14642	0	44186	18335	93	
14643	0	44201	18340	93	
14644	0	44200	18342	93	
14645	0	44210	18348	93	
14646	0	44213	18350	93	
14647	0	44222	18349	93	
14648	0	44219	18350	93	
14649	0	44219	18350	93	
14650	0	44215	18349	93	
14651	0	44215	18351	93	
14652	0	44214	18348	93	
14653	0	44213	18342	93	
14654	0	44215	18345	93	
14655	0	44219	18344	93	
14656	0	44225	18347	93	
14657	0	44224	18352	93	
14658	0	44231	18354	93	
14659	0	44239	18357	93	
14660	0	44246	18361	93	
14661	0	44249	18361	93	
14662	0	44257	18369	93	
14663	0	44266	18369	93	
14664	0	44268	18379	93	
14665	0	44275	18383	93	
14666	0	44286	18386	93	
14667	0	44294	18389	93	
14668	0	44293	18393	93	
14669	0	44297	18397	93	
14670	0	44307	18403	93	
14671	0	44311	18405	93	
14672	0	44316	18405	93	
14673	0	44323	18412	93	
14674	0	44332	18411	93	
14675	0	44331	18412	93	
14676	0	44333	18414	93	
14677	0	44338	18416	93	
14678	0	44341	18418	93	
14679	0	44342	18419	93	
14680	0	44346	18420	93	
14681	0	44346	18421	93	
14682	0	44356	18423	93	
14683	0	44357	18427	93	
14684	0	44355	18431	93	
14685	0	44360	18428	93	
14686	0	44360	18432	93	
14687	0	44369	18431	93	
14688	0	44368	18440	93	
14689	0	44372	18438	93	
14690	0	44384	18442	93	
14691	0	44387	18449	93	
14692	0	44397	18449	93	
14693	0	44400	18454	93	
14694	0	44400	18457	93	
14695	0	44405	18459	93	
14696	0	44402	18456	93	
14697	0	44393	18452	93	
14698	0	44372	18438	93	
14699	0	44342	18420	93	
14700	0	44298	18395	93	
14701	0	44269	18371	93	
14702	0	44225	18352	93	
14703	0	44201	18330	93	
14704	0	44187	18318	93	
14705	0	44178	18307	93	
14706	0	44164	18302	93	
14707	0	44166	18305	93	
14708	0	44162	18301	93	
14709	0	44171	18305	93	
14710	0	44178	18307	93	
14711	0	44181	18313	93	
14712	0	44179	18314	93	
14713	0	44185	18319	93	
14714	0	44188	18324	93	
14715	0	44193	18324	93	
14716	0	44196	18335	93	
14717	0	44199	18334	93	
14718	0	44215	18339	93	
14719	0	44218	18344	93	
14720	0	44231	18348	93	
14721	0	44231	18351	93	
14722	0	44232	18349	93	
14723	0	44234	18349	93	
14724	0	44227	18350	93	
14725	0	44231	18348	93	
14726	0	44227	18348	93	
14727	0	44224	18349	93	
14728	0	44221	18350	93	
14729	0	44225	18351	93	
14730	0	44231	18349	93	
14731	0	44235	18353	93	
14732	0	44235	18351	93	
14733	0	44243	18354	93	
14734	0	44240	18355	93	
14735	0	44250	18361	93	
14736	0	44260	18367	93	
14737	0	44271	18373	93	
14738	0	44275	18375	93	
14739	0	44279	18377	93	
14740	0	44286	18380	93	
14741	0	44291	18384	93	
14742	0	44295	18390	93	
14743	0	44303	18395	93	
14744	0	44308	18400	93	
14745	0	44309	18401	93	
14746	0	44326	18405	93	
14747	0	44326	18408	93	
14748	0	44325	18412	93	
14749	0	44335	18407	93	
14750	0	44337	18413	93	
14751	0	44336	18418	93	
14752	0	44343	18417	93	
14753	0	44348	18418	93	
14754	0	44348	18420	93	
14755	0	44353	18420	93	
14756	0	44359	18425	93	
14757	0	44353	18423	93	
14758	0	44364	18428	93	
14759	0	44374	18431	93	
14760	0	44373	18434	93	
14761	0	44380	18442	93	
14762	0	44380	18441	93	
14763	0	44389	18445	93	
14764	0	44391	18445	93	
14765	0	44396	18445	93	
14766	0	44396	18443	93	
14767	0	44384	18444	93	
14768	0	44363	18430	93	
14769	0	44347	18419	93	
14770	0	44316	18398	93	
14771	0	44282	18377	93	
14772	0	44255	18360	93	
14773	0	44227	18345	93	
14774	0	44203	18331	93	
14775	0	44188	18316	93	
14776	0	44182	18311	93	
14777	0	44183	18309	93	
14778	0	44182	18313	93	
14779	0	44180	18315	93	
14780	0	44195	18315	93	
14781	0	44195	18320	93	
14782	0	44199	18327	93	
14783	0	44207	18330	93	
14784	0	44214	18337	93	
14785	0	44226	18340	93	
14786	0	44231	18344	93	
14787	0	44242	18346	93	
14788	0	44243	18353	93	
14789	0	44256	18356	93	
14790	0	44262	18358	93	
14791	0	44263	18362	93	
14792	0	44266	18360	93	
14793	0	44269	18362	93	
14794	0	44269	18366	93	
14795	0	44272	18359	93	
14796	0	44271	18358	93	
14797	0	44265	18357	93	
14798	0	44269	18357	93	
14799	0	44267	18352	93	
14800	0	44269	18357	93	
14801	0	44268	18356	93	
14802	0	44275	18361	93	
14803	0	44282	18363	93	
14804	0	44289	18368	93	
14805	0	44299	18373	93	
14806	0	44304	18374	93	
14807	0	44310	18377	93	
14808	0	44314	18383	93	
14809	0	44323	18385	93	
14810	0	44325	18391	93	
14811	0	44329	18394	93	
14812	0	44339	18398	93	
14813	0	44356	18409	93	
14814	0	44361	18409	93	
14815	0	44370	18414	93	
14816	0	44377	18415	93	
14817	0	44374	18419	93	
14818	0	44379	18421	93	
14819	0	44387	18425	93	
14820	0	44391	18424	93	
14821	0	44394	18423	93	
14822	0	44397	18427	93	
14823	0	44397	18431	93	
14824	0	44400	18432	93	
14825	0	44400	18434	93	
14826	0	44404	18437	93	
14827	0	44405	18440	93	
14828	0	44418	18444	93	
14829	0	44416	18447	93	
14830	0	44424	18450	93	
14831	0	44432	18456	93	
14832	0	44435	18454	93	
14833	0	44437	18461	93	
14834	0	44437	18468	93	
14835	0	44442	18469	93	
14836	0	44438	18470	93	
14837	0	44429	18466	93	
14838	0	44411	18450	93	
14839	0	44380	18434	93	
14840	0	44358	18415	93	
14841	0	44327	18399	93	
14842	0	44304	18381	93	
14843	0	44276	18374	93	
14844	0	44260	18362	93	
14845	0	44255	18353	93	
14846	0	44254	18352	93	
14847	0	44251	18352	93	
14848	0	44257	18357	93	
14849	0	44264	18357	93	
14850	0	44267	18359	93	
14851	0	44273	18364	93	
14852	0	44274	18366	93	
14853	0	44286	18372	93	
14854	0	44296	18378	93	
14855	0	44303	18385	93	
14856	0	44305	18386	93	
14857	0	44319	18393	93	
14858	0	44325	18396	93	
14859	0	44331	18402	93	
14860	0	44334	18404	93	
14861	0	44345	18405	93	
14862	0	44349	18407	93	
14863	0	44342	18409	93	
14864	0	44337	18410	93	
14865	0	44333	18407	93	
14866	0	44331	18402	93	
14867	0	44334	18404	93	
14868	0	44329	18406	93	
14869	0	44329	18407	93	
14870	0	44339	18406	93	
14871	0	44338	18412	93	
14872	0	44348	18417	93	
14873	0	44356	18417	93	
14874	0	44359	18420	93	
14875	0	44367	18427	93	
14876	0	44368	18430	93	
14877	0	44379	18437	93	
14878	0	44385	18439	93	
14879	0	44395	18443	93	
14880	0	44403	18448	93	
14881	0	44405	18453	93	
14882	0	44414	18458	93	
14883	0	44421	18463	93	
14884	0	44426	18468	93	
14885	0	44430	18470	93	
14886	0	44438	18477	93	
14887	0	44445	18479	93	
14888	0	44439	18478	93	
14889	0	44444	18481	93	
14890	0	44452	18487	93	
14891	0	44454	18494	93	
14892	0	44459	18492	93	
14893	0	44471	18497	93	
14894	0	44467	18498	93	
14895	0	44468	18500	93	
14896	0	44477	18504	93	
14897	0	44478	18507	93	
14898	0	44484	18508	93	
14899	0	44492	18509	93	
14900	0	44489	18512	93	
14901	0	44496	18514	93	
14902	0	44501	18516	93	
14903	0	44508	18522	93	
14904	0	44512	18525	93	
14905	0	44519	18528	93	
14906	0	44525	18531	93	
14907	0	44528	18532	93	
14908	0	44533	18538	93	
14909	0	44536	18538	93	
14910	0	44528	18541	93	
14911	0	44517	18532	93	
14912	0	44501	18524	93	
14913	0	44474	18509	93	
14914	0	44451	18495	93	
14915	0	44425	18474	93	
14916	0	44396	18456	93	
14917	0	44367	18442	93	
14918	0	44353	18432	93	
14919	0	44346	18424	93	
14920	0	44335	18419	93	
14921	0	44339	18414	93	
14922	0	44340	18422	93	
14923	0	44338	18420	93	
14924	0	44351	18428	93	
14925	0	44350	18431	93	
14926	0	44366	18436	93	
14927	0	44364	18437	93	
14928	0	44376	18442	93	
14929	0	44385	18447	93	
14930	0	44386	18450	93	
14931	0	44401	18457	93	
14932	0	44402	18461	93	
14933	0	44417	18466	93	
14934	0	44415	18468	93	
14935	0	44419	18472	93	
14936	0	44426	18475	93	
14937	0	44421	18472	93	
14938	0	44418	18476	93	
14939	0	44423	18470	93	
14940	0	44422	18467	93	
14941	0	44417	18471	93	
14942	0	44415	18465	93	
14943	0	44418	18465	93	
14944	0	44423	18471	93	
14945	0	44419	18465	93	
14946	0	44431	18464	93	
14947	0	44432	18466	93	
14948	0	44438	18471	93	
14949	0	44439	18474	93	
14950	0	44448	18479	93	
14951	0	44448	18480	93	
14952	0	44463	18486	93	
14953	0	44462	18489	93	
14954	0	44472	18496	93	
14955	0	44478	18499	93	
14956	0	44480	18502	93	
14957	0	44482	18507	93	
14958	0	44486	18507	93	
14959	0	44499	18512	93	
14960	0	44498	18516	93	
14961	0	44503	18516	93	
14962	0	44506	18523	93	
14963	0	44510	18522	93	
14964	0	44518	18531	93	
14965	0	44521	18529	93	
14966	0	44522	18531	93	
14967	0	44519	18533	93	
14968	0	44523	18537	93	
14969	0	44531	18542	93	
14970	0	44534	18545	93	
14971	0	44536	18546	93	
14972	0	44537	18552	93	
14973	0	44544	18558	93	
14974	0	44552	18560	93	
14975	0	44557	18563	93	
14976	0	44561	18569	93	
14977	0	44566	18573	93	
14978	0	44566	18575	93	
14979	0	44566	18576	93	
14980	0	44570	18584	93	
14981	0	44573	18586	93	
14982	0	44576	18592	93	
14983	0	44581	18598	93	
14984	0	44581	18607	93	
14985	0	44578	18613	93	
14986	0	44575	18613	93	
14987	0	44563	18607	93	
14988	0	44549	18592	93	
14989	0	44519	18579	93	
14990	0	44488	18561	93	
14991	0	44466	18548	93	
14992	0	44442	18529	93	
14993	0	44420	18520	93	
14994	0	44410	18510	93	
14995	0	44403	18503	93	
14996	0	44396	18505	93	
14997	0	44397	18502	93	
14998	0	44399	18504	93	
14999	0	44408	18515	93	
15000	0	44415	18524	93	
15001	0	44424	18524	93	
15002	0	44437	18529	93	
15003	0	44453	18530	93	
15004	0	44453	18537	93	
15005	0	44462	18542	93	
15006	0	44468	18542	93	
15007	0	44468	18543	93	
15008	0	44473	18554	93	
15009	0	44477	18561	93	
15010	0	44486	18558	93	
15011	0	44490	18561	93	
15012	0	44498	18561	93	
15013	0	44501	18559	93	
15014	0	44497	18559	93	
15015	0	44490	18553	93	
15016	0	44488	18555	93	
15017	0	44482	18554	93	
15018	0	44480	18552	93	
15019	0	44477	18550	93	
15020	0	44478	18549	93	
15021	0	44486	18556	93	
15022	0	44492	18560	93	
15023	0	44500	18558	93	
15024	0	44507	18562	93	
15025	0	44509	18565	93	
15026	0	44515	18567	93	
15027	0	44522	18568	93	
15028	0	44522	18570	93	
15029	0	44535	18576	93	
15030	0	44534	18582	93	
15031	0	44546	18587	93	
15032	0	44563	18592	93	
15033	0	44564	18594	93	
15034	0	44569	18595	93	
15035	0	44572	18597	93	
15036	0	44576	18599	93	
15037	0	44581	18601	93	
15038	0	44573	18604	93	
15039	0	44576	18601	93	
15040	0	44578	18610	93	
15041	0	44586	18615	93	
15042	0	44583	18616	93	
15043	0	44596	18618	93	
15044	0	44606	18617	93	
15045	0	44609	18621	93	
15046	0	44612	18619	93	
15047	0	44605	18616	93	
15048	0	44610	18619	93	
15049	0	44605	18617	93	
15050	0	44613	18618	93	
15051	0	44606	18620	93	
15052	0	44612	18622	93	
15053	0	44616	18623	93	
15054	0	44625	18632	93	
15055	0	44637	18634	93	
15056	0	44637	18640	93	
15057	0	44650	18642	93	
15058	0	44650	18645	93	
15059	0	44653	18644	93	
15060	0	44650	18644	93	
15061	0	44651	18647	93	
15062	0	44654	18645	93	
15063	0	44657	18643	93	
15064	0	44644	18644	93	
15065	0	44631	18629	93	
15066	0	44601	18612	93	
15067	0	44572	18592	93	
15068	0	44540	18573	93	
15069	0	44510	18553	93	
15070	0	44481	18539	93	
15071	0	44462	18523	93	
15072	0	44453	18515	93	
15073	0	44449	18513	93	
15074	0	44439	18505	93	
15075	0	44440	18503	93	
15076	0	44447	18502	93	
15077	0	44442	18505	93	
15078	0	44450	18505	93	
15079	0	44456	18512	93	
15080	0	44455	18516	93	
15081	0	44471	18518	93	
15082	0	44474	18523	93	
15083	0	44475	18529	93	
15084	0	44483	18528	93	
15085	0	44492	18531	93	
15086	0	44499	18539	93	
15087	0	44498	18541	93	
15088	0	44505	18541	93	
15089	0	44507	18541	93	
15090	0	44500	18539	93	
15091	0	44507	18542	93	
15092	0	44506	18545	93	
15093	0	44506	18537	93	
15094	0	44499	18539	93	
15095	0	44491	18535	93	
15096	0	44494	18536	93	
15097	0	44489	18541	93	
15098	0	44493	18537	93	
15099	0	44502	18542	93	
15100	0	44498	18542	93	
15101	0	44505	18544	93	
15102	0	44511	18548	93	
15103	0	44519	18552	93	
15104	0	44525	18551	93	
15105	0	44532	18557	93	
15106	0	44531	18559	93	
15107	0	44543	18560	93	
15108	0	44537	18564	93	
15109	0	44542	18564	93	
15110	0	44541	18572	93	
15111	0	44553	18572	93	
15112	0	44561	18577	93	
15113	0	44570	18581	93	
15114	0	44575	18581	93	
15115	0	44573	18582	93	
15116	0	44578	18586	93	
15117	0	44575	18589	93	
15118	0	44579	18587	93	
15119	0	44585	18592	93	
15120	0	44591	18593	93	
15121	0	44591	18591	93	
15122	0	44591	18591	93	
15123	0	44594	18592	93	
15124	0	44590	18594	93	
15125	0	44585	18596	93	
15126	0	44598	18597	93	
15127	0	44597	18600	93	
15128	0	44599	18599	93	
15129	0	44602	18603	93	
15130	0	44606	18607	93	
15131	0	44608	18604	93	
15132	0	44608	18614	93	
15133	0	44619	18613	93	
15134	0	44618	18618	93	
15135	0	44632	18620	93	
15136	0	44634	18622	93	
15137	0	44642	18627	93	
15138	0	44641	18626	93	
15139	0	44645	18631	93	
15140	0	44639	18632	93	
15141	0	44640	18632	93	
15142	0	44640	18630	93	
15143	0	44626	18623	93	
15144	0	44603	18609	93	
15145	0	44574	18599	93	
15146	0	44554	18584	93	
15147	0	44526	18564	93	
15148	0	44505	18547	93	
15149	0	44477	18534	93	
15150	0	44464	18529	93	
15151	0	44458	18519	93	
15152	0	44458	18521	93	
15153	0	44453	18518	93	
15154	0	44461	18522	93	
15155	0	44466	18527	93	
15156	0	44469	18533	93	
15157	0	44491	18535	93	
15158	0	44496	18537	93	
15159	0	44505	18543	93	
15160	0	44504	18548	93	
15161	0	44514	18546	93	
15162	0	44518	18552	93	
15163	0	44518	18558	93	
15164	0	44521	18558	93	
15165	0	44531	18562	93	
15166	0	44532	18569	93	
15167	0	44536	18572	93	
15168	0	44530	18569	93	
15169	0	44531	18573	93	
15170	0	44530	18569	93	
15171	0	44531	18568	93	
15172	0	44533	18567	93	
15173	0	44529	18565	93	
15174	0	44530	18564	93	
15175	0	44528	18566	93	
15176	0	44529	18562	93	
15177	0	44533	18563	93	
15178	0	44533	18565	93	
15179	0	44532	18572	93	
15180	0	44547	18571	93	
15181	0	44555	18577	93	
15182	0	44558	18581	93	
15183	0	44569	18584	93	
15184	0	44573	18585	93	
15185	0	44582	18590	93	
15186	0	44585	18590	93	
15187	0	44589	18591	93	
15188	0	44585	18594	93	
15189	0	44587	18597	93	
15190	0	44601	18603	93	
15191	0	44612	18605	93	
15192	0	44606	18611	93	
15193	0	44617	18615	93	
15194	0	44618	18618	93	
15195	0	44621	18618	93	
15196	0	44633	18623	93	
15197	0	44630	18622	93	
15198	0	44635	18626	93	
15199	0	44630	18623	93	
15200	0	44640	18626	93	
15201	0	44633	18629	93	
15202	0	44635	18631	93	
15203	0	44632	18634	93	
15204	0	44636	18633	93	
15205	0	44637	18636	93	
15206	0	44653	18639	93	
15207	0	44657	18644	93	
15208	0	44659	18645	93	
15209	0	44666	18650	93	
15210	0	44671	18649	93	
15211	0	44670	18657	93	
15212	0	44676	18662	93	
15213	0	44681	18664	93	
15214	0	44689	18667	93	
15215	0	44696	18673	93	
15216	0	44698	18668	93	
15217	0	44699	18669	93	
15218	0	44687	18666	93	
15219	0	44670	18657	93	
15220	0	44643	18647	93	
15221	0	44629	18639	93	
15222	0	44606	18626	93	
15223	0	44593	18616	93	
15224	0	44576	18602	93	
15225	0	44561	18594	93	
15226	0	44557	18589	93	
15227	0	44545	18588	93	
15228	0	44547	18586	93	
15229	0	44550	18590	93	
15230	0	44560	18592	93	
15231	0	44565	18593	93	
15232	0	44569	18598	93	
15233	0	44578	18604	93	
15234	0	44592	18610	93	
15235	0	44599	18613	93	
15236	0	44598	18613	93	
15237	0	44610	18617	93	
15238	0	44605	18620	93	
15239	0	44608	18624	93	
15240	0	44619	18627	93	
15241	0	44619	18629	93	
15242	0	44626	18636	93	
15243	0	44619	18631	93	
15244	0	44626	18635	93	
15245	0	44631	18631	93	
15246	0	44632	18630	93	
15247	0	44629	18628	93	
15248	0	44626	18628	93	
15249	0	44621	18626	93	
15250	0	44615	18627	93	
15251	0	44622	18621	93	
15252	0	44619	18626	93	
15253	0	44627	18625	93	
15254	0	44631	18632	93	
15255	0	44639	18635	93	
15256	0	44641	18636	93	
15257	0	44637	18636	93	
15258	0	44645	18637	93	
15259	0	44646	18641	93	
15260	0	44653	18644	93	
15261	0	44652	18651	93	
15262	0	44656	18650	93	
15263	0	44658	18659	93	
15264	0	44668	18661	93	
15265	0	44678	18668	93	
15266	0	44685	18671	93	
15267	0	44685	18677	93	
15268	0	44696	18685	93	
15269	0	44694	18681	93	
15270	0	44700	18682	93	
15271	0	44700	18688	93	
15272	0	44706	18690	93	
15273	0	44709	18696	93	
15274	0	44710	18698	93	
15275	0	44723	18700	93	
15276	0	44723	18701	93	
15277	0	44723	18708	93	
15278	0	44729	18709	93	
15279	0	44740	18712	93	
15280	0	44737	18713	93	
15281	0	44750	18718	93	
15282	0	44744	18717	93	
15283	0	44753	18721	93	
15284	0	44755	18720	93	
15285	0	44757	18722	93	
15286	0	44762	18727	93	
15287	0	44764	18734	93	
15288	0	44774	18739	93	
15289	0	44772	18740	93	
15290	0	44775	18745	93	
15291	0	44787	18746	93	
15292	0	44791	18747	93	
15293	0	44791	18749	93	
15294	0	44793	18751	93	
15295	0	44784	18744	93	
15296	0	44769	18740	93	
15297	0	44745	18728	93	
15298	0	44724	18716	93	
15299	0	44704	18703	93	
15300	0	44688	18693	93	
15301	0	44676	18686	93	
15302	0	44656	18678	93	
15303	0	44649	18671	93	
15304	0	44654	18671	93	
15305	0	44650	18671	93	
15306	0	44654	18671	93	
15307	0	44658	18671	93	
15308	0	44661	18675	93	
15309	0	44665	18676	93	
15310	0	44671	18680	93	
15311	0	44681	18684	93	
15312	0	44683	18685	93	
15313	0	44688	18687	93	
15314	0	44688	18689	93	
15315	0	44689	18693	93	
15316	0	44691	18694	93	
15317	0	44702	18697	93	
15318	0	44703	18701	93	
15319	0	44699	18698	93	
15320	0	44699	18700	93	
15321	0	44703	18699	93	
15322	0	44704	18701	93	
15323	0	44694	18702	93	
15324	0	44696	18703	93	
15325	0	44691	18701	93	
15326	0	44696	18703	93	
15327	0	44698	18708	93	
15328	0	44703	18710	93	
15329	0	44709	18709	93	
15330	0	44710	18708	93	
15331	0	44710	18708	93	
15332	0	44705	18708	93	
15333	0	44713	18713	93	
15334	0	44715	18717	93	
15335	0	44725	18720	93	
15336	0	44724	18719	93	
15337	0	44733	18723	93	
15338	0	44733	18726	93	
15339	0	44741	18728	93	
15340	0	44741	18730	93	
15341	0	44746	18732	93	
15342	0	44749	18735	93	
15343	0	44749	18734	93	
15344	0	44750	18739	93	
15345	0	44756	18740	93	
15346	0	44760	18747	93	
15347	0	44766	18752	93	
15348	0	44774	18753	93	
15349	0	44775	18757	93	
15350	0	44784	18759	93	
15351	0	44792	18760	93	
15352	0	44784	18759	93	
15353	0	44785	18759	93	
15354	0	44786	18762	93	
15355	0	44782	18762	93	
15356	0	44782	18765	93	
15357	0	44787	18763	93	
15358	0	44789	18768	93	
15359	0	44798	18770	93	
15360	0	44803	18771	93	
15361	0	44803	18770	93	
15362	0	44801	18773	93	
15363	0	44811	18776	93	
15364	0	44808	18773	93	
15365	0	44805	18776	93	
15366	0	44811	18778	93	
15367	0	44820	18780	93	
15368	0	44826	18783	93	
15369	0	44823	18786	93	
15370	0	44826	18789	93	
15371	0	44834	18789	93	
15372	0	44835	18796	93	
15373	0	44828	18798	93	
15374	0	44828	18789	93	
15375	0	44817	18792	93	
15376	0	44805	18779	93	
15377	0	44789	18774	93	
15378	0	44773	18762	93	
15379	0	44747	18748	93	
15380	0	44735	18736	93	
15381	0	44719	18727	93	
15382	0	44705	18717	93	
15383	0	44695	18713	93	
15384	0	44692	18714	93	
15385	0	44691	18714	93	
15386	0	44691	18713	93	
15387	0	44693	18718	93	
15388	0	44699	18718	93	
15389	0	44703	18723	93	
15390	0	44706	18721	93	
15391	0	44707	18728	93	
15392	0	44715	18728	93	
15393	0	44714	18727	93	
15394	0	44715	18732	93	
15395	0	44718	18734	93	
15396	0	44724	18738	93	
15397	0	44722	18743	93	
15398	0	44729	18745	93	
15399	0	44731	18743	93	
15400	0	44727	18743	93	
15401	0	44728	18747	93	
15402	0	44730	18752	93	
15403	0	44724	18749	93	
15404	0	44727	18744	93	
15405	0	44723	18748	93	
15406	0	44726	18746	93	
15407	0	44726	18745	93	
15408	0	44721	18744	93	
15409	0	44722	18743	93	
15410	0	44725	18739	93	
15411	0	44723	18743	93	
15412	0	44723	18746	93	
15413	0	44732	18748	93	
15414	0	44730	18747	93	
15415	0	44735	18746	93	
15416	0	44735	18746	93	
15417	0	44739	18751	93	
15418	0	44741	18753	93	
15419	0	44737	18756	93	
15420	0	44739	18756	93	
15421	0	44735	18758	93	
15422	0	44744	18760	93	
15423	0	44745	18761	93	
15424	0	44756	18766	93	
15425	0	44764	18768	93	
15426	0	44764	18767	93	
15427	0	44764	18770	93	
15428	0	44768	18770	93	
15429	0	44766	18766	93	
15430	0	44773	18772	93	
15431	0	44770	18768	93	
15432	0	44771	18770	93	
15433	0	44771	18771	93	
15434	0	44777	18772	93	
15435	0	44770	18767	93	
15436	0	44771	18766	93	
15437	0	44774	18769	93	
15438	0	44770	18765	93	
15439	0	44778	18768	93	
15440	0	44778	18769	93	
15441	0	44773	18766	93	
15442	0	44769	18767	93	
15443	0	44770	18769	93	
15444	0	44773	18767	93	
15445	0	44778	18770	93	
15446	0	44772	18771	93	
15447	0	44776	18771	93	
15448	0	44777	18775	93	
15449	0	44786	18780	93	
15450	0	44780	18778	93	
15451	0	44787	18780	93	
15452	0	44785	18785	93	
15453	0	44789	18783	93	
15454	0	44785	18785	93	
15455	0	44785	18780	93	
15456	0	44771	18779	93	
15457	0	44751	18772	93	
15458	0	44739	18761	93	
15459	0	44720	18754	93	
15460	0	44694	18741	93	
15461	0	44686	18734	93	
15462	0	44665	18729	93	
15463	0	44658	18723	93	
15464	0	44649	18713	93	
15465	0	44647	18709	93	
15466	0	44649	18708	93	
15467	0	44648	18709	93	
15468	0	44653	18704	93	
15469	0	44643	18702	93	
15470	0	44653	18711	93	
15471	0	44649	18709	93	
15472	0	44652	18713	93	
15473	0	44657	18712	93	
15474	0	44659	18717	93	
15475	0	44664	18719	93	
15476	0	44667	18716	93	
15477	0	44670	18716	93	
15478	0	44673	18722	93	
15479	0	44674	18724	93	
15480	0	44678	18720	93	
15481	0	44675	18721	93	
15482	0	44667	18718	93	
15483	0	44668	18714	93	
15484	0	44662	18710	93	
15485	0	44651	18707	93	
15486	0	44656	18704	93	
15487	0	44645	18704	93	
15488	0	44646	18698	93	
15489	0	44649	18695	93	
15490	0	44644	18696	93	
15491	0	44647	18696	93	
15492	0	44642	18695	93	
15493	0	44638	18696	93	
15494	0	44640	18694	93	
15495	0	44645	18695	93	
15496	0	44638	18694	93	
15497	0	44637	18696	93	
15498	0	44642	18698	93	
15499	0	44640	18700	93	
15500	0	44641	18700	93	
15501	0	44650	18705	93	
15502	0	44648	18707	93	
15503	0	44655	18710	93	
15504	0	44659	18710	93	
15505	0	44663	18714	93	
15506	0	44660	18714	93	
15507	0	44657	18714	93	
15508	0	44660	18716	93	
15509	0	44661	18717	93	
15510	0	44663	18714	93	
15511	0	44666	18718	93	
15512	0	44663	18717	93	
15513	0	44663	18718	93	
15514	0	44660	18720	93	
15515	0	44664	18716	93	
15516	0	44658	18719	93	
15517	0	44666	18721	93	
15518	0	44666	18720	93	
15519	0	44665	18721	93	
15520	0	44660	18722	93	
15521	0	44664	18727	93	
15522	0	44666	18727	93	
15523	0	44670	18730	93	
15524	0	44672	18734	93	
15525	0	44677	18734	93	
15526	0	44677	18732	93	
15527	0	44680	18739	93	
15528	0	44680	18734	93	
15529	0	44683	18738	93	
15530	0	44683	18734	93	
15531	0	44672	18738	93	
15532	0	44675	18732	93	
15533	0	44669	18729	93	
15534	0	44647	18723	93	
15535	0	44637	18720	93	
15536	0	44618	18707	93	
15537	0	44601	18699	93	
15538	0	44592	18687	93	
15539	0	44571	18676	93	
15540	0	44550	18665	93	
15541	0	44539	18658	93	
15542	0	44524	18649	93	
15543	0	44523	18646	93	
15544	0	44521	18645	93	
15545	0	44521	18646	93	
15546	0	44523	18650	93	
15547	0	44536	18654	93	
15548	0	44541	18653	93	
15549	0	44542	18656	93	
15550	0	44536	18658	93	
15551	0	44549	18658	93	
15552	0	44546	18659	93	
15553	0	44550	18662	93	
15554	0	44546	18662	93	
15555	0	44548	18662	93	
15556	0	44552	18666	93	
15557	0	44555	18669	93	
15558	0	44552	18669	93	
15559	0	44544	18664	93	
15560	0	44548	18661	93	
15561	0	44547	18661	93	
15562	0	44538	18655	93	
15563	0	44538	18655	93	
15564	0	44531	18655	93	
15565	0	44530	18654	93	
15566	0	44531	18655	93	
15567	0	44534	18653	93	
15568	0	44530	18650	93	
15569	0	44528	18650	93	
15570	0	44536	18648	93	
15571	0	44528	18648	93	
15572	0	44531	18652	93	
15573	0	44539	18654	93	
15574	0	44543	18658	93	
15575	0	44548	18661	93	
15576	0	44549	18658	93	
15577	0	44546	18657	93	
15578	0	44547	18661	93	
15579	0	44551	18663	93	
15580	0	44550	18663	93	
15581	0	44552	18668	93	
15582	0	44560	18669	93	
15583	0	44553	18671	93	
15584	0	44561	18670	93	
15585	0	44568	18675	92	
15586	0	44557	18673	92	
15587	0	44558	18673	92	
15588	0	44563	18672	92	
15589	0	44559	18675	92	
15590	0	44567	18675	92	
15591	0	44563	18678	92	
15592	0	44561	18677	92	
15593	0	44569	18679	92	
15594	0	44569	18679	92	
15595	0	44571	18679	92	
15596	0	44578	18678	92	
15597	0	44576	18678	92	
15598	0	44573	18682	92	
15599	0	44574	18686	92	
15600	0	44578	18687	92	
15601	0	44580	18693	92	
15602	0	44586	18693	92	
15603	0	44585	18693	92	
15604	0	44590	18694	92	
15605	0	44587	18694	92	
15606	0	44589	18698	92	
15607	0	44584	18698	92	
15608	0	44578	18697	92	
15609	0	44577	18697	92	
15610	0	44567	18692	92	
15611	0	44554	18690	92	
15612	0	44532	18676	92	
15613	0	44510	18663	92	
15614	0	44491	18648	92	
15615	0	44470	18634	92	
15616	0	44450	18622	92	
15617	0	44431	18608	92	
15618	0	44425	18603	92	
15619	0	44411	18600	92	
15620	0	44414	18597	92	
15621	0	44414	18599	92	
15622	0	44413	18603	92	
15623	0	44413	18600	92	
15624	0	44422	18603	92	
15625	0	44426	18602	92	
15626	0	44423	18604	92	
15627	0	44426	18607	92	
15628	0	44431	18610	92	
15629	0	44431	18608	92	
15630	0	44432	18609	92	
15631	0	44432	18610	92	
15632	0	44442	18614	92	
15633	0	44436	18614	92	
15634	0	44440	18616	92	
15635	0	44438	18611	92	
15636	0	44431	18613	92	
15637	0	44435	18613	92	
15638	0	44428	18611	92	
15639	0	44423	18605	92	
15640	0	44422	18603	92	
15641	0	44423	18606	92	
15642	0	44422	18607	92	
15643	0	44419	18606	92	
15644	0	44425	18601	92	
15645	0	44425	18601	92	
15646	0	44426	18603	92	
15647	0	44425	18607	92	
15648	0	44427	18602	92	
15649	0	44426	18607	92	
15650	0	44432	18610	92	
15651	0	44442	18614	92	
15652	0	44441	18613	92	
15653	0	44448	18616	92	
15654	0	44446	18614	92	
15655	0	44446	18620	92	
15656	0	44454	18623	92	
15657	0	44459	18623	92	
15658	0	44459	18625	92	
15659	0	44462	18629	92	
15660	0	44468	18631	92	
15661	0	44466	18631	92	
15662	0	44469	18633	92	
15663	0	44472	18633	92	
15664	0	44475	18635	92	
15665	0	44475	18634	92	
15666	0	44476	18634	92	
15667	0	44479	18636	92	
15668	0	44478	18637	92	
15669	0	44475	18644	92	
15670	0	44483	18642	92	
15671	0	44486	18642	92	
15672	0	44488	18643	92	
15673	0	44486	18642	92	
15674	0	44495	18649	92	
15675	0	44494	18644	92	
15676	0	44494	18644	92	
15677	0	44489	18640	92	
15678	0	44491	18643	92	
15679	0	44496	18646	92	
15680	0	44502	18651	92	
15681	0	44498	18654	92	
15682	0	44507	18653	92	
15683	0	44510	18657	92	
15684	0	44519	18660	92	
15685	0	44522	18659	92	
15686	0	44516	18658	92	
15687	0	44518	18657	92	
15688	0	44506	18656	92	
15689	0	44490	18646	92	
15690	0	44472	18640	92	
15691	0	44447	18623	92	
15692	0	44420	18613	92	
15693	0	44403	18593	92	
15694	0	44374	18576	92	
15695	0	44353	18561	92	
15696	0	44336	18552	92	
15697	0	44320	18540	92	
15698	0	44316	18535	92	
15699	0	44320	18536	92	
15700	0	44320	18532	92	
15701	0	44317	18535	92	
15702	0	44319	18535	92	
15703	0	44323	18532	92	
15704	0	44324	18535	92	
15705	0	44326	18536	92	
15706	0	44330	18536	92	
15707	0	44336	18541	92	
15708	0	44332	18542	92	
15709	0	44345	18545	92	
15710	0	44342	18543	92	
15711	0	44344	18544	92	
15712	0	44341	18548	92	
15713	0	44338	18543	92	
15714	0	44343	18540	92	
15715	0	44336	18541	92	
15716	0	44340	18543	92	
15717	0	44337	18545	92	
15718	0	44341	18540	92	
15719	0	44333	18539	92	
15720	0	44324	18530	92	
15721	0	44326	18533	92	
15722	0	44325	18529	92	
15723	0	44326	18532	92	
15724	0	44322	18526	92	
15725	0	44322	18529	92	
15726	0	44325	18529	92	
15727	0	44328	18531	92	
15728	0	44334	18535	92	
15729	0	44337	18535	92	
15730	0	44347	18537	92	
15731	0	44344	18537	92	
15732	0	44348	18538	92	
15733	0	44356	18542	92	
15734	0	44355	18542	92	
15735	0	44351	18549	92	
15736	0	44364	18547	92	
15737	0	44368	18550	92	
15738	0	44372	18555	92	
15739	0	44376	18552	92	
15740	0	44373	18555	92	
15741	0	44376	18556	92	
15742	0	44381	18563	92	
15743	0	44379	18559	92	
15744	0	44380	18562	92	
15745	0	44378	18563	92	
15746	0	44375	18561	92	
15747	0	44373	18565	92	
15748	0	44377	18566	92	
15749	0	44375	18573	92	
15750	0	44377	18575	92	
15751	0	44377	18574	92	
15752	0	44381	18583	92	
15753	0	44380	18584	92	
15754	0	44387	18594	92	
15755	0	44390	18595	92	
15756	0	44395	18603	92	
15757	0	44395	18606	92	
15758	0	44402	18611	92	
15759	0	44400	18617	92	
15760	0	44409	18619	92	
15761	0	44424	18631	92	
15762	0	44435	18633	92	
15763	0	44436	18633	92	
15764	0	44444	18644	92	
15765	0	44447	18647	92	
15766	0	44456	18648	92	
15767	0	44451	18645	92	
15768	0	44437	18642	92	
15769	0	44414	18632	92	
15770	0	44401	18623	92	
15771	0	44373	18610	92	
15772	0	44337	18593	92	
15773	0	44318	18580	92	
15774	0	44288	18562	92	
15775	0	44282	18551	92	
15776	0	44273	18542	92	
15777	0	44258	18537	92	
15778	0	44252	18533	92	
15779	0	44259	18534	92	
15780	0	44255	18534	92	
15781	0	44266	18535	92	
15782	0	44268	18537	92	
15783	0	44273	18546	92	
15784	0	44276	18546	92	
15785	0	44291	18550	92	
15786	0	44296	18553	92	
15787	0	44300	18552	92	
15788	0	44297	18554	92	
15789	0	44302	18555	92	
15790	0	44308	18555	92	
15791	0	44307	18559	92	
15792	0	44305	18557	92	
15793	0	44305	18557	92	
15794	0	44304	18557	92	
15795	0	44306	18554	92	
15796	0	44291	18556	92	
15797	0	44287	18551	92	
15798	0	44284	18550	92	
15799	0	44277	18547	92	
15800	0	44273	18552	92	
15801	0	44271	18549	92	
15802	0	44274	18551	92	
15803	0	44281	18553	92	
15804	0	44284	18562	92	
15805	0	44279	18561	92	
15806	0	44288	18561	92	
15807	0	44286	18570	92	
15808	0	44290	18575	92	
15809	0	44300	18583	92	
15810	0	44314	18593	92	
15811	0	44323	18601	92	
15812	0	44343	18609	92	
15813	0	44351	18617	92	
15814	0	44364	18619	92	
15815	0	44369	18621	92	
15816	0	44374	18629	92	
15817	0	44387	18626	92	
15818	0	44384	18627	92	
15819	0	44395	18629	92	
15820	0	44402	18633	92	
15821	0	44403	18632	92	
15822	0	44404	18633	92	
15823	0	44407	18634	92	
15824	0	44411	18632	92	
15825	0	44410	18633	92	
15826	0	44401	18632	92	
15827	0	44403	18632	92	
15828	0	44403	18629	92	
15829	0	44403	18634	92	
15830	0	44410	18632	92	
15831	0	44413	18635	92	
15832	0	44413	18634	92	
15833	0	44415	18637	92	
15834	0	44429	18638	92	
15835	0	44432	18639	92	
15836	0	44440	18643	92	
15837	0	44439	18645	92	
15838	0	44447	18646	92	
15839	0	44448	18648	92	
15840	0	44443	18647	92	
15841	0	44448	18647	92	
15842	0	44437	18644	92	
15843	0	44436	18647	92	
15844	0	44420	18636	92	
15845	0	44402	18628	92	
15846	0	44386	18613	92	
15847	0	44357	18596	92	
15848	0	44321	18573	92	
15849	0	44290	18550	92	
15850	0	44269	18532	92	
15851	0	44242	18519	92	
15852	0	44233	18509	92	
15853	0	44222	18508	92	
15854	0	44230	18507	92	
15855	0	44223	18509	92	
15856	0	44231	18514	92	
15857	0	44240	18518	92	
15858	0	44251	18524	92	
15859	0	44265	18528	92	
15860	0	44260	18527	92	
15861	0	44266	18529	92	
15862	0	44280	18530	92	
15863	0	44284	18534	92	
15864	0	44285	18535	92	
15865	0	44291	18539	92	
15866	0	44291	18543	92	
15867	0	44297	18542	92	
15868	0	44297	18543	92	
15869	0	44297	18543	92	
15870	0	44294	18542	92	
15871	0	44292	18543	92	
15872	0	44292	18538	92	
15873	0	44286	18536	92	
15874	0	44283	18532	92	
15875	0	44275	18529	92	
15876	0	44282	18528	92	
15877	0	44275	18526	92	
15878	0	44292	18530	92	
15879	0	44285	18530	92	
15880	0	44298	18533	92	
15881	0	44297	18537	92	
15882	0	44305	18540	92	
15883	0	44317	18543	92	
15884	0	44314	18544	92	
15885	0	44330	18551	93	
15886	0	44339	18555	93	
15887	0	44343	18559	93	
15888	0	44346	18560	93	
15889	0	44356	18562	93	
15890	0	44358	18565	93	
15891	0	44357	18567	93	
15892	0	44364	18566	93	
15893	0	44365	18570	93	
15894	0	44373	18572	93	
15895	0	44370	18573	93	
15896	0	44374	18578	93	
15897	0	44378	18577	93	
15898	0	44382	18574	93	
15899	0	44385	18582	93	
15900	0	44384	18578	93	
15901	0	44383	18580	93	
15902	0	44393	18580	93	
15903	0	44387	18578	93	
15904	0	44394	18578	93	
15905	0	44393	18582	93	
15906	0	44391	18585	93	
15907	0	44395	18583	93	
15908	0	44402	18582	93	
15909	0	44409	18586	93	
15910	0	44406	18589	93	
15911	0	44417	18592	93	
15912	0	44417	18595	93	
15913	0	44425	18597	93	
15914	0	44424	18602	93	
15915	0	44428	18600	93	
15916	0	44435	18602	93	
15917	0	44432	18603	93	
15918	0	44436	18599	93	
15919	0	44417	18594	93	
15920	0	44392	18577	93	
15921	0	44367	18563	93	
15922	0	44323	18544	93	
15923	0	44297	18520	93	
15924	0	44266	18499	93	
15925	0	44231	18478	93	
15926	0	44213	18469	93	
15927	0	44202	18458	93	
15928	0	44196	18451	93	
15929	0	44188	18455	93	
15930	0	44200	18455	93	
15931	0	44191	18456	93	
15932	0	44195	18459	93	
15933	0	44203	18457	93	
15934	0	44211	18460	93	
15935	0	44215	18463	93	
15936	0	44213	18464	93	
15937	0	44221	18469	93	
15938	0	44219	18473	93	
15939	0	44228	18478	93	
15940	0	44225	18479	93	
15941	0	44232	18484	93	
15942	0	44253	18492	93	
15943	0	44254	18493	93	
15944	0	44257	18494	93	
15945	0	44260	18489	93	
15946	0	44259	18490	93	
15947	0	44250	18487	93	
15948	0	44249	18487	93	
15949	0	44247	18487	93	
15950	0	44242	18481	93	
15951	0	44245	18486	93	
15952	0	44250	18485	93	
15953	0	44251	18483	93	
15954	0	44261	18484	93	
15955	0	44262	18484	93	
15956	0	44276	18484	93	
15957	0	44272	18484	93	
15958	0	44281	18488	93	
15959	0	44284	18490	93	
15960	0	44292	18490	93	
15961	0	44295	18494	93	
15962	0	44301	18498	93	
15963	0	44302	18498	93	
15964	0	44316	18502	93	
15965	0	44322	18501	93	
15966	0	44323	18509	93	
15967	0	44331	18505	93	
15968	0	44332	18505	93	
15969	0	44331	18504	93	
15970	0	44327	18505	93	
15971	0	44330	18506	93	
15972	0	44328	18510	93	
15973	0	44324	18510	93	
15974	0	44341	18514	93	
15975	0	44346	18521	93	
15976	0	44346	18518	93	
15977	0	44346	18518	93	
15978	0	44349	18519	93	
15979	0	44357	18521	93	
15980	0	44353	18524	93	
15981	0	44353	18525	93	
15982	0	44360	18524	93	
15983	0	44361	18524	93	
15984	0	44361	18526	93	
15985	0	44366	18526	93	
15986	0	44366	18531	93	
15987	0	44367	18532	93	
15988	0	44372	18533	93	
15989	0	44385	18537	93	
15990	0	44386	18536	93	
15991	0	44389	18542	93	
15992	0	44390	18547	93	
15993	0	44384	18547	93	
15994	0	44399	18551	93	
15995	0	44397	18563	93	
15996	0	44405	18563	93	
15997	0	44406	18562	93	
15998	0	44396	18563	93	
15999	0	44384	18554	93	
16000	0	44354	18538	93	
16001	0	44320	18520	93	
16002	0	44292	18497	93	
16003	0	44262	18477	93	
16004	0	44230	18455	93	
16005	0	44208	18439	93	
16006	0	44188	18423	93	
16007	0	44171	18419	93	
16008	0	44168	18413	93	
16009	0	44164	18414	93	
16010	0	44172	18411	93	
16011	0	44179	18418	93	
16012	0	44184	18417	93	
16013	0	44188	18413	93	
16014	0	44195	18421	93	
16015	0	44198	18422	93	
16016	0	44202	18425	93	
16017	0	44208	18426	93	
16018	0	44200	18424	93	
16019	0	44208	18427	93	
16020	0	44213	18428	93	
16021	0	44217	18430	93	
16022	0	44230	18434	93	
16023	0	44235	18437	93	
16024	0	44234	18438	93	
16025	0	44238	18437	93	
16026	0	44241	18439	93	
16027	0	44237	18439	93	
16028	0	44231	18434	93	
16029	0	44233	18430	93	
16030	0	44232	18430	93	
16031	0	44228	18427	93	
16032	0	44227	18426	93	
16033	0	44235	18431	93	
16034	0	44229	18428	93	
16035	0	44234	18428	93	
16036	0	44241	18432	93	
16037	0	44250	18434	93	
16038	0	44258	18436	93	
16039	0	44260	18444	93	
16040	0	44270	18445	93	
16041	0	44281	18449	93	
16042	0	44292	18452	93	
16043	0	44287	18457	93	
16044	0	44298	18459	93	
16045	0	44302	18459	93	
16046	0	44305	18461	93	
16047	0	44307	18468	93	
16048	0	44319	18467	93	
16049	0	44319	18473	93	
16050	0	44322	18475	93	
16051	0	44330	18477	93	
16052	0	44332	18481	93	
16053	0	44332	18481	93	
16054	0	44340	18480	93	
16055	0	44344	18481	93	
16056	0	44343	18482	93	
16057	0	44353	18484	93	
16058	0	44349	18489	93	
16059	0	44355	18491	93	
16060	0	44358	18491	93	
16061	0	44353	18494	93	
16062	0	44352	18495	93	
16063	0	44357	18496	93	
16064	0	44363	18503	93	
16065	0	44366	18503	93	
16066	0	44368	18508	93	
16067	0	44368	18514	93	
16068	0	44380	18513	93	
16069	0	44386	18516	93	
16070	0	44387	18519	93	
16071	0	44396	18519	93	
16072	0	44393	18527	93	
16073	0	44403	18531	93	
16074	0	44410	18536	93	
16075	0	44425	18539	93	
16076	0	44424	18546	93	
16077	0	44429	18547	93	
16078	0	44433	18546	93	
16079	0	44428	18551	93	
16080	0	44430	18544	93	
16081	0	44415	18540	93	
16082	0	44388	18526	93	
16083	0	44363	18509	93	
16084	0	44338	18490	93	
16085	0	44310	18476	93	
16086	0	44284	18461	93	
16087	0	44267	18448	93	
16088	0	44252	18440	93	
16089	0	44242	18431	93	
16090	0	44234	18429	93	
16091	0	44231	18421	93	
16092	0	44231	18423	93	
16093	0	44235	18430	93	
16094	0	44247	18433	93	
16095	0	44252	18435	93	
16096	0	44268	18443	93	
16097	0	44271	18445	93	
16098	0	44283	18448	93	
16099	0	44281	18453	93	
16100	0	44286	18456	93	
16101	0	44293	18458	93	
16102	0	44300	18457	93	
16103	0	44302	18459	93	
16104	0	44312	18462	93	
16105	0	44308	18464	93	
16106	0	44314	18466	93	
16107	0	44307	18466	93	
16108	0	44302	18459	93	
16109	0	44304	18460	93	
16110	0	44312	18462	93	
16111	0	44312	18462	93	
16112	0	44307	18461	93	
16113	0	44312	18459	93	
16114	0	44303	18457	93	
16115	0	44312	18460	93	
16116	0	44321	18463	93	
16117	0	44315	18464	93	
16118	0	44324	18466	93	
16119	0	44330	18469	93	
16120	0	44330	18469	93	
16121	0	44345	18480	93	
16122	0	44350	18481	93	
16123	0	44351	18486	93	
16124	0	44361	18488	93	
16125	0	44369	18494	93	
16126	0	44370	18496	93	
16127	0	44380	18499	93	
16128	0	44387	18503	93	
16129	0	44394	18509	93	
16130	0	44392	18516	93	
16131	0	44398	18514	93	
16132	0	44406	18518	93	
16133	0	44415	18517	93	
16134	0	44413	18517	93	
16135	0	44426	18523	93	
16136	0	44421	18519	93	
16137	0	44426	18522	93	
16138	0	44433	18524	93	
16139	0	44430	18523	93	
16140	0	44434	18524	93	
16141	0	44441	18520	93	
16142	0	44442	18523	93	
16143	0	44450	18523	93	
16144	0	44450	18524	93	
16145	0	44456	18525	93	
16146	0	44457	18525	93	
16147	0	44459	18525	93	
16148	0	44470	18520	93	
16149	0	44469	18521	93	
16150	0	44482	18525	93	
16151	0	44484	18524	93	
16152	0	44487	18526	93	
16153	0	44492	18523	93	
16154	0	44499	18523	93	
16155	0	44495	18520	93	
16156	0	44490	18517	93	
16157	0	44484	18515	93	
16158	0	44463	18504	93	
16159	0	44441	18496	93	
16160	0	44418	18478	93	
16161	0	44386	18464	93	
16162	0	44364	18457	93	
16163	0	44344	18447	93	
16164	0	44333	18435	93	
16165	0	44317	18428	93	
16166	0	44317	18427	93	
16167	0	44312	18420	93	
16168	0	44321	18424	93	
16169	0	44320	18423	93	
16170	0	44319	18430	93	
16171	0	44324	18433	93	
16172	0	44331	18428	93	
16173	0	44336	18434	93	
16174	0	44344	18438	93	
16175	0	44347	18444	93	
16176	0	44350	18451	93	
16177	0	44356	18453	93	
16178	0	44367	18454	93	
16179	0	44372	18461	93	
16180	0	44374	18459	93	
16181	0	44375	18460	93	
16182	0	44385	18462	93	
16183	0	44384	18463	93	
16184	0	44391	18464	93	
16185	0	44387	18461	92	
16186	0	44380	18462	92	
16187	0	44385	18457	92	
16188	0	44384	18463	92	
16189	0	44386	18458	92	
16190	0	44387	18461	92	
16191	0	44392	18461	92	
16192	0	44393	18458	92	
16193	0	44399	18463	92	
16194	0	44396	18461	92	
16195	0	44406	18464	92	
16196	0	44412	18469	92	
16197	0	44413	18473	92	
16198	0	44421	18475	92	
16199	0	44430	18480	92	
16200	0	44432	18484	92	
16201	0	44438	18486	92	
16202	0	44445	18488	92	
16203	0	44457	18494	92	
16204	0	44453	18493	92	
16205	0	44462	18499	92	
16206	0	44468	18499	92	
16207	0	44461	18501	92	
16208	0	44474	18505	92	
16209	0	44471	18504	92	
16210	0	44480	18510	92	
16211	0	44481	18513	92	
16212	0	44484	18515	92	
16213	0	44488	18517	92	
16214	0	44492	18516	92	
16215	0	44490	18518	92	
16216	0	44487	18523	92	
16217	0	44494	18524	92	
16218	0	44491	18525	92	
16219	0	44500	18526	92	
16220	0	44500	18532	92	
16221	0	44509	18531	92	
16222	0	44505	18539	92	
16223	0	44518	18538	92	
16224	0	44519	18539	92	
16225	0	44533	18546	92	
16226	0	44537	18544	92	
16227	0	44546	18550	92	
16228	0	44547	18551	92	
16229	0	44550	18553	92	
16230	0	44561	18553	92	
16231	0	44558	18552	92	
16232	0	44556	18552	92	
16233	0	44555	18558	92	
16234	0	44545	18553	92	
16235	0	44528	18544	92	
16236	0	44511	18534	92	
16237	0	44486	18522	92	
16238	0	44455	18511	92	
16239	0	44442	18496	92	
16240	0	44414	18486	92	
16241	0	44398	18473	92	
16242	0	44394	18465	92	
16243	0	44387	18461	92	
16244	0	44387	18464	92	
16245	0	44388	18460	92	
16246	0	44393	18463	92	
16247	0	44390	18461	92	
16248	0	44399	18465	92	
16249	0	44405	18470	92	
16250	0	44409	18472	92	
16251	0	44419	18472	92	
16252	0	44414	18476	92	
16253	0	44415	18476	92	
16254	0	44423	18472	92	
16255	0	44427	18478	92	
16256	0	44428	18479	92	
16257	0	44431	18481	92	
16258	0	44441	18484	92	
16259	0	44443	18488	92	
16260	0	44443	18488	92	
16261	0	44441	18488	92	
16262	0	44441	18490	92	
16263	0	44444	18492	92	
16264	0	44446	18494	92	
16265	0	44446	18490	92	
16266	0	44445	18494	92	
16267	0	44445	18491	92	
16268	0	44451	18489	92	
16269	0	44446	18489	92	
16270	0	44456	18495	92	
16271	0	44460	18500	92	
16272	0	44457	18501	92	
16273	0	44466	18502	92	
16274	0	44471	18505	92	
16275	0	44478	18511	92	
16276	0	44483	18513	92	
16277	0	44496	18515	92	
16278	0	44497	18519	92	
16279	0	44502	18524	92	
16280	0	44503	18522	92	
16281	0	44504	18531	92	
16282	0	44512	18531	92	
16283	0	44523	18537	92	
16284	0	44523	18544	92	
16285	0	44530	18546	92	
16286	0	44539	18548	92	
16287	0	44541	18552	92	
16288	0	44548	18553	92	
16289	0	44547	18554	92	
16290	0	44557	18560	92	
16291	0	44562	18561	92	
16292	0	44554	18557	92	
16293	0	44564	18557	92	
16294	0	44559	18560	92	
16295	0	44556	18556	92	
16296	0	44559	18562	92	
16297	0	44556	18564	92	
16298	0	44564	18567	92	
16299	0	44567	18567	92	
16300	0	44569	18570	92	
16301	0	44574	18573	92	
16302	0	44575	18572	92	
16303	0	44579	18578	92	
16304	0	44587	18580	92	
16305	0	44590	18583	92	
16306	0	44598	18585	92	
16307	0	44603	18587	92	
16308	0	44605	18590	92	
16309	0	44600	18587	92	
16310	0	44601	18587	92	
16311	0	44599	18591	92	
16312	0	44586	18583	92	
16313	0	44569	18577	92	
16314	0	44550	18570	92	
16315	0	44535	18557	92	
16316	0	44505	18547	92	
16317	0	44489	18529	92	
16318	0	44465	18516	92	
16319	0	44445	18504	92	
16320	0	44431	18493	92	
16321	0	44423	18487	92	
16322	0	44418	18485	92	
16323	0	44420	18483	92	
16324	0	44417	18485	92	
16325	0	44424	18489	92	
16326	0	44435	18491	92	
16327	0	44438	18493	92	
16328	0	44436	18496	92	
16329	0	44448	18496	92	
16330	0	44454	18495	92	
16331	0	44452	18496	92	
16332	0	44453	18500	92	
16333	0	44456	18500	92	
16334	0	44454	18506	92	
16335	0	44458	18510	92	
16336	0	44466	18511	92	
16337	0	44470	18516	92	
16338	0	44473	18518	92	
16339	0	44478	18517	92	
16340	0	44480	18513	92	
16341	0	44474	18512	92	
16342	0	44474	18509	92	
16343	0	44465	18508	92	
16344	0	44467	18511	92	
16345	0	44465	18506	92	
16346	0	44463	18506	92	
16347	0	44469	18510	92	
16348	0	44469	18511	92	
16349	0	44467	18515	92	
16350	0	44475	18512	92	
16351	0	44476	18518	92	
16352	0	44491	18516	92	
16353	0	44497	18520	92	
16354	0	44503	18527	92	
16355	0	44504	18526	92	
16356	0	44512	18532	92	
16357	0	44507	18531	92	
16358	0	44517	18533	92	
16359	0	44522	18536	92	
16360	0	44517	18537	92	
16361	0	44522	18540	92	
16362	0	44533	18548	92	
16363	0	44542	18549	92	
16364	0	44538	18552	92	
16365	0	44549	18550	92	
16366	0	44550	18556	92	
16367	0	44551	18551	92	
16368	0	44550	18551	92	
16369	0	44554	18553	92	
16370	0	44555	18554	92	
16371	0	44552	18549	92	
16372	0	44555	18555	92	
16373	0	44551	18550	92	
16374	0	44545	18547	92	
16375	0	44552	18555	92	
16376	0	44548	18552	92	
16377	0	44561	18553	92	
16378	0	44554	18556	92	
16379	0	44564	18560	92	
16380	0	44560	18561	92	
16381	0	44567	18564	92	
16382	0	44569	18568	92	
16383	0	44578	18565	92	
16384	0	44581	18573	92	
16385	0	44590	18573	92	
16386	0	44585	18573	92	
16387	0	44582	18572	92	
16388	0	44585	18574	92	
16389	0	44579	18576	92	
16390	0	44579	18577	92	
16391	0	44568	18574	92	
16392	0	44558	18564	92	
16393	0	44533	18550	92	
16394	0	44512	18534	92	
16395	0	44491	18516	92	
16396	0	44470	18504	92	
16397	0	44448	18498	92	
16398	0	44432	18484	92	
16399	0	44422	18477	92	
16400	0	44418	18477	92	
16401	0	44417	18474	92	
16402	0	44419	18478	92	
16403	0	44424	18477	92	
16404	0	44429	18483	92	
16405	0	44441	18484	92	
16406	0	44451	18486	92	
16407	0	44450	18490	92	
16408	0	44450	18490	92	
16409	0	44457	18496	92	
16410	0	44467	18498	92	
16411	0	44468	18498	92	
16412	0	44476	18500	92	
16413	0	44476	18500	92	
16414	0	44477	18505	92	
16415	0	44477	18502	92	
16416	0	44475	18506	92	
16417	0	44482	18505	92	
16418	0	44475	18504	92	
16419	0	44475	18505	92	
16420	0	44479	18501	92	
16421	0	44470	18497	92	
16422	0	44465	18499	92	
16423	0	44466	18498	92	
16424	0	44470	18498	92	
16425	0	44466	18502	92	
16426	0	44470	18500	92	
16427	0	44472	18504	92	
16428	0	44480	18509	92	
16429	0	44484	18516	92	
16430	0	44492	18514	92	
16431	0	44502	18518	92	
16432	0	44505	18523	92	
16433	0	44510	18522	92	
16434	0	44513	18526	92	
16435	0	44527	18528	92	
16436	0	44524	18533	92	
16437	0	44531	18534	92	
16438	0	44529	18537	92	
16439	0	44529	18537	92	
16440	0	44535	18544	92	
16441	0	44540	18543	92	
16442	0	44549	18546	92	
16443	0	44550	18546	92	
16444	0	44551	18552	92	
16445	0	44555	18556	92	
16446	0	44552	18554	92	
16447	0	44557	18559	92	
16448	0	44553	18559	92	
16449	0	44557	18560	92	
16450	0	44551	18557	92	
16451	0	44557	18561	92	
16452	0	44565	18560	92	
16453	0	44569	18563	92	
16454	0	44573	18564	92	
16455	0	44581	18570	92	
16456	0	44578	18568	92	
16457	0	44587	18575	92	
16458	0	44589	18574	92	
16459	0	44591	18579	92	
16460	0	44592	18580	92	
16461	0	44596	18580	92	
16462	0	44601	18583	92	
16463	0	44602	18586	92	
16464	0	44599	18588	92	
16465	0	44599	18588	92	
16466	0	44592	18583	92	
16467	0	44577	18577	92	
16468	0	44556	18565	92	
16469	0	44527	18548	92	
16470	0	44508	18534	92	
16471	0	44481	18520	92	
16472	0	44461	18504	92	
16473	0	44441	18499	92	
16474	0	44431	18496	92	
16475	0	44424	18488	92	
16476	0	44434	18484	92	
16477	0	44434	18488	92	
16478	0	44435	18488	92	
16479	0	44441	18492	92	
16480	0	44443	18492	92	
16481	0	44444	18492	92	
16482	0	44449	18497	92	
16483	0	44455	18499	92	
16484	0	44464	18503	92	
16485	0	44459	18507	92	
16486	0	44468	18507	92	
16487	0	44470	18511	92	
16488	0	44479	18513	92	
16489	0	44486	18516	92	
16490	0	44487	18518	92	
16491	0	44491	18518	92	
16492	0	44478	18519	92	
16493	0	44486	18523	92	
16494	0	44478	18517	92	
16495	0	44481	18516	92	
16496	0	44479	18520	92	
16497	0	44481	18518	92	
16498	0	44478	18516	92	
16499	0	44486	18517	92	
16500	0	44483	18517	92	
16501	0	44491	18518	92	
16502	0	44487	18515	92	
16503	0	44493	18521	92	
16504	0	44504	18518	92	
16505	0	44509	18528	92	
16506	0	44508	18526	92	
16507	0	44511	18530	92	
16508	0	44517	18531	92	
16509	0	44512	18531	92	
16510	0	44517	18535	92	
16511	0	44528	18542	92	
16512	0	44530	18543	92	
16513	0	44536	18549	92	
16514	0	44538	18551	92	
16515	0	44545	18550	92	
16516	0	44550	18554	92	
16517	0	44553	18551	92	
16518	0	44548	18552	92	
16519	0	44555	18552	92	
16520	0	44559	18557	92	
16521	0	44552	18560	92	
16522	0	44555	18560	92	
16523	0	44555	18565	92	
16524	0	44557	18571	92	
16525	0	44561	18572	92	
16526	0	44570	18576	92	
16527	0	44574	18580	92	
16528	0	44575	18577	92	
16529	0	44581	18582	92	
16530	0	44588	18583	92	
16531	0	44589	18585	92	
16532	0	44592	18586	92	
16533	0	44598	18586	92	
16534	0	44596	18587	92	
16535	0	44600	18590	92	
16536	0	44602	18594	92	
16537	0	44604	18594	92	
16538	0	44604	18595	92	
16539	0	44612	18601	92	
16540	0	44621	18603	92	
16541	0	44627	18609	92	
16542	0	44636	18612	92	
16543	0	44632	18609	92	
16544	0	44635	18610	92	
16545	0	44618	18608	92	
16546	0	44600	18597	92	
16547	0	44579	18586	92	
16548	0	44562	18570	92	
16549	0	44532	18556	92	
16550	0	44498	18534	92	
16551	0	44475	18516	92	
16552	0	44457	18505	92	
16553	0	44435	18491	92	
16554	0	44425	18489	92	
16555	0	44429	18482	92	
16556	0	44423	18482	92	
16557	0	44435	18484	92	
16558	0	44435	18485	92	
16559	0	44438	18487	92	
16560	0	44444	18489	92	
16561	0	44449	18494	92	
16562	0	44440	18495	92	
16563	0	44452	18500	92	
16564	0	44454	18497	92	
16565	0	44464	18500	92	
16566	0	44464	18506	92	
16567	0	44465	18506	92	
16568	0	44471	18507	92	
16569	0	44476	18507	92	
16570	0	44476	18511	92	
16571	0	44478	18511	92	
16572	0	44475	18513	92	
16573	0	44474	18516	92	
16574	0	44470	18511	92	
16575	0	44472	18511	92	
16576	0	44471	18513	92	
16577	0	44467	18513	92	
16578	0	44473	18516	92	
16579	0	44477	18514	92	
16580	0	44475	18517	92	
16581	0	44479	18515	92	
16582	0	44486	18520	92	
16583	0	44483	18523	92	
16584	0	44499	18519	92	
16585	0	44499	18524	92	
16586	0	44510	18530	92	
16587	0	44508	18533	92	
16588	0	44507	18531	92	
16589	0	44513	18535	92	
16590	0	44514	18540	92	
16591	0	44510	18546	92	
16592	0	44514	18549	92	
16593	0	44516	18554	92	
16594	0	44521	18560	92	
16595	0	44530	18568	92	
16596	0	44543	18577	92	
16597	0	44553	18583	92	
16598	0	44557	18584	92	
16599	0	44563	18587	92	
16600	0	44573	18591	92	
16601	0	44575	18592	92	
16602	0	44570	18591	92	
16603	0	44574	18593	92	
16604	0	44569	18598	92	
16605	0	44571	18601	92	
16606	0	44578	18607	92	
16607	0	44581	18611	92	
16608	0	44591	18614	92	
16609	0	44594	18616	92	
16610	0	44600	18621	92	
16611	0	44605	18622	92	
16612	0	44602	18623	92	
16613	0	44609	18623	92	
16614	0	44615	18627	92	
16615	0	44610	18629	92	
16616	0	44613	18634	92	
16617	0	44626	18639	92	
16618	0	44628	18638	92	
16619	0	44631	18647	92	
16620	0	44650	18650	92	
16621	0	44656	18653	92	
16622	0	44661	18656	92	
16623	0	44662	18653	92	
16624	0	44667	18657	92	
16625	0	44653	18655	92	
16626	0	44653	18650	92	
16627	0	44626	18642	92	
16628	0	44607	18632	92	
16629	0	44577	18612	92	
16630	0	44547	18597	92	
16631	0	44521	18578	92	
16632	0	44502	18561	92	
16633	0	44469	18542	92	
16634	0	44461	18534	92	
16635	0	44444	18523	92	
16636	0	44438	18515	92	
16637	0	44438	18520	92	
16638	0	44443	18515	92	
16639	0	44449	18523	92	
16640	0	44453	18520	92	
16641	0	44460	18527	92	
16642	0	44457	18529	92	
16643	0	44466	18529	92	
16644	0	44475	18534	92	
16645	0	44478	18528	92	
16646	0	44478	18532	92	
16647	0	44476	18533	92	
16648	0	44477	18538	92	
16649	0	44475	18539	92	
16650	0	44482	18542	92	
16651	0	44478	18542	92	
16652	0	44478	18544	92	
16653	0	44474	18544	92	
16654	0	44478	18546	92	
16655	0	44487	18548	92	
16656	0	44486	18549	92	
16657	0	44490	18541	92	
16658	0	44488	18538	92	
16659	0	44487	18539	92	
16660	0	44479	18536	92	
16661	0	44483	18537	92	
16662	0	44484	18538	92	
16663	0	44489	18540	92	
16664	0	44496	18539	92	
16665	0	44504	18541	92	
16666	0	44510	18540	92	
16667	0	44511	18546	92	
16668	0	44511	18542	92	
16669	0	44518	18545	92	
16670	0	44525	18547	92	
16671	0	44530	18544	92	
16672	0	44530	18546	92	
16673	0	44533	18547	92	
16674	0	44524	18550	92	
16675	0	44521	18550	92	
16676	0	44526	18551	92	
16677	0	44530	18559	92	
16678	0	44533	18563	92	
16679	0	44543	18563	92	
16680	0	44551	18563	92	
16681	0	44550	18565	92	
16682	0	44554	18569	92	
16683	0	44547	18567	92	
16684	0	44550	18570	92	
16685	0	44562	18576	92	
16686	0	44562	18572	92	
16687	0	44563	18577	92	
16688	0	44568	18579	92	
16689	0	44566	18575	92	
16690	0	44571	18578	92	
16691	0	44571	18580	92	
16692	0	44575	18580	92	
16693	0	44582	18586	92	
16694	0	44587	18591	92	
16695	0	44591	18590	92	
16696	0	44601	18593	92	
16697	0	44595	18592	92	
16698	0	44593	18593	92	
16699	0	44603	18599	92	
16700	0	44609	18600	92	
16701	0	44607	18602	92	
16702	0	44604	18599	92	
16703	0	44584	18597	92	
16704	0	44565	18583	92	
16705	0	44545	18572	92	
16706	0	44521	18557	92	
16707	0	44494	18541	92	
16708	0	44469	18522	92	
16709	0	44448	18508	92	
16710	0	44434	18497	92	
16711	0	44420	18486	92	
16712	0	44404	18483	92	
16713	0	44405	18480	92	
16714	0	44402	18481	92	
16715	0	44414	18482	92	
16716	0	44410	18491	92	
16717	0	44423	18492	92	
16718	0	44429	18497	92	
16719	0	44432	18502	92	
16720	0	44435	18500	92	
16721	0	44442	18507	92	
16722	0	44445	18511	92	
16723	0	44447	18516	92	
16724	0	44451	18513	92	
16725	0	44461	18521	92	
16726	0	44463	18525	92	
16727	0	44469	18526	92	
16728	0	44463	18528	92	
16729	0	44466	18528	92	
16730	0	44468	18527	92	
16731	0	44468	18526	92	
16732	0	44464	18530	92	
16733	0	44463	18529	92	
16734	0	44470	18528	92	
16735	0	44478	18529	92	
16736	0	44478	18533	92	
16737	0	44477	18525	92	
16738	0	44477	18527	92	
16739	0	44475	18530	92	
16740	0	44475	18535	92	
16741	0	44473	18537	92	
16742	0	44484	18539	92	
16743	0	44484	18543	92	
16744	0	44484	18548	92	
16745	0	44495	18554	92	
16746	0	44495	18560	92	
16747	0	44506	18571	92	
16748	0	44518	18579	92	
16749	0	44528	18581	92	
16750	0	44541	18589	92	
16751	0	44553	18590	92	
16752	0	44552	18592	92	
16753	0	44560	18595	92	
16754	0	44566	18604	92	
16755	0	44564	18602	92	
16756	0	44568	18608	92	
16757	0	44567	18607	92	
16758	0	44570	18615	92	
16759	0	44578	18613	92	
16760	0	44580	18619	92	
16761	0	44585	18618	92	
16762	0	44584	18625	92	
16763	0	44596	18627	92	
16764	0	44597	18629	92	
16765	0	44601	18629	92	
16766	0	44606	18631	92	
16767	0	44609	18633	92	
16768	0	44621	18633	92	
16769	0	44632	18635	92	
16770	0	44631	18633	92	
16771	0	44636	18636	92	
16772	0	44632	18633	92	
16773	0	44633	18637	92	
16774	0	44627	18631	92	
16775	0	44640	18637	92	
16776	0	44640	18641	92	
16777	0	44645	18643	92	
16778	0	44652	18646	92	
16779	0	44652	18648	92	
16780	0	44651	18643	92	
16781	0	44627	18636	92	
16782	0	44611	18624	92	
16783	0	44579	18611	92	
16784	0	44545	18594	92	
16785	0	44513	18572	93	
16786	0	44489	18557	93	
16787	0	44453	18539	93	
16788	0	44443	18524	93	
16789	0	44429	18518	93	
16790	0	44424	18514	93	
16791	0	44423	18508	93	
16792	0	44421	18504	93	
16793	0	44425	18508	93	
16794	0	44428	18511	93	
16795	0	44432	18509	93	
16796	0	44429	18512	93	
16797	0	44437	18517	93	
16798	0	44439	18517	93	
16799	0	44446	18519	93	
16800	0	44455	18518	93	
16801	0	44455	18517	93	
16802	0	44461	18519	93	
16803	0	44465	18521	93	
16804	0	44467	18519	93	
16805	0	44456	18518	93	
16806	0	44456	18518	93	
16807	0	44460	18516	93	
16808	0	44453	18519	93	
16809	0	44453	18512	93	
16810	0	44454	18508	93	
16811	0	44444	18504	93	
16812	0	44437	18499	93	
16813	0	44437	18498	93	
16814	0	44440	18501	93	
16815	0	44440	18497	93	
16816	0	44434	18496	93	
16817	0	44444	18496	93	
16818	0	44445	18496	93	
16819	0	44447	18498	93	
16820	0	44447	18507	93	
16821	0	44453	18505	93	
16822	0	44457	18510	93	
16823	0	44462	18510	93	
16824	0	44469	18514	93	
16825	0	44475	18516	93	
16826	0	44483	18516	93	
16827	0	44481	18514	93	
16828	0	44489	18512	93	
16829	0	44484	18520	93	
16830	0	44491	18519	93	
16831	0	44498	18521	93	
16832	0	44502	18522	93	
16833	0	44498	18523	93	
16834	0	44498	18519	93	
16835	0	44500	18518	93	
16836	0	44501	18520	93	
16837	0	44501	18521	93	
16838	0	44504	18517	93	
16839	0	44500	18517	93	
16840	0	44508	18516	93	
16841	0	44508	18518	93	
16842	0	44506	18517	93	
16843	0	44507	18517	93	
16844	0	44507	18517	93	
16845	0	44504	18516	93	
16846	0	44507	18523	93	
16847	0	44510	18519	93	
16848	0	44507	18522	93	
16849	0	44521	18524	93	
16850	0	44522	18528	93	
16851	0	44523	18528	93	
16852	0	44524	18528	93	
16853	0	44533	18529	93	
16854	0	44540	18530	93	
16855	0	44536	18535	93	
16856	0	44538	18532	93	
16857	0	44535	18533	93	
16858	0	44526	18523	93	
16859	0	44508	18517	93	
16860	0	44483	18504	93	
16861	0	44454	18486	93	
16862	0	44422	18470	93	
16863	0	44393	18448	93	
16864	0	44369	18434	93	
16865	0	44343	18416	93	
16866	0	44324	18404	93	
16867	0	44312	18400	93	
16868	0	44305	18397	93	
16869	0	44305	18391	93	
16870	0	44312	18395	93	
16871	0	44322	18398	93	
16872	0	44317	18399	93	
16873	0	44327	18402	93	
16874	0	44335	18404	93	
16875	0	44332	18407	93	
16876	0	44332	18410	93	
16877	0	44328	18409	93	
16878	0	44333	18411	93	
16879	0	44340	18416	93	
16880	0	44342	18419	93	
16881	0	44355	18423	93	
16882	0	44354	18424	93	
16883	0	44354	18426	93	
16884	0	44360	18427	93	
16885	0	44356	18425	93	
16886	0	44348	18420	93	
16887	0	44351	18419	93	
16888	0	44345	18414	93	
16889	0	44339	18409	93	
16890	0	44334	18408	93	
16891	0	44323	18410	93	
16892	0	44325	18410	93	
16893	0	44326	18413	93	
16894	0	44328	18416	93	
16895	0	44331	18422	93	
16896	0	44340	18428	93	
16897	0	44348	18432	93	
16898	0	44352	18437	93	
16899	0	44362	18440	93	
16900	0	44368	18446	93	
16901	0	44371	18447	93	
16902	0	44376	18451	93	
16903	0	44380	18453	93	
16904	0	44389	18457	93	
16905	0	44389	18464	93	
16906	0	44391	18464	93	
16907	0	44402	18468	93	
16908	0	44401	18473	93	
16909	0	44404	18473	93	
16910	0	44406	18481	93	
16911	0	44405	18483	93	
16912	0	44411	18485	93	
16913	0	44417	18486	93	
16914	0	44426	18489	93	
16915	0	44426	18488	93	
16916	0	44426	18493	93	
16917	0	44429	18489	93	
16918	0	44433	18494	93	
16919	0	44447	18497	93	
16920	0	44452	18493	93	
16921	0	44444	18491	93	
16922	0	44449	18488	93	
16923	0	44452	18492	93	
16924	0	44448	18495	93	
16925	0	44453	18496	93	
16926	0	44454	18500	93	
16927	0	44458	18502	93	
16928	0	44460	18508	93	
16929	0	44474	18512	93	
16930	0	44479	18519	93	
16931	0	44483	18518	93	
16932	0	44491	18522	93	
16933	0	44487	18523	93	
16934	0	44482	18521	93	
16935	0	44469	18519	93	
16936	0	44448	18509	93	
16937	0	44427	18494	93	
16938	0	44389	18475	93	
16939	0	44364	18459	93	
16940	0	44331	18442	93	
16941	0	44309	18423	93	
16942	0	44286	18406	93	
16943	0	44274	18395	93	
16944	0	44262	18388	93	
16945	0	44252	18387	93	
16946	0	44245	18386	93	
16947	0	44236	18386	93	
16948	0	44236	18387	93	
16949	0	44244	18398	93	
16950	0	44243	18398	93	
16951	0	44247	18409	93	
16952	0	44261	18414	93	
16953	0	44268	18420	93	
16954	0	44278	18422	93	
16955	0	44273	18417	93	
16956	0	44271	18410	93	
16957	0	44262	18408	93	
16958	0	44261	18406	93	
16959	0	44262	18406	93	
16960	0	44289	18407	93	
16961	0	44286	18400	93	
16962	0	44265	18384	93	
16963	0	44262	18371	93	
16964	0	44239	18360	93	
16965	0	44221	18350	93	
16966	0	44220	18345	93	
16967	0	44231	18345	93	
16968	0	44221	18339	93	
16969	0	44231	18338	93	
16970	0	44240	18337	93	
16971	0	44233	18334	93	
16972	0	44225	18329	93	
16973	0	44220	18331	93	
16974	0	44226	18335	93	
16975	0	44251	18342	93	
16976	0	44245	18336	93	
16977	0	44228	18337	93	
16978	0	44224	18338	93	
16979	0	44229	18341	93	
16980	0	44254	18348	93	
16981	0	44272	18353	93	
16982	0	44292	18354	93	
16983	0	44323	18352	93	
16984	0	44346	18351	93	
16985	0	44372	18345	93	
16986	0	44388	18333	93	
16987	0	44405	18325	93	
16988	0	44412	18310	93	
16989	0	44409	18296	93	
16990	0	44397	18280	93	
16991	0	44382	18267	93	
16992	0	44375	18255	93	
16993	0	44359	18246	93	
16994	0	44334	18231	93	
16995	0	44310	18217	93	
16996	0	44294	18212	93	
16997	0	44290	18207	93	
16998	0	44302	18203	93	
16999	0	44323	18203	93	
17000	0	44334	18198	93	
17001	0	44341	18193	93	
17002	0	44328	18176	93	
17003	0	44312	18171	93	
17004	0	44305	18165	93	
17005	0	44293	18157	93	
17006	0	44295	18158	93	
17007	0	44310	18155	93	
17008	0	44322	18148	93	
17009	0	44324	18144	93	
17010	0	44329	18138	93	
17011	0	44318	18127	93	
17012	0	44306	18119	93	
17013	0	44286	18111	93	
17014	0	44260	18098	93	
17015	0	44233	18092	93	
17016	0	44210	18080	93	
17017	0	44196	18075	93	
17018	0	44186	18068	93	
17019	0	44179	18063	93	
17020	0	44181	18054	93	
17021	0	44175	18044	93	
17022	0	44182	18033	93	
17023	0	44185	18025	93	
17024	0	44188	18016	93	
17025	0	44187	18007	93	
17026	0	44197	18006	93	
17027	0	44203	17998	93	
17028	0	44227	17999	93	
17029	0	44242	17996	93	
17030	0	44245	17987	93	
17031	0	44245	17980	93	
17032	0	44246	17977	93	
17033	0	44246	17974	93	
17034	0	44255	17970	93	
17035	0	44255	17971	93	
17036	0	44266	17973	93	
17037	0	44255	17970	93	
17038	0	44250	17968	93	
17039	0	44234	17968	93	
17040	0	44235	17972	93	
17041	0	44235	17972	93	
17042	0	44228	17975	93	
17043	0	44220	17969	93	
17044	0	44213	17964	93	
17045	0	44197	17962	93	
17046	0	44197	17966	93	
17047	0	44186	17966	93	
17048	0	44163	17964	93	
17049	0	44152	17970	93	
17050	0	44147	17978	93	
17051	0	44148	17982	93	
17052	0	44145	17987	93	
17053	0	44134	17988	93	
17054	0	44119	17993	93	
17055	0	44107	18002	93	
17056	0	44105	18006	93	
17057	0	44096	18014	93	
17058	0	44097	18019	93	
17059	0	44106	18032	93	
17060	0	44108	18038	93	
17061	0	44113	18047	93	
17062	0	44111	18050	93	
17063	0	44102	18062	93	
17064	0	44103	18063	93	
17065	0	44096	18072	93	
17066	0	44093	18080	93	
17067	0	44089	18088	93	
17068	0	44102	18092	93	
17069	0	44099	18101	93	
17070	0	44098	18108	93	
17071	0	44098	18113	93	
17072	0	44090	18120	93	
17073	0	44101	18127	93	
17074	0	44107	18132	93	
17075	0	44109	18135	93	
17076	0	44099	18136	93	
17077	0	44098	18141	93	
17078	0	44107	18147	93	
17079	0	44110	18144	93	
17080	0	44113	18148	93	
17081	0	44113	18156	93	
17082	0	44119	18155	93	
17083	0	44119	18158	93	
17084	0	44125	18161	93	
17085	0	44120	18160	88	
17086	0	44118	18164	88	
17087	0	44123	18170	88	
17088	0	44122	18176	88	
17089	0	44115	18175	88	
17090	0	44096	18173	88	
17091	0	44074	18165	88	
17092	0	44065	18151	88	
17093	0	44035	18136	88	
17094	0	44014	18122	88	
17095	0	43994	18116	88	
17096	0	43980	18107	88	
17097	0	43962	18091	88	
17098	0	43946	18088	88	
17099	0	43945	18088	88	
17100	0	43948	18089	88	
17101	0	43964	18092	88	
17102	0	43965	18088	88	
17103	0	43962	18087	88	
17104	0	43958	18088	88	
17105	0	43952	18083	88	
17106	0	43942	18088	88	
17107	0	43950	18093	88	
17108	0	43962	18097	88	
17109	0	43970	18106	88	
17110	0	43985	18107	88	
17111	0	43983	18111	88	
17112	0	43993	18115	88	
17113	0	43993	18119	88	
17114	0	44005	18122	88	
17115	0	44010	18125	88	
17116	0	44021	18122	88	
17117	0	44026	18120	88	
17118	0	44028	18113	88	
17119	0	44025	18113	88	
17120	0	44015	18108	88	
17121	0	44019	18109	88	
17122	0	44019	18108	88	
17123	0	44013	18110	88	
17124	0	44012	18107	88	
17125	0	44013	18111	88	
17126	0	44026	18115	88	
17127	0	44031	18119	88	
17128	0	44038	18120	88	
17129	0	44042	18119	88	
17130	0	44047	18115	88	
17131	0	44036	18115	88	
17132	0	44042	18117	88	
17133	0	44037	18118	88	
17134	0	44052	18119	88	
17135	0	44051	18117	88	
17136	0	44053	18120	88	
17137	0	44057	18117	88	
17138	0	44055	18118	88	
17139	0	44059	18118	88	
17140	0	44063	18116	88	
17141	0	44067	18116	88	
17142	0	44063	18114	88	
17143	0	44059	18109	88	
17144	0	44045	18108	88	
17145	0	44040	18105	88	
17146	0	44017	18108	88	
17147	0	44011	18110	88	
17148	0	44007	18115	88	
17149	0	44008	18119	88	
17150	0	44015	18128	88	
17151	0	44024	18136	88	
17152	0	44037	18147	88	
17153	0	44050	18157	88	
17154	0	44060	18157	88	
17155	0	44069	18164	88	
17156	0	44084	18171	88	
17157	0	44092	18169	88	
17158	0	44086	18171	88	
17159	0	44087	18171	88	
17160	0	44081	18169	88	
17161	0	44076	18160	88	
17162	0	44056	18148	88	
17163	0	44033	18138	88	
17164	0	44015	18124	88	
17165	0	44004	18112	88	
17166	0	43991	18106	88	
17167	0	43977	18102	88	
17168	0	43976	18103	88	
17169	0	43971	18104	88	
17170	0	43969	18108	88	
17171	0	43982	18111	88	
17172	0	43982	18119	88	
17173	0	43999	18122	88	
17174	0	44010	18131	88	
17175	0	44010	18133	88	
17176	0	44019	18136	88	
17177	0	44027	18138	88	
17178	0	44024	18141	88	
17179	0	44021	18147	88	
17180	0	44027	18150	88	
17181	0	44026	18157	88	
17182	0	44037	18160	88	
17183	0	44044	18167	88	
17184	0	44044	18172	88	
17185	0	44042	18179	88	
17186	0	44040	18179	88	
17187	0	44043	18183	88	
17188	0	44048	18187	88	
17189	0	44047	18194	88	
17190	0	44065	18199	88	
17191	0	44062	18200	88	
17192	0	44063	18197	88	
17193	0	44067	18201	88	
17194	0	44069	18199	88	
17195	0	44077	18200	88	
17196	0	44075	18199	88	
17197	0	44080	18203	88	
17198	0	44089	18208	88	
17199	0	44090	18207	88	
17200	0	44099	18216	88	
17201	0	44100	18215	88	
17202	0	44111	18221	88	
17203	0	44098	18221	88	
17204	0	44110	18227	88	
17205	0	44111	18234	88	
17206	0	44123	18237	88	
17207	0	44128	18243	88	
17208	0	44135	18241	88	
17209	0	44135	18241	88	
17210	0	44135	18243	88	
17211	0	44135	18245	88	
17212	0	44132	18242	88	
17213	0	44134	18245	88	
17214	0	44132	18245	88	
17215	0	44133	18246	88	
17216	0	44144	18249	88	
17217	0	44154	18250	88	
17218	0	44139	18254	88	
17219	0	44143	18259	88	
17220	0	44148	18264	88	
17221	0	44142	18262	88	
17222	0	44148	18268	88	
17223	0	44155	18271	88	
17224	0	44154	18277	88	
17225	0	44161	18285	88	
17226	0	44158	18292	88	
17227	0	44168	18301	88	
17228	0	44159	18302	88	
17229	0	44143	18298	88	
17230	0	44119	18296	88	
17231	0	44102	18287	88	
17232	0	44075	18281	88	
17233	0	44053	18278	88	
17234	0	44033	18277	88	
17235	0	44011	18280	88	
17236	0	44000	18282	88	
17237	0	43991	18287	88	
17238	0	43988	18300	88	
17239	0	44000	18322	88	
17240	0	44010	18339	88	
17241	0	44030	18361	88	
17242	0	44052	18380	88	
17243	0	44069	18402	88	
17244	0	44086	18424	88	
17245	0	44119	18445	88	
17246	0	44145	18467	88	
17247	0	44176	18491	88	
17248	0	44200	18507	88	
17249	0	44217	18528	88	
17250	0	44242	18545	88	
17251	0	44270	18564	88	
17252	0	44281	18583	88	
17253	0	44305	18594	88	
17254	0	44306	18601	88	
17255	0	44319	18615	88	
17256	0	44334	18627	88	
17257	0	44349	18641	88	
17258	0	44368	18650	88	
17259	0	44377	18659	88	
17260	0	44385	18672	88	
17261	0	44405	18681	88	
17262	0	44418	18695	88	
17263	0	44432	18701	88	
17264	0	44446	18713	88	
17265	0	44467	18723	88	
17266	0	44480	18733	88	
17267	0	44482	18748	88	
17268	0	44495	18753	88	
17269	0	44523	18767	88	
17270	0	44541	18778	88	
17271	0	44561	18792	88	
17272	0	44573	18806	88	
17273	0	44593	18813	88	
17274	0	44614	18821	88	
17275	0	44635	18835	88	
17276	0	44669	18845	88	
17277	0	44709	18864	88	
17278	0	44739	18869	88	
17279	0	44760	18878	88	
17280	0	44782	18882	88	
17281	0	44802	18882	88	
17282	0	44812	18873	88	
17283	0	44809	18868	88	
17284	0	44798	18852	88	
17285	0	44787	18847	88	
17286	0	44790	18850	88	
17287	0	44802	18856	88	
17288	0	44820	18857	88	
17289	0	44834	18852	88	
17290	0	44852	18850	88	
17291	0	44865	18846	88	
17292	0	44878	18840	88	
17293	0	44894	18829	88	
17294	0	44913	18815	88	
17295	0	44924	18797	88	
17296	0	44923	18765	88	
17297	0	44885	18724	88	
17298	0	44832	18679	88	
17299	0	44779	18631	88	
17300	0	44718	18582	88	
17301	0	44660	18535	88	
17302	0	44593	18493	88	
17303	0	44522	18452	88	
17304	0	44468	18424	88	
17305	0	44439	18400	88	
17306	0	44402	18381	88	
17307	0	44376	18364	88	
17308	0	44352	18349	88	
17309	0	44342	18342	88	
17310	0	44324	18333	88	
17311	0	44314	18326	88	
17312	0	44300	18324	88	
17313	0	44297	18326	88	
17314	0	44302	18327	88	
17315	0	44297	18335	88	
17316	0	44300	18343	88	
17317	0	44291	18343	88	
17318	0	44286	18353	88	
17319	0	44283	18361	88	
17320	0	44280	18373	88	
17321	0	44290	18394	88	
17322	0	44299	18417	88	
17323	0	44321	18440	88	
17324	0	44351	18466	88	
17325	0	44374	18491	88	
17326	0	44406	18509	88	
17327	0	44431	18524	88	
17328	0	44451	18537	88	
17329	0	44479	18543	88	
17330	0	44487	18550	88	
17331	0	44503	18558	88	
17332	0	44510	18560	88	
17333	0	44528	18565	88	
17334	0	44515	18566	88	
17335	0	44528	18567	88	
17336	0	44528	18576	88	
17337	0	44536	18582	88	
17338	0	44536	18594	88	
17339	0	44550	18603	88	
17340	0	44561	18623	88	
17341	0	44581	18636	88	
17342	0	44597	18652	88	
17343	0	44605	18665	88	
17344	0	44628	18679	88	
17345	0	44651	18698	88	
17346	0	44677	18712	88	
17347	0	44705	18729	88	
17348	0	44728	18737	88	
17349	0	44752	18741	88	
17350	0	44764	18747	88	
17351	0	44780	18751	88	
17352	0	44785	18755	88	
17353	0	44786	18751	88	
17354	0	44790	18752	88	
17355	0	44796	18758	88	
17356	0	44797	18756	88	
17357	0	44803	18767	88	
17358	0	44817	18768	88	
17359	0	44820	18772	88	
17360	0	44827	18773	88	
17361	0	44831	18771	88	
17362	0	44840	18775	88	
17363	0	44843	18778	88	
17364	0	44847	18777	88	
17365	0	44850	18779	88	
17366	0	44856	18779	88	
17367	0	44859	18777	88	
17368	0	44865	18775	88	
17369	0	44858	18777	88	
17370	0	44857	18773	88	
17371	0	44846	18774	88	
17372	0	44850	18771	88	
17373	0	44848	18763	88	
17374	0	44836	18750	88	
17375	0	44807	18736	88	
17376	0	44775	18717	88	
17377	0	44755	18695	88	
17378	0	44734	18679	88	
17379	0	44706	18664	88	
17380	0	44690	18645	88	
17381	0	44681	18627	88	
17382	0	44672	18612	88	
17383	0	44671	18596	88	
17384	0	44676	18586	88	
17385	0	44670	18571	98	
17386	0	44651	18556	98	
17387	0	44635	18547	98	
17388	0	44619	18536	98	
17389	0	44599	18529	98	
17390	0	44581	18527	98	
17391	0	44571	18532	98	
17392	0	44570	18541	98	
17393	0	44584	18552	98	
17394	0	44594	18558	98	
17395	0	44603	18567	98	
17396	0	44618	18571	98	
17397	0	44624	18583	98	
17398	0	44635	18588	98	
17399	0	44637	18599	98	
17400	0	44651	18609	98	
17401	0	44659	18621	98	
17402	0	44663	18631	98	
17403	0	44672	18634	98	
17404	0	44682	18644	98	
17405	0	44690	18651	98	
17406	0	44684	18660	98	
17407	0	44686	18674	98	
17408	0	44691	18689	98	
17409	0	44705	18706	98	
17410	0	44722	18723	98	
17411	0	44745	18735	98	
17412	0	44765	18752	98	
17413	0	44776	18767	98	
17414	0	44791	18782	98	
17415	0	44817	18793	98	
17416	0	44830	18808	98	
17417	0	44837	18823	98	
17418	0	44849	18834	98	
17419	0	44868	18843	98	
17420	0	44880	18853	98	
17421	0	44894	18867	98	
17422	0	44899	18875	98	
17423	0	44911	18886	98	
17424	0	44923	18895	98	
17425	0	44918	18907	98	
17426	0	44925	18921	98	
17427	0	44940	18930	98	
17428	0	44952	18948	98	
17429	0	44972	18964	98	
17430	0	44994	18976	98	
17431	0	45011	18987	98	
17432	0	45027	18999	98	
17433	0	45033	19009	98	
17434	0	45046	19017	98	
17435	0	45046	19029	98	
17436	0	45060	19035	98	
17437	0	45071	19045	98	
17438	0	45072	19056	98	
17439	0	45080	19068	98	
17440	0	45082	19080	98	
17441	0	45100	19092	98	
17442	0	45110	19106	98	
17443	0	45119	19117	98	
17444	0	45123	19131	98	
17445	0	45138	19141	98	
17446	0	45148	19154	98	
17447	0	45148	19166	98	
17448	0	45153	19173	98	
17449	0	45155	19179	98	
17450	0	45150	19183	98	
17451	0	45137	19182	98	
17452	0	45138	19182	98	
17453	0	45125	19176	98	
17454	0	45115	19176	98	
17455	0	45114	19178	98	
17456	0	45110	19175	98	
17457	0	45104	19168	98	
17458	0	45108	19177	98	
17459	0	45118	19180	98	
17460	0	45119	19188	98	
17461	0	45130	19193	98	
17462	0	45139	19192	98	
17463	0	45145	19201	98	
17464	0	45150	19206	98	
17465	0	45152	19214	98	
17466	0	45172	19221	98	
17467	0	45177	19230	98	
17468	0	45193	19238	98	
17469	0	45199	19241	98	
17470	0	45208	19253	98	
17471	0	45212	19255	98	
17472	0	45225	19262	98	
17473	0	45235	19270	98	
17474	0	45237	19275	98	
17475	0	45249	19280	98	
17476	0	45257	19283	98	
17477	0	45253	19289	98	
17478	0	45272	19291	98	
17479	0	45264	19299	98	
17480	0	45274	19299	98	
17481	0	45281	19307	98	
17482	0	45280	19303	98	
17483	0	45295	19313	98	
17484	0	45305	19313	98	
17485	0	45314	19322	98	
17486	0	45328	19329	98	
17487	0	45334	19331	98	
17488	0	45337	19333	98	
17489	0	45349	19339	98	
17490	0	45360	19342	98	
17491	0	45363	19349	98	
17492	0	45384	19355	98	
17493	0	45390	19360	98	
17494	0	45408	19363	98	
17495	0	45413	19367	98	
17496	0	45416	19367	98	
17497	0	45420	19369	98	
17498	0	45427	19373	98	
17499	0	45433	19370	98	
17500	0	45429	19369	98	
17501	0	45436	19371	98	
17502	0	45434	19371	98	
17503	0	45434	19376	98	
17504	0	45439	19375	98	
17505	0	45437	19376	98	
17506	0	45434	19375	98	
17507	0	45439	19374	98	
17508	0	45437	19372	98	
17509	0	45434	19372	98	
17510	0	45427	19369	98	
17511	0	45429	19367	98	
17512	0	45427	19366	98	
17513	0	45420	19369	98	
17514	0	45426	19367	98	
17515	0	45415	19368	98	
17516	0	45410	19373	98	
17517	0	45416	19373	98	
17518	0	45419	19381	98	
17519	0	45427	19387	98	
17520	0	45427	19388	98	
17521	0	45433	19394	98	
17522	0	45443	19405	98	
17523	0	45443	19411	98	
17524	0	45452	19419	98	
17525	0	45447	19425	98	
17526	0	45441	19424	98	
17527	0	45437	19421	98	
17528	0	45426	19420	98	
17529	0	45408	19410	98	
17530	0	45392	19405	98	
17531	0	45376	19393	98	
17532	0	45376	19386	98	
17533	0	45358	19382	98	
17534	0	45351	19376	98	
17535	0	45353	19374	98	
17536	0	45343	19374	98	
17537	0	45341	19377	98	
17538	0	45351	19375	98	
17539	0	45356	19379	98	
17540	0	45357	19383	98	
17541	0	45358	19382	98	
17542	0	45367	19387	98	
17543	0	45366	19388	98	
17544	0	45364	19391	98	
17545	0	45368	19392	98	
17546	0	45377	19392	98	
17547	0	45382	19402	98	
17548	0	45391	19402	98	
17549	0	45388	19407	98	
17550	0	45392	19411	98	
17551	0	45399	19411	98	
17552	0	45402	19412	98	
17553	0	45398	19409	98	
17554	0	45404	19408	98	
17555	0	45408	19412	98	
17556	0	45408	19414	98	
17557	0	45398	19413	98	
17558	0	45400	19412	98	
17559	0	45403	19414	98	
17560	0	45406	19415	98	
17561	0	45404	19413	98	
17562	0	45403	19415	98	
17563	0	45412	19415	98	
17564	0	45403	19422	98	
17565	0	45407	19420	98	
17566	0	45415	19424	98	
17567	0	45411	19427	98	
17568	0	45422	19426	98	
17569	0	45420	19429	98	
17570	0	45431	19433	98	
17571	0	45429	19437	98	
17572	0	45437	19440	98	
17573	0	45441	19440	98	
17574	0	45446	19445	98	
17575	0	45446	19445	98	
17576	0	45453	19454	98	
17577	0	45464	19454	98	
17578	0	45464	19459	98	
17579	0	45462	19460	98	
17580	0	45473	19460	98	
17581	0	45463	19462	98	
17582	0	45469	19467	98	
17583	0	45473	19470	98	
17584	0	45473	19473	98	
17585	0	45482	19473	98	
17586	0	45477	19477	98	
17587	0	45489	19481	98	
17588	0	45490	19474	98	
17589	0	45486	19480	98	
17590	0	45494	19481	98	
17591	0	45493	19486	98	
17592	0	45491	19487	98	
17593	0	45498	19489	98	
17594	0	45500	19493	98	
17595	0	45507	19496	98	
17596	0	45503	19499	98	
17597	0	45506	19501	98	
17598	0	45517	19506	98	
17599	0	45520	19504	98	
17600	0	45518	19506	98	
17601	0	45513	19508	98	
17602	0	45515	19511	98	
17603	0	45518	19521	98	
17604	0	45506	19512	98	
17605	0	45500	19510	98	
17606	0	45474	19498	98	
17607	0	45456	19484	98	
17608	0	45443	19472	98	
17609	0	45424	19462	98	
17610	0	45409	19449	98	
17611	0	45394	19439	98	
17612	0	45383	19435	98	
17613	0	45371	19426	98	
17614	0	45364	19420	98	
17615	0	45360	19415	98	
17616	0	45365	19416	98	
17617	0	45358	19412	98	
17618	0	45357	19415	98	
17619	0	45358	19413	98	
17620	0	45363	19413	98	
17621	0	45361	19416	98	
17622	0	45362	19420	98	
17623	0	45368	19417	98	
17624	0	45367	19418	98	
17625	0	45367	19419	98	
17626	0	45364	19419	98	
17627	0	45365	19421	98	
17628	0	45367	19426	98	
17629	0	45372	19426	98	
17630	0	45371	19422	98	
17631	0	45366	19423	98	
17632	0	45364	19421	98	
17633	0	45364	19419	98	
17634	0	45360	19419	98	
17635	0	45357	19422	98	
17636	0	45353	19419	98	
17637	0	45351	19419	98	
17638	0	45352	19416	98	
17639	0	45352	19418	98	
17640	0	45354	19420	98	
17641	0	45353	19417	98	
17642	0	45350	19417	98	
17643	0	45360	19421	98	
17644	0	45362	19422	98	
17645	0	45363	19422	98	
17646	0	45362	19426	98	
17647	0	45369	19431	98	
17648	0	45367	19436	98	
17649	0	45377	19435	98	
17650	0	45379	19438	98	
17651	0	45378	19443	98	
17652	0	45378	19446	98	
17653	0	45384	19446	98	
17654	0	45392	19450	98	
17655	0	45393	19452	98	
17656	0	45392	19460	98	
17657	0	45398	19460	98	
17658	0	45400	19461	98	
17659	0	45403	19461	98	
17660	0	45410	19467	98	
17661	0	45412	19468	98	
17662	0	45409	19471	98	
17663	0	45407	19473	98	
17664	0	45410	19474	98	
17665	0	45414	19479	98	
17666	0	45420	19479	98	
17667	0	45424	19483	98	
17668	0	45429	19486	98	
17669	0	45426	19488	98	
17670	0	45436	19491	98	
17671	0	45441	19495	98	
17672	0	45446	19501	98	
17673	0	45446	19503	98	
17674	0	45454	19505	98	
17675	0	45460	19506	98	
17676	0	45461	19513	98	
17677	0	45451	19512	98	
17678	0	45448	19508	98	
17679	0	45429	19501	98	
17680	0	45406	19491	98	
17681	0	45395	19483	98	
17682	0	45376	19469	98	
17683	0	45355	19453	98	
17684	0	45331	19437	98	
17685	0	45308	19428	97	
17686	0	45286	19413	97	
17687	0	45274	19405	97	
17688	0	45271	19395	97	
17689	0	45255	19388	97	
17690	0	45253	19384	97	
17691	0	45243	19381	97	
17692	0	45249	19383	97	
17693	0	45244	19376	97	
17694	0	45245	19378	97	
17695	0	45252	19380	97	
17696	0	45253	19383	97	
17697	0	45252	19382	97	
17698	0	45251	19384	97	
17699	0	45253	19385	97	
17700	0	45261	19386	97	
17701	0	45259	19391	97	
17702	0	45263	19394	97	
17703	0	45257	19389	97	
17704	0	45265	19392	97	
17705	0	45256	19391	97	
17706	0	45254	19391	97	
17707	0	45251	19388	97	
17708	0	45251	19387	97	
17709	0	45245	19385	97	
17710	0	45243	19382	97	
17711	0	45245	19381	97	
17712	0	45241	19385	97	
17713	0	45242	19382	97	
17714	0	45245	19386	97	
17715	0	45243	19386	97	
17716	0	45244	19386	97	
17717	0	45246	19390	97	
17718	0	45245	19388	97	
17719	0	45247	19388	97	
17720	0	45252	19391	97	
17721	0	45256	19393	97	
17722	0	45262	19396	97	
17723	0	45266	19397	97	
17724	0	45268	19402	97	
17725	0	45271	19401	97	
17726	0	45272	19405	97	
17727	0	45277	19406	97	
17728	0	45280	19412	97	
17729	0	45280	19411	97	
17730	0	45283	19414	97	
17731	0	45281	19420	97	
17732	0	45289	19423	97	
17733	0	45289	19419	97	
17734	0	45294	19431	97	
17735	0	45299	19431	97	
17736	0	45300	19434	97	
17737	0	45302	19433	97	
17738	0	45311	19433	97	
17739	0	45315	19437	97	
17740	0	45317	19441	97	
17741	0	45311	19444	97	
17742	0	45317	19445	97	
17743	0	45320	19447	97	
17744	0	45317	19448	97	
17745	0	45327	19451	97	
17746	0	45333	19456	97	
17747	0	45337	19454	97	
17748	0	45331	19458	97	
17749	0	45340	19457	97	
17750	0	45342	19459	97	
17751	0	45344	19463	97	
17752	0	45338	19467	97	
17753	0	45333	19466	97	
17754	0	45318	19461	97	
17755	0	45301	19447	97	
17756	0	45280	19439	97	
17757	0	45255	19419	97	
17758	0	45229	19401	97	
17759	0	45201	19380	97	
17760	0	45178	19361	97	
17761	0	45151	19348	97	
17762	0	45137	19334	97	
17763	0	45117	19322	97	
17764	0	45102	19313	97	
17765	0	45096	19306	97	
17766	0	45090	19303	97	
17767	0	45087	19302	97	
17768	0	45080	19296	97	
17769	0	45085	19297	97	
17770	0	45076	19294	97	
17771	0	45077	19298	97	
17772	0	45076	19296	97	
17773	0	45075	19296	97	
17774	0	45083	19293	97	
17775	0	45079	19295	97	
17776	0	45077	19299	97	
17777	0	45084	19298	97	
17778	0	45079	19300	97	
17779	0	45088	19303	97	
17780	0	45086	19303	97	
17781	0	45080	19304	97	
17782	0	45080	19304	97	
17783	0	45075	19300	97	
17784	0	45063	19298	97	
17785	0	45057	19293	97	
17786	0	45057	19288	97	
17787	0	45050	19286	97	
17788	0	45051	19285	97	
17789	0	45051	19286	97	
17790	0	45046	19281	97	
17791	0	45045	19281	97	
17792	0	45046	19284	97	
17793	0	45043	19279	97	
17794	0	45046	19284	97	
17795	0	45047	19288	97	
17796	0	45051	19288	97	
17797	0	45046	19288	97	
17798	0	45055	19291	97	
17799	0	45061	19295	97	
17800	0	45067	19301	97	
17801	0	45070	19303	97	
17802	0	45068	19308	97	
17803	0	45077	19310	97	
17804	0	45084	19311	97	
17805	0	45084	19316	97	
17806	0	45095	19318	97	
17807	0	45091	19321	97	
17808	0	45098	19325	97	
17809	0	45106	19327	97	
17810	0	45105	19329	97	
17811	0	45105	19336	97	
17812	0	45109	19334	97	
17813	0	45113	19335	97	
17814	0	45113	19335	97	
17815	0	45116	19334	97	
17816	0	45117	19342	97	
17817	0	45115	19340	97	
17818	0	45123	19342	97	
17819	0	45124	19344	97	
17820	0	45129	19351	97	
17821	0	45137	19355	97	
17822	0	45147	19354	97	
17823	0	45154	19356	97	
17824	0	45142	19361	97	
17825	0	45152	19359	97	
17826	0	45139	19357	97	
17827	0	45134	19355	97	
17828	0	45115	19340	97	
17829	0	45084	19327	97	
17830	0	45059	19310	97	
17831	0	45030	19283	97	
17832	0	44996	19259	97	
17833	0	44964	19241	97	
17834	0	44933	19221	97	
17835	0	44916	19201	97	
17836	0	44891	19188	97	
17837	0	44887	19176	97	
17838	0	44873	19170	97	
17839	0	44865	19167	97	
17840	0	44867	19161	97	
17841	0	44864	19161	97	
17842	0	44858	19158	97	
17843	0	44857	19156	97	
17844	0	44859	19157	97	
17845	0	44863	19154	97	
17846	0	44867	19157	97	
17847	0	44872	19158	97	
17848	0	44870	19164	97	
17849	0	44875	19163	97	
17850	0	44876	19169	97	
17851	0	44874	19168	97	
17852	0	44876	19168	97	
17853	0	44881	19169	97	
17854	0	44871	19163	97	
17855	0	44864	19160	97	
17856	0	44866	19156	97	
17857	0	44855	19149	97	
17858	0	44856	19148	97	
17859	0	44842	19143	97	
17860	0	44846	19140	97	
17861	0	44834	19132	97	
17862	0	44831	19130	97	
17863	0	44831	19130	97	
17864	0	44832	19129	97	
17865	0	44835	19129	97	
17866	0	44836	19123	97	
17867	0	44832	19126	97	
17868	0	44839	19127	97	
17869	0	44838	19129	97	
17870	0	44840	19135	97	
17871	0	44847	19140	97	
17872	0	44850	19137	97	
17873	0	44857	19142	97	
17874	0	44859	19144	97	
17875	0	44863	19143	97	
17876	0	44867	19147	97	
17877	0	44868	19151	97	
17878	0	44872	19154	97	
17879	0	44875	19157	97	
17880	0	44866	19161	97	
17881	0	44862	19161	97	
17882	0	44873	19166	97	
17883	0	44884	19176	97	
17884	0	44893	19176	97	
17885	0	44893	19178	97	
17886	0	44893	19181	97	
17887	0	44897	19185	97	
17888	0	44903	19185	97	
17889	0	44901	19191	97	
17890	0	44906	19194	97	
17891	0	44911	19193	97	
17892	0	44912	19199	97	
17893	0	44924	19204	97	
17894	0	44925	19208	97	
17895	0	44927	19208	97	
17896	0	44936	19213	97	
17897	0	44939	19216	97	
17898	0	44935	19218	97	
17899	0	44932	19217	97	
17900	0	44908	19207	97	
17901	0	44894	19194	97	
17902	0	44864	19179	97	
17903	0	44833	19154	97	
17904	0	44796	19129	97	
17905	0	44757	19106	97	
17906	0	44728	19082	97	
17907	0	44698	19058	97	
17908	0	44677	19046	97	
17909	0	44663	19033	97	
17910	0	44648	19025	97	
17911	0	44644	19021	97	
17912	0	44637	19016	97	
17913	0	44642	19016	97	
17914	0	44641	19014	97	
17915	0	44645	19017	97	
17916	0	44649	19016	97	
17917	0	44647	19018	97	
17918	0	44657	19021	97	
17919	0	44659	19022	97	
17920	0	44662	19027	97	
17921	0	44666	19031	97	
17922	0	44664	19033	97	
17923	0	44673	19035	97	
17924	0	44676	19037	97	
17925	0	44677	19040	97	
17926	0	44677	19047	97	
17927	0	44673	19040	97	
17928	0	44677	19040	97	
17929	0	44665	19039	97	
17930	0	44664	19038	97	
17931	0	44663	19034	97	
17932	0	44656	19030	97	
17933	0	44656	19030	97	
17934	0	44656	19026	97	
17935	0	44657	19025	97	
17936	0	44664	19029	97	
17937	0	44661	19032	97	
17938	0	44665	19030	97	
17939	0	44675	19037	97	
17940	0	44681	19038	97	
17941	0	44684	19043	97	
17942	0	44692	19050	97	
17943	0	44698	19053	97	
17944	0	44706	19049	97	
17945	0	44712	19057	97	
17946	0	44711	19064	97	
17947	0	44716	19065	97	
17948	0	44731	19067	97	
17949	0	44729	19073	97	
17950	0	44737	19076	97	
17951	0	44743	19082	97	
17952	0	44752	19087	97	
17953	0	44761	19090	97	
17954	0	44765	19094	97	
17955	0	44767	19095	97	
17956	0	44773	19099	97	
17957	0	44777	19106	97	
17958	0	44778	19102	97	
17959	0	44782	19109	97	
17960	0	44790	19114	97	
17961	0	44786	19113	97	
17962	0	44794	19118	97	
17963	0	44804	19120	97	
17964	0	44809	19119	97	
17965	0	44815	19127	97	
17966	0	44813	19127	97	
17967	0	44816	19133	97	
17968	0	44821	19140	97	
17969	0	44826	19139	97	
17970	0	44830	19146	97	
17971	0	44841	19145	97	
17972	0	44836	19150	97	
17973	0	44840	19150	97	
17974	0	44827	19147	97	
17975	0	44819	19137	97	
17976	0	44794	19124	97	
17977	0	44754	19102	97	
17978	0	44720	19074	97	
17979	0	44679	19043	97	
17980	0	44636	19017	97	
17981	0	44593	18989	97	
17982	0	44571	18969	97	
17983	0	44541	18949	97	
17984	0	44524	18937	97	
17985	0	44516	18925	94	
17986	0	44505	18921	94	
17987	0	44503	18920	94	
17988	0	44504	18917	94	
17989	0	44508	18918	94	
17990	0	44503	18917	94	
17991	0	44507	18919	94	
17992	0	44512	18917	94	
17993	0	44510	18921	94	
17994	0	44515	18920	94	
17995	0	44522	18921	94	
17996	0	44522	18928	94	
17997	0	44530	18927	94	
17998	0	44530	18930	94	
17999	0	44540	18932	94	
18000	0	44542	18940	94	
18001	0	44537	18938	94	
18002	0	44535	18934	94	
18003	0	44540	18930	94	
18004	0	44536	18930	94	
18005	0	44532	18927	94	
18006	0	44521	18924	94	
18007	0	44520	18927	94	
18008	0	44517	18918	94	
18009	0	44527	18919	94	
18010	0	44517	18919	94	
18011	0	44516	18919	94	
18012	0	44519	18923	94	
18013	0	44529	18923	94	
18014	0	44535	18923	94	
18015	0	44541	18929	94	
18016	0	44549	18934	94	
18017	0	44547	18935	94	
18018	0	44552	18943	94	
18019	0	44559	18942	94	
18020	0	44561	18947	94	
18021	0	44574	18951	94	
18022	0	44577	18957	94	
18023	0	44591	18959	94	
18024	0	44592	18962	94	
18025	0	44605	18968	94	
18026	0	44601	18966	94	
18027	0	44614	18973	94	
18028	0	44611	18973	94	
18029	0	44613	18979	94	
18030	0	44619	18984	94	
18031	0	44626	18987	94	
18032	0	44629	18988	94	
18033	0	44631	18994	94	
18034	0	44639	18997	94	
18035	0	44641	18996	94	
18036	0	44643	18997	94	
18037	0	44644	19001	94	
18038	0	44653	19004	94	
18039	0	44655	19004	94	
18040	0	44655	19005	94	
18041	0	44658	19008	94	
18042	0	44661	19014	94	
18043	0	44667	19019	94	
18044	0	44675	19023	94	
18045	0	44683	19030	94	
18046	0	44686	19034	94	
18047	0	44694	19037	94	
18048	0	44699	19041	94	
18049	0	44700	19044	94	
18050	0	44695	19047	94	
18051	0	44679	19043	94	
18052	0	44661	19027	94	
18053	0	44638	19005	94	
18054	0	44599	18983	94	
18055	0	44557	18954	94	
18056	0	44514	18921	94	
18057	0	44473	18893	94	
18058	0	44443	18871	94	
18059	0	44414	18850	94	
18060	0	44395	18836	94	
18061	0	44388	18829	94	
18062	0	44380	18820	94	
18063	0	44372	18816	94	
18064	0	44371	18814	94	
18065	0	44371	18817	94	
18066	0	44380	18815	94	
18067	0	44392	18820	94	
18068	0	44395	18824	94	
18069	0	44398	18825	94	
18070	0	44402	18827	94	
18071	0	44408	18831	94	
18072	0	44412	18836	94	
18073	0	44425	18836	94	
18074	0	44422	18841	94	
18075	0	44425	18844	94	
18076	0	44424	18847	94	
18077	0	44431	18846	94	
18078	0	44422	18839	94	
18079	0	44414	18839	94	
18080	0	44409	18834	94	
18081	0	44410	18829	94	
18082	0	44401	18826	94	
18083	0	44389	18818	94	
18084	0	44395	18816	94	
18085	0	44390	18812	94	
18086	0	44384	18810	94	
18087	0	44388	18808	94	
18088	0	44391	18811	94	
18089	0	44388	18810	94	
18090	0	44393	18815	94	
18091	0	44395	18816	94	
18092	0	44402	18819	94	
18093	0	44412	18824	94	
18094	0	44413	18825	94	
18095	0	44416	18830	94	
18096	0	44421	18831	94	
18097	0	44428	18836	94	
18098	0	44432	18846	94	
18099	0	44442	18849	94	
18100	0	44452	18852	94	
18101	0	44451	18852	94	
18102	0	44462	18856	94	
18103	0	44466	18858	94	
18104	0	44465	18864	94	
18105	0	44463	18865	94	
18106	0	44471	18866	94	
18107	0	44472	18869	94	
18108	0	44477	18870	94	
18109	0	44481	18870	94	
18110	0	44482	18872	94	
18111	0	44479	18875	94	
18112	0	44484	18874	94	
18113	0	44490	18878	94	
18114	0	44499	18882	94	
18115	0	44498	18883	94	
18116	0	44500	18883	94	
18117	0	44510	18892	94	
18118	0	44519	18889	94	
18119	0	44516	18894	94	
18120	0	44518	18902	94	
18121	0	44518	18900	94	
18122	0	44512	18897	94	
18123	0	44498	18891	94	
18124	0	44466	18871	94	
18125	0	44429	18847	94	
18126	0	44390	18819	94	
18127	0	44348	18787	94	
18128	0	44303	18759	94	
18129	0	44280	18735	94	
18130	0	44247	18715	94	
18131	0	44222	18697	94	
18132	0	44210	18689	94	
18133	0	44199	18680	94	
18134	0	44204	18679	94	
18135	0	44197	18674	94	
18136	0	44199	18674	94	
18137	0	44204	18682	94	
18138	0	44207	18684	94	
18139	0	44209	18685	94	
18140	0	44231	18691	94	
18141	0	44233	18694	94	
18142	0	44235	18702	94	
18143	0	44249	18703	94	
18144	0	44256	18710	94	
18145	0	44266	18713	94	
18146	0	44263	18719	94	
18147	0	44265	18719	94	
18148	0	44263	18719	94	
18149	0	44257	18709	94	
18150	0	44254	18705	94	
18151	0	44251	18707	94	
18152	0	44238	18701	94	
18153	0	44237	18699	94	
18154	0	44229	18695	94	
18155	0	44233	18695	94	
18156	0	44227	18691	94	
18157	0	44230	18692	94	
18158	0	44236	18693	94	
18159	0	44235	18693	94	
18160	0	44240	18697	94	
18161	0	44249	18703	94	
18162	0	44253	18707	94	
18163	0	44254	18710	94	
18164	0	44263	18718	94	
18165	0	44275	18727	94	
18166	0	44282	18734	94	
18167	0	44289	18741	94	
18168	0	44304	18745	94	
18169	0	44305	18748	94	
18170	0	44320	18754	94	
18171	0	44322	18761	94	
18172	0	44337	18767	94	
18173	0	44348	18776	94	
18174	0	44357	18781	94	
18175	0	44358	18785	94	
18176	0	44365	18789	94	
18177	0	44373	18793	94	
18178	0	44377	18796	94	
18179	0	44376	18798	94	
18180	0	44384	18803	94	
18181	0	44392	18804	94	
18182	0	44395	18809	94	
18183	0	44401	18811	94	
18184	0	44399	18815	94	
18185	0	44411	18821	94	
18186	0	44412	18821	94	
18187	0	44416	18824	94	
18188	0	44425	18828	94	
18189	0	44433	18830	94	
18190	0	44434	18831	94	
18191	0	44446	18839	94	
18192	0	44451	18844	94	
18193	0	44448	18846	94	
18194	0	44451	18851	94	
18195	0	44452	18849	94	
18196	0	44435	18841	94	
18197	0	44409	18822	94	
18198	0	44359	18795	94	
18199	0	44318	18765	94	
18200	0	44269	18726	94	
18201	0	44217	18692	94	
18202	0	44184	18662	94	
18203	0	44143	18641	94	
18204	0	44121	18620	94	
18205	0	44097	18605	94	
18206	0	44093	18597	94	
18207	0	44086	18596	94	
18208	0	44088	18594	94	
18209	0	44090	18599	94	
18210	0	44098	18598	94	
18211	0	44109	18603	94	
18212	0	44109	18604	94	
18213	0	44118	18613	94	
18214	0	44118	18615	94	
18215	0	44128	18618	94	
18216	0	44131	18623	94	
18217	0	44139	18625	94	
18218	0	44150	18628	94	
18219	0	44151	18635	94	
18220	0	44158	18638	94	
18221	0	44159	18641	94	
18222	0	44166	18642	94	
18223	0	44166	18643	94	
18224	0	44162	18643	94	
18225	0	44155	18636	94	
18226	0	44161	18634	94	
18227	0	44150	18631	94	
18228	0	44145	18631	94	
18229	0	44143	18626	94	
18230	0	44141	18624	94	
18231	0	44151	18626	94	
18232	0	44150	18629	94	
18233	0	44152	18629	94	
18234	0	44158	18632	94	
18235	0	44168	18634	94	
18236	0	44164	18641	94	
18237	0	44181	18645	94	
18238	0	44185	18652	94	
18239	0	44197	18655	94	
18240	0	44204	18664	94	
18241	0	44212	18668	94	
18242	0	44228	18674	94	
18243	0	44237	18675	94	
18244	0	44235	18682	94	
18245	0	44242	18684	94	
18246	0	44251	18691	94	
18247	0	44263	18693	94	
18248	0	44265	18699	94	
18249	0	44266	18701	94	
18250	0	44275	18706	94	
18251	0	44273	18707	94	
18252	0	44284	18710	94	
18253	0	44279	18714	94	
18254	0	44286	18719	94	
18255	0	44287	18717	94	
18256	0	44291	18718	94	
18257	0	44298	18725	94	
18258	0	44299	18728	94	
18259	0	44303	18732	94	
18260	0	44316	18732	94	
18261	0	44321	18736	94	
18262	0	44327	18735	94	
18263	0	44327	18745	94	
18264	0	44346	18750	94	
18265	0	44343	18754	94	
18266	0	44349	18760	94	
18267	0	44361	18764	94	
18268	0	44368	18767	94	
18269	0	44361	18769	94	
18270	0	44354	18770	94	
18271	0	44343	18758	94	
18272	0	44306	18736	94	
18273	0	44263	18712	94	
18274	0	44223	18677	94	
18275	0	44168	18644	94	
18276	0	44132	18611	94	
18277	0	44092	18586	94	
18278	0	44065	18566	94	
18279	0	44046	18551	94	
18280	0	44034	18542	94	
18281	0	44026	18536	94	
18282	0	44026	18535	94	
18283	0	44030	18532	94	
18284	0	44035	18537	94	
18285	0	44043	18540	95	
18286	0	44044	18540	95	
18287	0	44057	18546	95	
18288	0	44065	18552	95	
18289	0	44076	18554	95	
18290	0	44083	18563	95	
18291	0	44092	18569	95	
18292	0	44102	18580	95	
18293	0	44107	18583	95	
18294	0	44114	18586	95	
18295	0	44117	18590	95	
18296	0	44119	18591	95	
18297	0	44118	18591	95	
18298	0	44113	18590	95	
18299	0	44119	18589	95	
18300	0	44108	18587	95	
18301	0	44104	18583	95	
18302	0	44101	18579	95	
18303	0	44101	18578	95	
18304	0	44103	18578	95	
18305	0	44105	18573	95	
18306	0	44101	18575	95	
18307	0	44103	18577	95	
18308	0	44115	18581	95	
18309	0	44118	18588	95	
18310	0	44126	18592	95	
18311	0	44136	18595	95	
18312	0	44147	18606	95	
18313	0	44156	18608	95	
18314	0	44164	18615	95	
18315	0	44162	18623	95	
18316	0	44175	18629	95	
18317	0	44185	18636	95	
18318	0	44193	18643	95	
18319	0	44208	18645	95	
18320	0	44218	18655	95	
18321	0	44214	18661	95	
18322	0	44230	18666	95	
18323	0	44237	18670	95	
18324	0	44247	18674	95	
18325	0	44252	18681	95	
18326	0	44251	18678	95	
18327	0	44267	18685	95	
18328	0	44275	18688	95	
18329	0	44275	18690	95	
18330	0	44273	18694	95	
18331	0	44285	18697	95	
18332	0	44285	18699	95	
18333	0	44290	18706	95	
18334	0	44297	18707	95	
18335	0	44306	18707	95	
18336	0	44309	18711	95	
18337	0	44307	18712	95	
18338	0	44315	18720	95	
18339	0	44324	18723	95	
18340	0	44328	18727	95	
18341	0	44336	18734	95	
18342	0	44347	18739	95	
18343	0	44348	18744	95	
18344	0	44365	18752	95	
18345	0	44371	18754	95	
18346	0	44374	18766	95	
18347	0	44376	18760	95	
18348	0	44354	18753	95	
18349	0	44327	18735	95	
18350	0	44293	18712	95	
18351	0	44247	18677	95	
18352	0	44209	18643	95	
18353	0	44161	18611	95	
18354	0	44120	18582	95	
18355	0	44095	18561	95	
18356	0	44074	18546	95	
18357	0	44062	18537	95	
18358	0	44055	18533	95	
18359	0	44058	18534	95	
18360	0	44065	18536	95	
18361	0	44066	18536	95	
18362	0	44086	18547	95	
18363	0	44094	18548	95	
18364	0	44098	18554	95	
18365	0	44110	18567	95	
18366	0	44118	18574	95	
18367	0	44135	18578	95	
18368	0	44144	18590	95	
18369	0	44159	18593	95	
18370	0	44166	18600	95	
18371	0	44177	18607	95	
18372	0	44175	18614	95	
18373	0	44180	18617	95	
18374	0	44187	18620	95	
18375	0	44181	18614	95	
18376	0	44181	18611	95	
18377	0	44179	18603	95	
18378	0	44167	18604	95	
18379	0	44170	18603	95	
18380	0	44163	18599	95	
18381	0	44166	18601	95	
18382	0	44163	18599	95	
18383	0	44169	18598	95	
18384	0	44176	18601	95	
18385	0	44177	18606	95	
18386	0	44184	18609	95	
18387	0	44190	18613	95	
18388	0	44205	18621	95	
18389	0	44211	18626	95	
18390	0	44225	18634	95	
18391	0	44230	18641	95	
18392	0	44238	18644	95	
18393	0	44246	18648	95	
18394	0	44258	18657	95	
18395	0	44267	18665	95	
18396	0	44274	18668	95	
18397	0	44281	18675	95	
18398	0	44289	18679	95	
18399	0	44290	18680	95	
18400	0	44299	18687	95	
18401	0	44304	18695	95	
18402	0	44309	18697	95	
18403	0	44317	18700	95	
18404	0	44323	18702	95	
18405	0	44323	18704	95	
18406	0	44330	18711	95	
18407	0	44337	18713	95	
18408	0	44343	18714	95	
18409	0	44348	18716	95	
18410	0	44343	18720	95	
18411	0	44354	18721	95	
18412	0	44358	18726	95	
18413	0	44361	18731	95	
18414	0	44371	18734	95	
18415	0	44377	18739	95	
18416	0	44380	18742	95	
18417	0	44392	18747	95	
18418	0	44390	18750	95	
18419	0	44402	18757	95	
18420	0	44411	18761	95	
18421	0	44409	18763	95	
18422	0	44405	18761	95	
18423	0	44386	18753	95	
18424	0	44359	18734	95	
18425	0	44329	18707	95	
18426	0	44288	18677	95	
18427	0	44241	18649	95	
18428	0	44200	18617	95	
18429	0	44167	18593	95	
18430	0	44142	18573	95	
18431	0	44126	18562	95	
18432	0	44117	18554	95	
18433	0	44113	18549	95	
18434	0	44114	18548	95	
18435	0	44122	18552	95	
18436	0	44133	18558	95	
18437	0	44138	18564	95	
18438	0	44153	18569	95	
18439	0	44163	18578	95	
18440	0	44178	18579	95	
18441	0	44185	18592	95	
18442	0	44203	18601	95	
18443	0	44220	18616	95	
18444	0	44232	18623	95	
18445	0	44237	18629	95	
18446	0	44246	18639	95	
18447	0	44244	18638	95	
18448	0	44250	18642	95	
18449	0	44242	18636	95	
18450	0	44242	18636	95	
18451	0	44240	18633	95	
18452	0	44237	18622	95	
18453	0	44229	18617	95	
18454	0	44228	18613	95	
18455	0	44220	18610	95	
18456	0	44212	18606	95	
18457	0	44226	18606	95	
18458	0	44228	18606	95	
18459	0	44231	18612	95	
18460	0	44230	18610	95	
18461	0	44234	18617	95	
18462	0	44249	18623	95	
18463	0	44256	18627	95	
18464	0	44264	18631	95	
18465	0	44277	18637	95	
18466	0	44274	18642	95	
18467	0	44285	18645	95	
18468	0	44291	18654	95	
18469	0	44303	18656	95	
18470	0	44308	18663	95	
18471	0	44308	18664	95	
18472	0	44314	18671	95	
18473	0	44327	18676	95	
18474	0	44325	18679	95	
18475	0	44337	18684	95	
18476	0	44345	18687	95	
18477	0	44348	18690	95	
18478	0	44355	18694	95	
18479	0	44357	18694	95	
18480	0	44358	18699	95	
18481	0	44363	18702	95	
18482	0	44368	18702	95	
18483	0	44368	18705	95	
18484	0	44368	18710	95	
18485	0	44381	18712	95	
18486	0	44382	18715	95	
18487	0	44382	18716	95	
18488	0	44390	18724	95	
18489	0	44397	18728	95	
18490	0	44398	18727	95	
18491	0	44401	18731	95	
18492	0	44403	18732	95	
18493	0	44389	18725	95	
18494	0	44362	18709	95	
18495	0	44338	18687	95	
18496	0	44298	18655	95	
18497	0	44260	18630	95	
18498	0	44218	18598	95	
18499	0	44188	18576	95	
18500	0	44158	18552	95	
18501	0	44134	18539	95	
18502	0	44125	18533	95	
18503	0	44126	18529	95	
18504	0	44129	18529	95	
18505	0	44134	18529	95	
18506	0	44140	18537	95	
18507	0	44149	18543	95	
18508	0	44155	18546	95	
18509	0	44169	18553	95	
18510	0	44188	18567	95	
18511	0	44195	18577	95	
18512	0	44210	18582	95	
18513	0	44227	18597	95	
18514	0	44239	18605	95	
18515	0	44251	18615	95	
18516	0	44257	18617	95	
18517	0	44256	18624	95	
18518	0	44259	18623	95	
18519	0	44266	18626	95	
18520	0	44256	18621	95	
18521	0	44248	18623	95	
18522	0	44250	18617	95	
18523	0	44242	18614	95	
18524	0	44241	18610	95	
18525	0	44236	18607	95	
18526	0	44231	18605	95	
18527	0	44243	18609	95	
18528	0	44241	18606	95	
18529	0	44248	18614	95	
18530	0	44256	18613	95	
18531	0	44256	18612	95	
18532	0	44266	18621	95	
18533	0	44270	18626	95	
18534	0	44276	18632	95	
18535	0	44293	18639	95	
18536	0	44301	18645	95	
18537	0	44307	18651	95	
18538	0	44315	18656	95	
18539	0	44328	18666	95	
18540	0	44335	18668	95	
18541	0	44344	18676	95	
18542	0	44348	18683	95	
18543	0	44356	18684	95	
18544	0	44369	18689	95	
18545	0	44369	18697	95	
18546	0	44377	18701	95	
18547	0	44388	18702	95	
18548	0	44391	18710	95	
18549	0	44394	18713	95	
18550	0	44395	18718	95	
18551	0	44401	18716	95	
18552	0	44408	18723	95	
18553	0	44416	18728	95	
18554	0	44420	18731	95	
18555	0	44422	18732	95	
18556	0	44425	18735	95	
18557	0	44431	18740	95	
18558	0	44442	18745	95	
18559	0	44441	18752	95	
18560	0	44450	18748	95	
18561	0	44452	18758	95	
18562	0	44445	18755	95	
18563	0	44436	18747	95	
18564	0	44412	18730	95	
18565	0	44372	18706	95	
18566	0	44332	18673	95	
18567	0	44287	18637	95	
18568	0	44238	18612	95	
18569	0	44210	18581	95	
18570	0	44175	18556	95	
18571	0	44153	18540	95	
18572	0	44143	18531	95	
18573	0	44138	18522	95	
18574	0	44135	18522	95	
18575	0	44140	18521	95	
18576	0	44146	18528	95	
18577	0	44157	18534	95	
18578	0	44159	18537	95	
18579	0	44171	18544	95	
18580	0	44179	18551	95	
18581	0	44192	18556	95	
18582	0	44200	18564	95	
18583	0	44207	18572	95	
18584	0	44220	18579	95	
18585	0	44229	18587	95	
18586	0	44237	18595	95	
18587	0	44244	18592	95	
18588	0	44237	18597	95	
18589	0	44247	18595	95	
18590	0	44242	18597	95	
18591	0	44231	18591	95	
18592	0	44235	18593	95	
18593	0	44227	18586	95	
18594	0	44228	18586	95	
18595	0	44227	18584	95	
18596	0	44230	18585	95	
18597	0	44225	18581	95	
18598	0	44231	18585	95	
18599	0	44226	18583	95	
18600	0	44236	18587	95	
18601	0	44237	18589	95	
18602	0	44248	18594	95	
18603	0	44253	18601	95	
18604	0	44264	18608	95	
18605	0	44271	18612	95	
18606	0	44278	18620	95	
18607	0	44294	18625	95	
18608	0	44299	18633	95	
18609	0	44305	18637	95	
18610	0	44321	18644	95	
18611	0	44322	18648	95	
18612	0	44331	18652	95	
18613	0	44335	18659	95	
18614	0	44345	18664	95	
18615	0	44352	18664	95	
18616	0	44356	18671	95	
18617	0	44363	18674	95	
18618	0	44373	18676	95	
18619	0	44367	18675	95	
18620	0	44372	18679	95	
18621	0	44379	18676	95	
18622	0	44383	18681	95	
18623	0	44387	18685	95	
18624	0	44394	18688	95	
18625	0	44394	18688	95	
18626	0	44402	18694	95	
18627	0	44406	18697	95	
18628	0	44404	18699	95	
18629	0	44417	18701	95	
18630	0	44427	18703	95	
18631	0	44420	18706	95	
18632	0	44418	18705	95	
18633	0	44397	18693	95	
18634	0	44369	18676	95	
18635	0	44335	18650	95	
18636	0	44294	18614	95	
18637	0	44238	18581	95	
18638	0	44201	18552	95	
18639	0	44162	18519	95	
18640	0	44133	18498	95	
18641	0	44114	18482	95	
18642	0	44102	18471	95	
18643	0	44092	18469	95	
18644	0	44097	18464	95	
18645	0	44092	18466	95	
18646	0	44109	18471	95	
18647	0	44115	18474	95	
18648	0	44111	18481	95	
18649	0	44122	18486	95	
18650	0	44134	18492	95	
18651	0	44145	18496	95	
18652	0	44154	18503	95	
18653	0	44157	18510	95	
18654	0	44172	18515	95	
18655	0	44178	18520	95	
18656	0	44184	18525	95	
18657	0	44186	18524	95	
18658	0	44185	18527	95	
18659	0	44178	18523	95	
18660	0	44177	18524	95	
18661	0	44169	18517	95	
18662	0	44166	18518	95	
18663	0	44162	18512	95	
18664	0	44165	18509	95	
18665	0	44160	18509	95	
18666	0	44156	18509	95	
18667	0	44154	18510	95	
18668	0	44161	18513	95	
18669	0	44163	18511	95	
18670	0	44165	18516	95	
18671	0	44171	18517	95	
18672	0	44179	18520	95	
18673	0	44190	18523	95	
18674	0	44195	18528	95	
18675	0	44202	18534	95	
18676	0	44209	18544	95	
18677	0	44214	18549	95	
18678	0	44226	18557	95	
18679	0	44239	18564	95	
18680	0	44246	18565	95	
18681	0	44245	18570	95	
18682	0	44257	18573	95	
18683	0	44261	18578	95	
18684	0	44270	18583	95	
18685	0	44272	18590	95	
18686	0	44278	18590	95	
18687	0	44275	18594	95	
18688	0	44283	18597	95	
18689	0	44289	18598	95	
18690	0	44296	18604	95	
18691	0	44294	18605	95	
18692	0	44299	18607	95	
18693	0	44300	18611	95	
18694	0	44310	18619	95	
18695	0	44309	18622	95	
18696	0	44319	18627	95	
18697	0	44323	18632	95	
18698	0	44333	18638	95	
18699	0	44339	18643	95	
18700	0	44349	18645	95	
18701	0	44351	18649	95	
18702	0	44363	18653	95	
18703	0	44363	18657	95	
18704	0	44352	18645	95	
18705	0	44324	18630	95	
18706	0	44289	18608	95	
18707	0	44241	18574	95	
18708	0	44195	18536	95	
18709	0	44148	18503	95	
18710	0	44108	18471	95	
18711	0	44073	18443	95	
18712	0	44046	18425	95	
18713	0	44025	18410	95	
18714	0	44022	18407	95	
18715	0	44019	18405	95	
18716	0	44020	18400	95	
18717	0	44023	18406	95	
18718	0	44031	18411	95	
18719	0	44040	18415	95	
18720	0	44047	18415	95	
18721	0	44050	18418	95	
18722	0	44055	18420	95	
18723	0	44052	18426	95	
18724	0	44060	18432	95	
18725	0	44069	18440	95	
18726	0	44080	18449	95	
18727	0	44080	18451	95	
18728	0	44083	18455	95	
18729	0	44085	18456	95	
18730	0	44091	18455	95	
18731	0	44097	18457	95	
18732	0	44096	18455	95	
18733	0	44084	18454	95	
18734	0	44087	18453	95	
18735	0	44079	18449	95	
18736	0	44080	18444	95	
18737	0	44078	18446	95	
18738	0	44081	18443	95	
18739	0	44088	18447	95	
18740	0	44092	18451	95	
18741	0	44098	18457	95	
18742	0	44096	18456	95	
18743	0	44108	18464	95	
18744	0	44115	18464	95	
18745	0	44121	18475	95	
18746	0	44126	18482	95	
18747	0	44145	18489	95	
18748	0	44153	18495	95	
18749	0	44168	18497	95	
18750	0	44172	18504	95	
18751	0	44170	18508	95	
18752	0	44181	18511	95	
18753	0	44187	18519	95	
18754	0	44199	18523	95	
18755	0	44203	18530	95	
18756	0	44214	18529	95	
18757	0	44223	18539	95	
18758	0	44227	18542	95	
18759	0	44225	18546	95	
18760	0	44230	18549	95	
18761	0	44235	18551	95	
18762	0	44245	18557	95	
18763	0	44249	18560	95	
18764	0	44254	18563	95	
18765	0	44260	18565	95	
18766	0	44255	18566	95	
18767	0	44269	18569	95	
18768	0	44273	18569	95	
18769	0	44277	18574	95	
18770	0	44280	18577	95	
18771	0	44286	18580	95	
18772	0	44292	18584	95	
18773	0	44300	18588	95	
18774	0	44301	18598	95	
18775	0	44312	18599	95	
18776	0	44322	18603	95	
18777	0	44325	18610	95	
18778	0	44330	18617	95	
18779	0	44337	18622	95	
18780	0	44330	18621	95	
18781	0	44316	18612	95	
18782	0	44286	18595	95	
18783	0	44252	18564	95	
18784	0	44206	18534	95	
18785	0	44153	18496	95	
18786	0	44109	18460	95	
18787	0	44061	18425	95	
18788	0	44025	18402	95	
18789	0	44006	18385	95	
18790	0	43993	18372	95	
18791	0	43985	18362	95	
18792	0	43986	18363	95	
18793	0	43988	18363	95	
18794	0	43990	18364	95	
18795	0	43999	18371	95	
18796	0	44006	18379	95	
18797	0	44009	18383	95	
18798	0	44023	18388	95	
18799	0	44025	18390	95	
18800	0	44028	18396	95	
18801	0	44042	18404	95	
18802	0	44049	18409	95	
18803	0	44057	18413	95	
18804	0	44058	18416	95	
18805	0	44065	18425	95	
18806	0	44067	18423	95	
18807	0	44065	18423	95	
18808	0	44061	18421	95	
18809	0	44065	18418	95	
18810	0	44061	18413	95	
18811	0	44055	18415	95	
18812	0	44053	18416	95	
18813	0	44053	18412	95	
18814	0	44054	18411	95	
18815	0	44055	18411	95	
18816	0	44054	18415	95	
18817	0	44058	18414	95	
18818	0	44060	18418	95	
18819	0	44067	18426	95	
18820	0	44083	18428	95	
18821	0	44089	18433	95	
18822	0	44099	18440	95	
18823	0	44110	18449	95	
18824	0	44111	18455	95	
18825	0	44127	18460	95	
18826	0	44134	18466	95	
18827	0	44140	18471	95	
18828	0	44147	18479	95	
18829	0	44157	18486	95	
18830	0	44167	18492	95	
18831	0	44178	18498	95	
18832	0	44183	18502	95	
18833	0	44189	18509	95	
18834	0	44199	18514	95	
18835	0	44195	18516	95	
18836	0	44200	18517	95	
18837	0	44212	18523	95	
18838	0	44211	18528	95	
18839	0	44222	18530	95	
18840	0	44224	18536	95	
18841	0	44234	18536	95	
18842	0	44238	18541	95	
18843	0	44244	18547	95	
18844	0	44241	18549	95	
18845	0	44256	18550	95	
18846	0	44253	18556	95	
18847	0	44263	18560	95	
18848	0	44269	18559	95	
18849	0	44263	18563	95	
18850	0	44274	18568	95	
18851	0	44283	18572	95	
18852	0	44287	18578	95	
18853	0	44299	18586	95	
18854	0	44299	18592	95	
18855	0	44315	18594	95	
18856	0	44317	18600	95	
18857	0	44322	18607	95	
18858	0	44334	18610	95	
18859	0	44341	18616	95	
18860	0	44332	18617	95	
18861	0	44321	18614	95	
18862	0	44305	18600	95	
18863	0	44260	18572	95	
18864	0	44216	18532	95	
18865	0	44171	18498	95	
18866	0	44121	18465	95	
18867	0	44075	18430	95	
18868	0	44042	18406	95	
18869	0	44026	18390	95	
18870	0	44018	18376	95	
18871	0	44006	18374	95	
18872	0	44006	18372	95	
18873	0	44007	18372	95	
18874	0	44009	18374	95	
18875	0	44018	18379	95	
18876	0	44035	18386	95	
18877	0	44040	18391	95	
18878	0	44052	18397	95	
18879	0	44061	18405	95	
18880	0	44065	18412	95	
18881	0	44078	18422	95	
18882	0	44091	18428	95	
18883	0	44092	18436	95	
18884	0	44100	18442	95	
18885	0	44105	18446	96	
18886	0	44109	18448	96	
18887	0	44102	18447	96	
18888	0	44108	18446	96	
18889	0	44093	18442	96	
18890	0	44096	18439	96	
18891	0	44089	18438	96	
18892	0	44092	18435	96	
18893	0	44085	18434	96	
18894	0	44084	18433	96	
18895	0	44087	18433	96	
18896	0	44089	18433	96	
18897	0	44092	18434	96	
18898	0	44097	18439	96	
18899	0	44101	18444	96	
18900	0	44114	18451	96	
18901	0	44119	18455	96	
18902	0	44131	18465	96	
18903	0	44144	18472	96	
18904	0	44149	18482	96	
18905	0	44163	18487	96	
18906	0	44167	18496	96	
18907	0	44175	18504	96	
18908	0	44186	18513	96	
18909	0	44194	18518	96	
18910	0	44208	18517	96	
18911	0	44214	18530	96	
18912	0	44215	18535	96	
18913	0	44221	18536	96	
18914	0	44226	18544	96	
18915	0	44234	18548	96	
18916	0	44243	18549	96	
18917	0	44244	18554	96	
18918	0	44254	18560	96	
18919	0	44250	18562	96	
18920	0	44254	18565	96	
18921	0	44264	18566	96	
18922	0	44257	18571	96	
18923	0	44271	18576	96	
18924	0	44272	18577	96	
18925	0	44267	18577	96	
18926	0	44273	18582	96	
18927	0	44283	18587	96	
18928	0	44284	18591	96	
18929	0	44286	18594	96	
18930	0	44300	18603	96	
18931	0	44302	18601	96	
18932	0	44305	18608	96	
18933	0	44320	18614	96	
18934	0	44326	18624	96	
18935	0	44340	18630	96	
18936	0	44344	18634	96	
18937	0	44349	18637	96	
18938	0	44357	18645	96	
18939	0	44358	18647	96	
18940	0	44350	18645	96	
18941	0	44320	18630	96	
18942	0	44296	18606	96	
18943	0	44244	18573	96	
18944	0	44207	18542	96	
18945	0	44158	18507	96	
18946	0	44113	18474	96	
18947	0	44080	18449	96	
18948	0	44056	18425	96	
18949	0	44042	18417	96	
18950	0	44031	18407	96	
18951	0	44031	18401	96	
18952	0	44027	18401	96	
18953	0	44039	18408	96	
18954	0	44054	18416	96	
18955	0	44056	18422	96	
18956	0	44072	18433	96	
18957	0	44086	18443	96	
18958	0	44092	18447	96	
18959	0	44111	18458	96	
18960	0	44116	18467	96	
18961	0	44128	18478	96	
18962	0	44146	18486	96	
18963	0	44156	18493	96	
18964	0	44154	18496	96	
18965	0	44158	18499	96	
18966	0	44150	18496	96	
18967	0	44151	18491	96	
18968	0	44140	18490	96	
18969	0	44135	18480	96	
18970	0	44123	18478	96	
18971	0	44120	18471	96	
18972	0	44120	18468	96	
18973	0	44113	18464	96	
18974	0	44112	18464	96	
18975	0	44116	18462	96	
18976	0	44114	18462	96	
18977	0	44124	18466	96	
18978	0	44134	18473	96	
18979	0	44142	18479	96	
18980	0	44141	18484	96	
18981	0	44147	18489	96	
18982	0	44161	18493	96	
18983	0	44168	18498	96	
18984	0	44170	18507	96	
18985	0	44185	18514	96	
18986	0	44189	18521	96	
18987	0	44195	18525	96	
18988	0	44204	18534	96	
18989	0	44221	18535	96	
18990	0	44222	18542	96	
18991	0	44229	18546	96	
18992	0	44233	18552	96	
18993	0	44242	18550	96	
18994	0	44244	18557	96	
18995	0	44240	18557	96	
18996	0	44246	18559	96	
18997	0	44251	18562	96	
18998	0	44257	18562	96	
18999	0	44251	18563	96	
19000	0	44265	18569	96	
19001	0	44268	18572	96	
19002	0	44269	18574	96	
19003	0	44271	18580	96	
19004	0	44276	18581	96	
19005	0	44278	18581	96	
19006	0	44290	18587	96	
19007	0	44293	18588	96	
19008	0	44302	18592	96	
19009	0	44306	18600	96	
19010	0	44316	18604	96	
19011	0	44317	18605	96	
19012	0	44315	18609	96	
19013	0	44310	18609	96	
19014	0	44295	18600	96	
19015	0	44274	18586	96	
19016	0	44240	18555	96	
19017	0	44192	18528	96	
19018	0	44149	18490	96	
19019	0	44097	18456	96	
19020	0	44069	18433	96	
19021	0	44032	18407	96	
19022	0	44017	18394	96	
19023	0	44006	18384	96	
19024	0	43994	18381	96	
19025	0	44003	18381	96	
19026	0	44005	18383	96	
19027	0	44019	18391	96	
19028	0	44023	18395	96	
19029	0	44035	18401	96	
19030	0	44045	18410	96	
19031	0	44054	18423	96	
19032	0	44066	18431	96	
19033	0	44071	18441	96	
19034	0	44090	18450	96	
19035	0	44100	18465	96	
19036	0	44108	18471	96	
19037	0	44114	18479	96	
19038	0	44126	18480	96	
19039	0	44124	18482	96	
19040	0	44120	18477	96	
19041	0	44110	18479	96	
19042	0	44108	18473	96	
19043	0	44104	18474	96	
19044	0	44092	18464	96	
19045	0	44096	18468	96	
19046	0	44082	18463	96	
19047	0	44088	18461	96	
19048	0	44086	18462	96	
19049	0	44090	18466	96	
19050	0	44097	18469	96	
19051	0	44103	18474	96	
19052	0	44112	18479	96	
19053	0	44122	18487	96	
19054	0	44131	18493	96	
19055	0	44140	18500	96	
19056	0	44149	18506	96	
19057	0	44160	18515	96	
19058	0	44169	18524	96	
19059	0	44176	18532	96	
19060	0	44185	18541	96	
19061	0	44194	18550	96	
19062	0	44211	18551	96	
19063	0	44215	18557	96	
19064	0	44220	18564	96	
19065	0	44226	18566	96	
19066	0	44228	18569	96	
19067	0	44241	18578	96	
19068	0	44243	18582	96	
19069	0	44248	18585	96	
19070	0	44252	18589	96	
19071	0	44261	18590	96	
19072	0	44264	18597	96	
19073	0	44272	18600	96	
19074	0	44279	18601	96	
19075	0	44282	18607	96	
19076	0	44282	18604	96	
19077	0	44296	18616	96	
19078	0	44293	18617	96	
19079	0	44300	18623	96	
19080	0	44309	18628	96	
19081	0	44314	18628	96	
19082	0	44324	18635	96	
19083	0	44326	18639	96	
19084	0	44327	18644	96	
19085	0	44325	18638	96	
19086	0	44298	18629	96	
19087	0	44272	18602	96	
19088	0	44222	18570	96	
19089	0	44175	18535	96	
19090	0	44117	18498	96	
19091	0	44070	18458	96	
19092	0	44031	18430	96	
19093	0	43998	18405	96	
19094	0	43982	18387	96	
19095	0	43967	18378	96	
19096	0	43959	18374	96	
19097	0	43966	18370	96	
19098	0	43968	18371	96	
19099	0	43974	18378	96	
19100	0	43986	18383	96	
19101	0	43989	18386	96	
19102	0	43994	18398	96	
19103	0	44005	18400	96	
19104	0	44008	18405	96	
19105	0	44018	18407	96	
19106	0	44028	18420	96	
19107	0	44037	18429	96	
19108	0	44047	18434	96	
19109	0	44056	18441	96	
19110	0	44057	18445	96	
19111	0	44065	18444	96	
19112	0	44057	18449	96	
19113	0	44056	18448	96	
19114	0	44049	18448	96	
19115	0	44052	18443	96	
19116	0	44041	18437	96	
19117	0	44042	18438	96	
19118	0	44044	18434	96	
19119	0	44042	18436	96	
19120	0	44040	18434	96	
19121	0	44039	18435	96	
19122	0	44043	18438	96	
19123	0	44054	18440	96	
19124	0	44059	18448	96	
19125	0	44066	18454	96	
19126	0	44079	18458	96	
19127	0	44086	18469	96	
19128	0	44100	18476	96	
19129	0	44110	18485	96	
19130	0	44121	18492	96	
19131	0	44136	18493	96	
19132	0	44148	18500	96	
19133	0	44148	18506	96	
19134	0	44146	18510	96	
19135	0	44162	18518	96	
19136	0	44158	18516	96	
19137	0	44168	18529	96	
19138	0	44167	18531	96	
19139	0	44172	18530	96	
19140	0	44179	18538	96	
19141	0	44184	18541	96	
19142	0	44182	18541	96	
19143	0	44187	18541	96	
19144	0	44184	18541	96	
19145	0	44187	18544	96	
19146	0	44186	18551	96	
19147	0	44201	18555	96	
19148	0	44207	18560	96	
19149	0	44215	18563	96	
19150	0	44217	18569	96	
19151	0	44226	18576	96	
19152	0	44237	18579	96	
19153	0	44247	18582	96	
19154	0	44254	18588	96	
19155	0	44267	18593	96	
19156	0	44270	18597	96	
19157	0	44257	18591	96	
19158	0	44241	18583	96	
19159	0	44213	18565	96	
19160	0	44172	18538	96	
19161	0	44123	18499	96	
19162	0	44073	18464	96	
19163	0	44024	18420	96	
19164	0	43972	18389	96	
19165	0	43937	18362	96	
19166	0	43917	18345	96	
19167	0	43902	18338	96	
19168	0	43899	18329	96	
19169	0	43899	18326	96	
19170	0	43899	18327	96	
19171	0	43910	18331	96	
19172	0	43915	18336	96	
19173	0	43927	18346	96	
19174	0	43925	18352	96	
19175	0	43938	18364	96	
19176	0	43946	18368	96	
19177	0	43962	18378	96	
19178	0	43965	18386	96	
19179	0	43982	18392	96	
19180	0	43989	18401	96	
19181	0	43996	18413	96	
19182	0	44008	18412	96	
19183	0	44014	18425	96	
19184	0	44017	18424	96	
19185	0	44022	18423	96	
19186	0	44012	18426	96	
19187	0	44009	18424	96	
19188	0	44010	18422	96	
19189	0	44000	18420	96	
19190	0	44003	18418	96	
19191	0	44005	18418	96	
19192	0	44004	18422	96	
19193	0	44002	18420	96	
19194	0	44013	18428	96	
19195	0	44016	18427	96	
19196	0	44027	18434	96	
19197	0	44030	18438	96	
19198	0	44034	18447	96	
19199	0	44048	18454	96	
19200	0	44059	18459	96	
19201	0	44068	18470	96	
19202	0	44079	18477	96	
19203	0	44090	18485	96	
19204	0	44105	18492	96	
19205	0	44107	18500	96	
19206	0	44116	18503	96	
19207	0	44122	18511	96	
19208	0	44135	18517	96	
19209	0	44145	18522	96	
19210	0	44150	18525	96	
19211	0	44159	18535	96	
19212	0	44161	18538	96	
19213	0	44171	18537	96	
19214	0	44171	18542	96	
19215	0	44181	18550	96	
19216	0	44188	18555	96	
19217	0	44186	18554	96	
19218	0	44193	18561	96	
19219	0	44200	18564	96	
19220	0	44204	18563	96	
19221	0	44205	18569	96	
19222	0	44214	18574	96	
19223	0	44222	18581	96	
19224	0	44224	18582	96	
19225	0	44236	18587	96	
19226	0	44238	18596	96	
19227	0	44246	18600	96	
19228	0	44261	18607	96	
19229	0	44266	18610	96	
19230	0	44257	18619	96	
19231	0	44262	18620	96	
19232	0	44254	18613	96	
19233	0	44226	18597	96	
19234	0	44195	18572	96	
19235	0	44143	18540	96	
19236	0	44099	18497	96	
19237	0	44053	18459	96	
19238	0	44004	18422	96	
19239	0	43966	18397	96	
19240	0	43939	18379	96	
19241	0	43925	18369	96	
19242	0	43921	18360	96	
19243	0	43917	18356	96	
19244	0	43923	18360	96	
19245	0	43930	18362	96	
19246	0	43937	18366	96	
19247	0	43943	18375	96	
19248	0	43949	18379	96	
19249	0	43961	18388	96	
19250	0	43975	18395	96	
19251	0	43985	18404	96	
19252	0	43991	18410	96	
19253	0	44004	18416	96	
19254	0	44008	18423	96	
19255	0	44015	18430	96	
19256	0	44027	18434	96	
19257	0	44023	18437	96	
19258	0	44027	18430	96	
19259	0	44019	18429	96	
19260	0	44011	18424	96	
19261	0	44000	18421	96	
19262	0	44002	18415	96	
19263	0	43998	18411	96	
19264	0	43987	18407	96	
19265	0	43990	18404	96	
19266	0	43992	18404	96	
19267	0	43986	18405	96	
19268	0	43992	18409	96	
19269	0	44000	18411	96	
19270	0	44008	18415	96	
19271	0	44017	18420	96	
19272	0	44019	18424	96	
19273	0	44029	18430	96	
19274	0	44038	18438	96	
19275	0	44044	18444	96	
19276	0	44057	18450	96	
19277	0	44061	18456	96	
19278	0	44076	18468	96	
19279	0	44084	18470	96	
19280	0	44089	18478	96	
19281	0	44093	18481	96	
19282	0	44104	18483	96	
19283	0	44111	18485	96	
19284	0	44107	18495	96	
19285	0	44118	18494	96	
19286	0	44119	18497	96	
19287	0	44132	18502	96	
19288	0	44142	18502	96	
19289	0	44139	18505	96	
19290	0	44142	18506	96	
19291	0	44145	18505	96	
19292	0	44152	18510	96	
19293	0	44156	18516	96	
19294	0	44161	18514	96	
19295	0	44164	18519	96	
19296	0	44165	18522	96	
19297	0	44173	18525	96	
19298	0	44177	18526	96	
19299	0	44183	18533	96	
19300	0	44183	18537	96	
19301	0	44177	18537	96	
19302	0	44167	18533	96	
19303	0	44148	18516	96	
19304	0	44108	18491	96	
19305	0	44063	18457	96	
19306	0	44019	18423	96	
19307	0	43974	18389	96	
19308	0	43930	18358	96	
19309	0	43901	18334	96	
19310	0	43885	18319	96	
19311	0	43867	18309	96	
19312	0	43865	18301	96	
19313	0	43867	18302	96	
19314	0	43866	18303	96	
19315	0	43868	18309	96	
19316	0	43885	18313	96	
19317	0	43894	18317	96	
19318	0	43899	18331	96	
19319	0	43914	18336	96	
19320	0	43924	18346	96	
19321	0	43937	18352	96	
19322	0	43941	18361	96	
19323	0	43950	18373	96	
19324	0	43962	18379	96	
19325	0	43967	18382	96	
19326	0	43970	18390	96	
19327	0	43971	18392	96	
19328	0	43975	18392	96	
19329	0	43970	18388	96	
19330	0	43967	18388	96	
19331	0	43960	18381	96	
19332	0	43949	18378	96	
19333	0	43942	18369	96	
19334	0	43940	18370	96	
19335	0	43943	18368	96	
19336	0	43945	18371	96	
19337	0	43950	18375	96	
19338	0	43960	18375	96	
19339	0	43966	18382	96	
19340	0	43969	18391	96	
19341	0	43976	18394	96	
19342	0	43990	18402	96	
19343	0	43998	18406	96	
19344	0	44006	18413	96	
19345	0	44020	18426	96	
19346	0	44031	18427	96	
19347	0	44041	18434	96	
19348	0	44046	18439	96	
19349	0	44052	18443	96	
